"D:/Pliki program?w (x86)/hooy/ProjectMegaSample/ProjectMegaSample/ProjectMegaSample.uproject" 1
"../../../Engine/Plugins/AudioGameplay/AudioGameplay.uplugin" 2
"../../../Engine/Plugins/ChaosClothAssetEditor/ChaosClothAssetEditor.uplugin" 3
"../../../Engine/Plugins/AudioInsights/AudioInsights.uplugin" 4
"../../../Engine/Plugins/Chooser/Chooser.uplugin" 5
"../../../Engine/Plugins/ChaosVD/ChaosVD.uplugin" 6
"../../../Engine/Plugins/CmdLinkServer/CmdLinkServer.uplugin" 7
"../../../Engine/Plugins/Bridge/Bridge.uplugin" 8
"../../../Engine/Plugins/DiscoveryBeaconReceiver/DiscoveryBeaconReceiver.uplugin" 9
"../../../Engine/Plugins/AudioGameplayVolume/AudioGameplayVolume.uplugin" 10
"../../../Engine/Plugins/ChaosCloth/ChaosCloth.uplugin" 11
"../../../Engine/Plugins/EnhancedInput/EnhancedInput.uplugin" 12
"../../../Engine/Plugins/Fab/Fab.uplugin" 13
"../../../Engine/Plugins/FastBuildController/FastBuildController.uplugin" 14
"../../../Engine/Plugins/JsonBlueprintUtilities/JsonBlueprintUtilities.uplugin" 15
"../../../Engine/Plugins/MassInsights/MassInsights.uplugin" 16
"../../../Engine/Plugins/IoStoreInsights/IoStoreInsights.uplugin" 17
"../../../Engine/Plugins/ChaosInsights/ChaosInsights.uplugin" 18
"../../../Engine/Plugins/Mutable/Mutable.uplugin" 19
"../../../Engine/Plugins/PCG/PCG.uplugin" 20
"../../../Engine/Plugins/BlueprintFileUtils/BlueprintFileUtils.uplugin" 21
"../../../Engine/Plugins/ScriptPlugin/ScriptPlugin.uplugin" 22
"../../../Engine/Plugins/RenderGraphInsights/RenderGraphInsights.uplugin" 23
"../../../Engine/Plugins/MemoryUsageQueries/MemoryUsageQueries.uplugin" 24
"../../../Engine/Plugins/TraceUtilities/TraceUtilities.uplugin" 25
"../../../Engine/Plugins/XGEController/XGEController.uplugin" 26
"../../../Engine/Plugins/MeshPainting/MeshPainting.uplugin" 27
"../../../Engine/Plugins/ChaosClothAsset/ChaosClothAsset.uplugin" 28
"../../../Engine/Plugins/TextureGraph/TextureGraph.uplugin" 29
"../../../Engine/Plugins/WorldMetrics/WorldMetrics.uplugin" 30
"../../../Engine/Plugins/Cameras/EngineCameras/EngineCameras.uplugin" 31
"../../../Engine/Plugins/Cameras/GameplayCameras/GameplayCameras.uplugin" 32
"../../../Engine/Plugins/Compression/OodleNetwork/OodleNetwork.uplugin" 33
"../../../Engine/Plugins/Developer/AnimationSharing/AnimationSharing.uplugin" 34
"../../../Engine/Plugins/Developer/BlankPlugin/BlankPlugin.uplugin" 35
"../../../Engine/Plugins/Developer/CLionSourceCodeAccess/CLionSourceCodeAccess.uplugin" 36
"../../../Engine/Plugins/Cameras/CameraShakePreviewer/CameraShakePreviewer.uplugin" 37
"../../../Engine/Plugins/Developer/DirectoryPlaceholder/DirectoryPlaceholder.uplugin" 38
"../../../Engine/Plugins/Developer/CodeLiteSourceCodeAccess/CodeLiteSourceCodeAccess.uplugin" 39
"../../../Engine/Plugins/Developer/DumpGPUServices/DumpGPUServices.uplugin" 40
"../../../Engine/Plugins/Developer/FieldNotificationTrace/FieldNotificationTrace.uplugin" 41
"../../../Engine/Plugins/Developer/KDevelopSourceCodeAccess/KDevelopSourceCodeAccess.uplugin" 42
"../../../Engine/Plugins/Developer/N10XSourceCodeAccess/N10XSourceCodeAccess.uplugin" 43
"../../../Engine/Plugins/Developer/NamingTokens/NamingTokens.uplugin" 44
"../../../Engine/Plugins/Developer/NullSourceCodeAccess/NullSourceCodeAccess.uplugin" 45
"../../../Engine/Plugins/Developer/PerforceSourceControl/PerforceSourceControl.uplugin" 46
"../../../Engine/Plugins/Developer/OneSkyLocalizationService/OneSkyLocalizationService.uplugin" 47
"../../../Engine/Plugins/Developer/PlasticSourceControl/PlasticSourceControl.uplugin" 48
"../../../Engine/Plugins/Developer/PluginUtils/PluginUtils.uplugin" 49
"../../../Engine/Plugins/Developer/PixWinPlugin/PixWinPlugin.uplugin" 50
"../../../Engine/Plugins/Developer/PropertyAccessNode/PropertyAccessNode.uplugin" 51
"../../../Engine/Plugins/Developer/ProjectLauncher/ProjectLauncher.uplugin" 52
"../../../Engine/Plugins/Developer/RiderSourceCodeAccess/RiderSourceCodeAccess.uplugin" 53
"../../../Engine/Plugins/Developer/RenderDocPlugin/RenderDocPlugin.uplugin" 54
"../../../Engine/Plugins/Developer/SubversionSourceControl/SubversionSourceControl.uplugin" 55
"../../../Engine/Plugins/Developer/XcodeGPUDebuggerPlugin/XcodeGPUDebuggerPlugin.uplugin" 56
"../../../Engine/Plugins/Developer/TextureFormatOodle/TextureFormatOodle.uplugin" 57
"../../../Engine/Plugins/Developer/XCodeSourceCodeAccess/XCodeSourceCodeAccess.uplugin" 58
"../../../Engine/Plugins/Experimental/ActorPalette/ActorPalette.uplugin" 59
"../../../Engine/Plugins/Experimental/AbilitySystemGameFeatureActions/AbilitySystemGameFeatureActions.uplugin" 60
"../../../Engine/Plugins/LightWeightInstancesEditor/LightWeightInstancesEditor.uplugin" 61
"../../../Engine/Plugins/Developer/GitSourceControl/GitSourceControl.uplugin" 62
"../../../Engine/Plugins/Experimental/AdvancedRenamer/AdvancedRenamer.uplugin" 63
"../../../Engine/Plugins/Developer/TraceSourceFiltering/TraceSourceFilters.uplugin" 64
"../../../Engine/Plugins/Experimental/AnimNext/AnimNext.uplugin" 65
"../../../Engine/Plugins/Developer/UObjectPlugin/UObjectPlugin.uplugin" 66
"../../../Engine/Plugins/Experimental/AnimNextAnimGraph/AnimNextAnimGraph.uplugin" 67
"../../../Engine/Plugins/Developer/VisualStudioCodeSourceCodeAccess/VisualStudioCodeSourceCodeAccess.uplugin" 68
"../../../Engine/Plugins/Experimental/AnimNextControlRig/AnimNextControlRig.uplugin" 69
"../../../Engine/Plugins/Experimental/AnimNextPoseSearch/AnimNextPoseSearch.uplugin" 70
"../../../Engine/Plugins/Experimental/AnimNextStateTree/AnimNextStateTree.uplugin" 71
"../../../Engine/Plugins/Experimental/AnimNextWarping/AnimNextWarping.uplugin" 72
"../../../Engine/Plugins/Experimental/AnimToTexture/AnimToTexture.uplugin" 73
"../../../Engine/Plugins/UbaController/UbaController.uplugin" 74
"../../../Engine/Plugins/Experimental/AsyncMessageSystem/AsyncMessageSystem.uplugin" 75
"../../../Engine/Plugins/Experimental/AutomationUtils/AutomationUtils.uplugin" 76
"../../../Engine/Plugins/Experimental/AsyncMessageSystemTests/AsyncMessageSystemTests.uplugin" 77
"../../../Engine/Plugins/Experimental/AvalancheDisplayCluster/AvalancheDisplayCluster.uplugin" 78
"../../../Engine/Plugins/Experimental/AvalancheSequenceNavigator/AvalancheSequenceNavigator.uplugin" 79
"../../../Engine/Plugins/Experimental/AvalancheSceneState/AvalancheSceneState.uplugin" 80
"../../../Engine/Plugins/Experimental/AvalancheDataLink/AvalancheDataLink.uplugin" 81
"../../../Engine/Plugins/Experimental/BackChannel/BackChannel.uplugin" 82
"../../../Engine/Plugins/Experimental/BlueprintStats/BlueprintStats.uplugin" 83
"../../../Engine/Plugins/Experimental/Buoyancy/Buoyancy.uplugin" 84
"../../../Engine/Plugins/Experimental/CelestialVault/CelestialVault.uplugin" 85
"../../../Engine/Plugins/Experimental/ChaosCachingUSD/ChaosCachingUSD.uplugin" 86
"../../../Engine/Plugins/Experimental/ChaosCaching/ChaosCaching.uplugin" 87
"../../../Engine/Plugins/Experimental/ChaosClothEditor/ChaosClothEditor.uplugin" 88
"../../../Engine/Plugins/Experimental/ChaosEditor/ChaosEditor.uplugin" 89
"../../../Engine/Plugins/Experimental/ChaosModularVehicle/ChaosModularVehicle.uplugin" 90
"../../../Engine/Plugins/Experimental/ChaosFlesh/ChaosFlesh.uplugin" 91
"../../../Engine/Plugins/Experimental/ChaosModularVehicleExamples/ChaosModularVehicleExamples.uplugin" 92
"../../../Engine/Plugins/Experimental/ChaosMover/ChaosMover.uplugin" 93
"../../../Engine/Plugins/Developer/VisualStudioSourceCodeAccess/VisualStudioSourceCodeAccess.uplugin" 94
"../../../Engine/Plugins/Experimental/ChaosSolverPlugin/ChaosSolverPlugin.uplugin" 95
"../../../Engine/Plugins/Experimental/AnimNextChooser/AnimNextChooser.uplugin" 96
"../../../Engine/Plugins/Experimental/ChaosNiagara/ChaosNiagara.uplugin" 97
"../../../Engine/Plugins/Experimental/ChaosVehiclesPlugin/ChaosVehiclesPlugin.uplugin" 98
"../../../Engine/Plugins/Experimental/CharacterAI/CharacterAI.uplugin" 99
"../../../Engine/Plugins/Experimental/CineCameraRigs/CineCameraRigs.uplugin" 100
"../../../Engine/Plugins/Experimental/CinematicPrestreaming/CinematicPrestreaming.uplugin" 101
"../../../Engine/Plugins/Experimental/CodeEditor/CodeEditor.uplugin" 102
"../../../Engine/Plugins/Experimental/CineCameraSceneCapture/CineCameraSceneCapture.uplugin" 103
"../../../Engine/Plugins/Experimental/ColorCorrectRegions/ColorCorrectRegions.uplugin" 104
"../../../Engine/Plugins/Experimental/CommonConversation/CommonConversation.uplugin" 105
"../../../Engine/Plugins/Experimental/DataLink/DataLink.uplugin" 106
"../../../Engine/Plugins/Experimental/DataLinkOAuth/DataLinkOAuth.uplugin" 107
"../../../Engine/Plugins/Experimental/DaySequence/DaySequence.uplugin" 108
"../../../Engine/Plugins/Experimental/DefaultInstallBundleManager/DefaultInstallBundleManager.uplugin" 109
"../../../Engine/Plugins/Experimental/EditorDataStorage/EditorDataStorage.uplugin" 110
"../../../Engine/Plugins/Experimental/ControlFlows/ControlFlows.uplugin" 111
"../../../Engine/Plugins/Experimental/ChaosUserDataPT/ChaosUserDataPT.uplugin" 112
"../../../Engine/Plugins/Experimental/ChaosOutfitAsset/ChaosOutfitAsset.uplugin" 113
"../../../Engine/Plugins/Experimental/EditorDataStorageFeatures/EditorDataStorageFeatures.uplugin" 114
"../../../Engine/Plugins/Experimental/DynamicMaterialMediaStreamBridge/DynamicMaterialMediaStreamBridge.uplugin" 115
"../../../Engine/Plugins/Experimental/Dataflow/Dataflow.uplugin" 116
"../../../Engine/Plugins/Experimental/CodeView/CodeView.uplugin" 117
"../../../Engine/Plugins/Developer/TraceDataFiltering/TraceDataFilters.uplugin" 118
"../../../Engine/Plugins/Experimental/EditorTelemetry/EditorTelemetry.uplugin" 119
"../../../Engine/Plugins/Experimental/EditorPerformance/EditorPerformance.uplugin" 120
"../../../Engine/Plugins/Experimental/BlueprintSnapNodes/BlueprintSnapNodes.uplugin" 121
"../../../Engine/Plugins/Experimental/FastGeoStreaming/FastGeoStreaming.uplugin" 122
"../../../Engine/Plugins/Experimental/EvaluationNotifies/EvaluationNotifies.uplugin" 123
"../../../Engine/Plugins/Experimental/FieldSystemPlugin/FieldSystemPlugin.uplugin" 124
"../../../Engine/Plugins/Experimental/Fracture/Fracture.uplugin" 125
"../../../Engine/Plugins/Experimental/FullBodyIK/FullBodyIK.uplugin" 126
"../../../Engine/Plugins/Experimental/GameInputWindows/GameInputWindows.uplugin" 127
"../../../Engine/Plugins/Experimental/Gauntlet/Gauntlet.uplugin" 128
"../../../Engine/Plugins/Experimental/GameplayTargetingSystem/TargetingSystem.uplugin" 129
"../../../Engine/Plugins/Experimental/GeometryCollectionPlugin/GeometryCollectionPlugin.uplugin" 130
"../../../Engine/Plugins/Experimental/GeometryDataflow/GeometryDataflow.uplugin" 131
"../../../Engine/Plugins/Experimental/GizmoEdMode/GizmoEdMode.uplugin" 132
"../../../Engine/Plugins/Experimental/GameplayGraph/GameplayGraph.uplugin" 133
"../../../Engine/Plugins/Experimental/GeometryCacheAbcFile/GeometryCacheAbcFile.uplugin" 134
"../../../Engine/Plugins/Experimental/GizmoFramework/GizmoFramework.uplugin" 135
"../../../Engine/Plugins/Experimental/GeometryFlow/GeometryFlow.uplugin" 136
"../../../Engine/Plugins/Experimental/GPULightmass/GPULightmass.uplugin" 137
"../../../Engine/Plugins/Experimental/HairModelingToolset/HairModelingToolset.uplugin" 138
"../../../Engine/Plugins/Experimental/HairCardGenerator/HairCardGenerator.uplugin" 139
"../../../Engine/Plugins/Experimental/ImageWidgets/ImageWidgets.uplugin" 140
"../../../Engine/Plugins/Experimental/ImagePlate/ImagePlate.uplugin" 141
"../../../Engine/Plugins/Experimental/FloatingProperties/FloatingProperties.uplugin" 142
"../../../Engine/Plugins/Experimental/InlineMaterialInstance/InlineMaterialInstance.uplugin" 143
"../../../Engine/Plugins/Experimental/ImpostorBaker/ImpostorBaker.uplugin" 144
"../../../Engine/Plugins/Experimental/GeometryCacheLevelSequenceBaker/GeometryCacheLevelSequenceBaker.uplugin" 145
"../../../Engine/Plugins/Experimental/InstanceDataObjectFixupTool/InstanceDataObjectFixupTool.uplugin" 146
"../../../Engine/Plugins/Experimental/GameplayBehaviors/GameplayBehaviors.uplugin" 147
"../../../Engine/Plugins/Experimental/InteractionInterface/InteractionInterface.uplugin" 148
"../../../Engine/Plugins/Experimental/Landmass/Landmass.uplugin" 149
"../../../Engine/Plugins/Experimental/Iris/Iris.uplugin" 150
"../../../Engine/Plugins/Experimental/JWT/JWT.uplugin" 151
"../../../Engine/Plugins/Experimental/LevelSequenceNavigatorBridge/LevelSequenceNavigatorBridge.uplugin" 152
"../../../Engine/Plugins/Experimental/LandscapePatch/LandscapePatch.uplugin" 153
"../../../Engine/Plugins/Experimental/LiveLinkControlRig/LiveLinkControlRig.uplugin" 154
"../../../Engine/Plugins/Experimental/LiveLinkOpenVR/LiveLinkOpenVR.uplugin" 155
"../../../Engine/Plugins/Experimental/LearningAgents/LearningAgents.uplugin" 156
"../../../Engine/Plugins/Experimental/LocalizableMessage/LocalizableMessage.uplugin" 157
"../../../Engine/Plugins/Experimental/MediaViewer/MediaViewer.uplugin" 158
"../../../Engine/Plugins/Experimental/LowLevelNetTrace/LowLevelNetTrace.uplugin" 159
"../../../Engine/Plugins/Experimental/MeshModelingToolsetExp/MeshModelingToolsetExp.uplugin" 160
"../../../Engine/Plugins/Experimental/MetasoundExperimental/MetasoundExperimental.uplugin" 161
"../../../Engine/Plugins/Experimental/MeshResizing/MeshResizing.uplugin" 162
"../../../Engine/Plugins/Experimental/MLflow/MLflow.uplugin" 163
"../../../Engine/Plugins/Experimental/MotoSynth/MotoSynth.uplugin" 164
"../../../Engine/Plugins/Experimental/MotorSimOutputMotoSynth/MotorSimOutputMotoSynth.uplugin" 165
"../../../Engine/Plugins/Experimental/MediaStream/MediaStream.uplugin" 166
"../../../Engine/Plugins/Experimental/LiveLinkFaceImporter/LiveLinkFaceImporter.uplugin" 167
"../../../Engine/Plugins/Experimental/MoverExamples/MoverExamples.uplugin" 168
"../../../Engine/Plugins/Experimental/MoverIntegrations/MoverIntegrations.uplugin" 169
"../../../Engine/Plugins/Experimental/MoverAnimNext/MoverAnimNext.uplugin" 170
"../../../Engine/Plugins/Experimental/Mover/Mover.uplugin" 171
"../../../Engine/Plugins/Experimental/MoverTests/MoverTests.uplugin" 172
"../../../Engine/Plugins/Experimental/MovieScenePoseSearchTracks/MovieScenePoseSearchTracks.uplugin" 173
"../../../Engine/Plugins/Experimental/MutableClothing/MutableClothing.uplugin" 174
"../../../Engine/Plugins/Experimental/MovieSceneAnimMixer/MovieSceneAnimMixer.uplugin" 175
"../../../Engine/Plugins/Experimental/MutablePopulation/MutablePopulation.uplugin" 176
"../../../Engine/Plugins/Experimental/NeuralRendering/NeuralRendering.uplugin" 177
"../../../Engine/Plugins/Experimental/NFORDenoise/NFORDenoise.uplugin" 178
"../../../Engine/Plugins/Experimental/HairStrandsMutable/HairStrandsMutable.uplugin" 179
"../../../Engine/Plugins/Experimental/NNERuntimeIREE/NNERuntimeIREE.uplugin" 180
"../../../Engine/Plugins/Experimental/NNERuntimeCoreML/NNERuntimeCoreML.uplugin" 181
"../../../Engine/Plugins/Experimental/NaniteDisplacedMesh/NaniteDisplacedMesh.uplugin" 182
"../../../Engine/Plugins/Experimental/OptiXDenoise/OptiXDenoise.uplugin" 183
"../../../Engine/Plugins/Experimental/NNERuntimeRDG/NNERuntimeRDG.uplugin" 184
"../../../Engine/Plugins/Experimental/PCGBiomeCore/PCGBiomeCore.uplugin" 185
"../../../Engine/Plugins/Experimental/PCGBiomeSample/PCGBiomeSample.uplugin" 186
"../../../Engine/Plugins/Experimental/PanoramicCapture/PanoramicCapture.uplugin" 187
"../../../Engine/Plugins/Experimental/PixelStreamingPlayer/PixelStreamingPlayer.uplugin" 188
"../../../Engine/Plugins/Experimental/PlainProps/PlainProps.uplugin" 189
"../../../Engine/Plugins/Experimental/PhysicsControl/PhysicsControl.uplugin" 190
"../../../Engine/Plugins/Experimental/PlanarCutPlugin/PlanarCut.uplugin" 191
"../../../Engine/Plugins/Experimental/PlatformCrypto/PlatformCrypto.uplugin" 192
"../../../Engine/Plugins/Experimental/PlainPropsUObject/PlainPropsUObject.uplugin" 193
"../../../Engine/Plugins/Experimental/OpenImageDenoise/OpenImageDenoise.uplugin" 194
"../../../Engine/Plugins/Experimental/PluginAudit/PluginAudit.uplugin" 195
"../../../Engine/Plugins/Experimental/PluginTemplateTool/PluginTemplateTool.uplugin" 196
"../../../Engine/Plugins/Experimental/PluginReferenceViewer/PluginReferenceViewer.uplugin" 197
"../../../Engine/Plugins/Experimental/PSDImporter/PSDImporter.uplugin" 198
"../../../Engine/Plugins/Experimental/PostProcessMaterialChainGraph/PostProcessMaterialChainGraph.uplugin" 199
"../../../Engine/Plugins/Experimental/PythonFoundationPackages/PythonFoundationPackages.uplugin" 200
"../../../Engine/Plugins/Experimental/PSDImporterMaterialDesignerBridge/PSDImporterMaterialDesignerBridge.uplugin" 201
"../../../Engine/Plugins/Experimental/RemoteSession/RemoteSession.uplugin" 202
"../../../Engine/Plugins/Experimental/RenderGrid/RenderGrid.uplugin" 203
"../../../Engine/Plugins/Experimental/QuicMessaging/QuicMessaging.uplugin" 204
"../../../Engine/Plugins/Experimental/RuntimeTelemetry/RuntimeTelemetry.uplugin" 205
"../../../Engine/Plugins/Experimental/RigLogicAnimNext/RigLogicAnimNext.uplugin" 206
"../../../Engine/Plugins/Experimental/NNERuntimeBasicCpu/NNERuntimeBasicCpu.uplugin" 207
"../../../Engine/Plugins/Experimental/RazerChromaDevices/RazerChromaDevices.uplugin" 208
"../../../Engine/Plugins/Experimental/SecuritySandbox/SecuritySandbox.uplugin" 209
"../../../Engine/Plugins/Experimental/ScreenReader/ScreenReader.uplugin" 210
"../../../Engine/Plugins/Experimental/RawInput/RawInput.uplugin" 211
"../../../Engine/Plugins/Experimental/SceneState/SceneState.uplugin" 212
"../../../Engine/Plugins/Experimental/PythonScriptPlugin/PythonScriptPlugin.uplugin" 213
"../../../Engine/Plugins/Experimental/SequenceNavigator/SequenceNavigator.uplugin" 214
"../../../Engine/Plugins/Experimental/RemoteControlComponents/RemoteControlComponents.uplugin" 215
"../../../Engine/Plugins/Experimental/SimpleHMD/SimpleHMD.uplugin" 216
"../../../Engine/Plugins/Experimental/RigLogicMutable/RigLogicMutable.uplugin" 217
"../../../Engine/Plugins/Experimental/SerializationUtils/SerializationUtils.uplugin" 218
"../../../Engine/Plugins/Experimental/SkeletalReduction/SkeletalReduction.uplugin" 219
"../../../Engine/Plugins/Experimental/SlateIM/SlateIM.uplugin" 220
"../../../Engine/Plugins/Experimental/SlateModelViewViewModel/SlateModelViewViewModel.uplugin" 221
"../../../Engine/Plugins/Experimental/SlateScreenReader/SlateScreenReader.uplugin" 222
"../../../Engine/Plugins/Experimental/StateGraph/StateGraph.uplugin" 223
"../../../Engine/Plugins/Experimental/SpatialReadiness/SpatialReadiness.uplugin" 224
"../../../Engine/Plugins/Experimental/SubtitlesAndClosedCaptions/SubtitlesAndClosedCaptions.uplugin" 225
"../../../Engine/Plugins/Experimental/SubmitToolEditor/SubmitToolEditor.uplugin" 226
"../../../Engine/Plugins/Experimental/TargetDeviceServicesScripting/TargetDeviceServicesScripting.uplugin" 227
"../../../Engine/Plugins/Experimental/SurfaceEffects/SurfaceEffects.uplugin" 228
"../../../Engine/Plugins/Experimental/TechAudioTools/TechAudioTools.uplugin" 229
"../../../Engine/Plugins/Experimental/StructUtils/StructUtils.uplugin" 230
"../../../Engine/Plugins/Experimental/SVGImporter/SVGImporter.uplugin" 231
"../../../Engine/Plugins/Experimental/Text3D/Text3D.uplugin" 232
"../../../Engine/Plugins/Experimental/Tensorboard/Tensorboard.uplugin" 233
"../../../Engine/Plugins/Experimental/TextToSpeech/TextToSpeech.uplugin" 234
"../../../Engine/Plugins/Experimental/TextureMediaPlayer/TextureMediaPlayer.uplugin" 235
"../../../Engine/Plugins/Experimental/TetMeshing/TetMeshing.uplugin" 236
"../../../Engine/Plugins/Experimental/UserToolBoxBasicCommand/UserToolBoxBasicCommand.uplugin" 237
"../../../Engine/Plugins/Experimental/UIFramework/UIFramework.uplugin" 238
"../../../Engine/Plugins/Experimental/ToolPresets/ToolPresets.uplugin" 239
"../../../Engine/Plugins/Experimental/UserToolBoxCore/UserToolBoxCore.uplugin" 240
"../../../Engine/Plugins/Experimental/VirtualHeightfieldMesh/VirtualHeightfieldMesh.uplugin" 241
"../../../Engine/Plugins/Experimental/VirtualProductionUtilities/VirtualProductionUtilities.uplugin" 242
"../../../Engine/Plugins/Experimental/Volumetrics/Volumetrics.uplugin" 243
"../../../Engine/Plugins/Experimental/Shotgrid/Shotgrid.uplugin" 244
"../../../Engine/Plugins/Experimental/Water/Water.uplugin" 245
"../../../Engine/Plugins/Experimental/WaveFunctionCollapse/WaveFunctionCollapse.uplugin" 246
"../../../Engine/Plugins/Media/AjaMedia/AjaMedia.uplugin" 247
"../../../Engine/Plugins/Experimental/WebSocketMessaging/WebSocketMessaging.uplugin" 248
"../../../Engine/Plugins/Experimental/WaterExtras/WaterExtras.uplugin" 249
"../../../Engine/Plugins/Experimental/Workspace/Workspace.uplugin" 250
"../../../Engine/Plugins/Media/AndroidMedia/AndroidMedia.uplugin" 251
"../../../Engine/Plugins/Media/AppleProResDecoderElectra/AppleProResDecoderElectra.uplugin" 252
"../../../Engine/Plugins/Media/AudioCaptureTimecodeProvider/AudioCaptureTimecodeProvider.uplugin" 253
"../../../Engine/Plugins/Media/AvidDNxHDDecoderElectra/AvidDNxHDDecoderElectra.uplugin" 254
"../../../Engine/Plugins/Media/AvfMedia/AvfMedia.uplugin" 255
"../../../Engine/Plugins/Media/AvidDNxMedia/AvidDNxMedia.uplugin" 256
"../../../Engine/Plugins/Media/AppleProResMedia/AppleProResMedia.uplugin" 257
"../../../Engine/Plugins/Experimental/XRCreativeFramework/XRCreativeFramework.uplugin" 258
"../../../Engine/Plugins/Experimental/WebSocketNetworking/WebSocketNetworking.uplugin" 259
"../../../Engine/Plugins/Media/AndroidCamera/AndroidCamera.uplugin" 260
"../../../Engine/Plugins/Media/BlackmagicMedia/BlackmagicMedia.uplugin" 261
"../../../Engine/Plugins/Media/D3D12VideoDecodersElectra/D3D12VideoDecodersElectra.uplugin" 262
"../../../Engine/Plugins/Media/ElectraCodecs/ElectraCodecs.uplugin" 263
"../../../Engine/Plugins/Marketplace/Aura/Aura.uplugin" 264
"../../../Engine/Plugins/Experimental/WaterAdvanced/WaterAdvanced.uplugin" 265
"../../../Engine/Plugins/Media/ElectraPlayer/ElectraPlayer.uplugin" 266
"../../../Engine/Plugins/Media/ElectraSubtitles/ElectraSubtitles.uplugin" 267
"../../../Engine/Plugins/Media/ElectraUtil/ElectraUtil.uplugin" 268
"../../../Engine/Plugins/Media/FlacDecoderElectra/FlacDecoderElectra.uplugin" 269
"../../../Engine/Plugins/Media/HAPDecoderElectra/HAPDecoderElectra.uplugin" 270
"../../../Engine/Plugins/Media/HAPMedia/HAPMedia.uplugin" 271
"../../../Engine/Plugins/Media/HardwareEncoders/HardwareEncoders.uplugin" 272
"../../../Engine/Plugins/Media/ElectraCDM/ElectraCDM.uplugin" 273
"../../../Engine/Plugins/Media/MediaFrameworkUtilities/MediaFrameworkUtilities.uplugin" 274
"../../../Engine/Plugins/Media/LinearTimecode/LinearTimecode.uplugin" 275
"../../../Engine/Plugins/Media/MediaCompositing/MediaCompositing.uplugin" 276
"../../../Engine/Plugins/Media/MediaPlayerEditor/MediaPlayerEditor.uplugin" 277
"../../../Engine/Plugins/Media/MediaMovieStreamer/MediaMovieStreamer.uplugin" 278
"../../../Engine/Plugins/Media/OpusDecoderElectra/OpusDecoderElectra.uplugin" 279
"../../../Engine/Plugins/Media/MediaPlate/MediaPlate.uplugin" 280
"../../../Engine/Plugins/Media/MediaIOFramework/MediaIOFramework.uplugin" 281
"../../../Engine/Plugins/Media/MfMedia/MfMedia.uplugin" 282
"../../../Engine/Plugins/Media/PixelCapture/PixelCapture.uplugin" 283
"../../../Engine/Plugins/Media/NDIMedia/NDIMedia.uplugin" 284
"../../../Engine/Plugins/Media/PixelStreaming2/PixelStreaming2.uplugin" 285
"../../../Engine/Plugins/Media/VPxDecoderElectra/VPxDecoderElectra.uplugin" 286
"../../../Engine/Plugins/Media/BinkMedia/BinkMedia.uplugin" 287
"../../../Engine/Plugins/Media/ImgMedia/ImgMedia.uplugin" 288
"../../../Engine/Plugins/Media/TimecodeSynchronizer/TimecodeSynchronizer.uplugin" 289
"../../../Engine/Plugins/Media/PixelStreaming/PixelStreaming.uplugin" 290
"../../../Engine/Plugins/Media/WmfMedia/WmfMedia.uplugin" 291
"../../../Engine/Plugins/Media/WebMMedia/WebMMedia.uplugin" 292
"../../../Engine/Plugins/Messaging/TcpMessaging/TcpMessaging.uplugin" 293
"../../../Engine/Plugins/Messaging/UdpMessaging/UdpMessaging.uplugin" 294
"../../../Engine/Plugins/Messaging/MessagingDebugger/MessagingDebugger.uplugin" 295
"../../../Engine/Plugins/Online/EOSShared/EOSShared.uplugin" 296
"../../../Engine/Plugins/Online/EOSOverlayInputProvider/EOSOverlayInputProvider.uplugin" 297
"../../../Engine/Plugins/Online/OnlineBase/OnlineBase.uplugin" 298
"../../../Engine/Plugins/Online/OnlineFramework/OnlineFramework.uplugin" 299
"../../../Engine/Plugins/Online/OnlineServicesEOS/OnlineServicesEOS.uplugin" 300
"../../../Engine/Plugins/Online/OnlineServicesEpicCommon/OnlineServicesEpicCommon.uplugin" 301
"../../../Engine/Plugins/Online/OnlineServicesNull/OnlineServicesNull.uplugin" 302
"../../../Engine/Plugins/Online/OnlineServices/OnlineServices.uplugin" 303
"../../../Engine/Plugins/Online/OnlineSubsystem/OnlineSubsystem.uplugin" 304
"../../../Engine/Plugins/Online/OnlineSubsystemApple/OnlineSubsystemApple.uplugin" 305
"../../../Engine/Plugins/Online/OnlineSubsystemEOS/OnlineSubsystemEOS.uplugin" 306
"../../../Engine/Plugins/Experimental/WidgetEditorToolPalette/WidgetEditorToolPalette.uplugin" 307
"../../../Engine/Plugins/Online/OnlineSubsystemGoogle/OnlineSubsystemGoogle.uplugin" 308
"../../../Engine/Plugins/Online/OnlineServicesEOSGS/OnlineServicesEOSGS.uplugin" 309
"../../../Engine/Plugins/Online/OnlineSubsystemNull/OnlineSubsystemNull.uplugin" 310
"../../../Engine/Plugins/Online/OnlineSubsystemSteam/OnlineSubsystemSteam.uplugin" 311
"../../../Engine/Plugins/Online/SocketSubsystemEOS/SocketSubsystemEOS.uplugin" 312
"../../../Engine/Plugins/Online/OnlineSubsystemTencent/OnlineSubsystemTencent.uplugin" 313
"../../../Engine/Plugins/Online/WebAuth/WebAuth.uplugin" 314
"../../../Engine/Plugins/Online/OnlineSubsystemUtils/OnlineSubsystemUtils.uplugin" 315
"../../../Engine/Plugins/Online/OnlineSubsystemFacebook/OnlineSubsystemFacebook.uplugin" 316
"../../../Engine/Plugins/Performance/AutomatedPerfTesting/AutomatedPerfTesting.uplugin" 317
"../../../Engine/Plugins/Online/OnlineSubsystemAmazon/OnlineSubsystemAmazon.uplugin" 318
"../../../Engine/Plugins/Tests/CQTest/CQTest.uplugin" 319
"../../../Engine/Plugins/Tests/AutomationDriverTests/AutomationDriverTests.uplugin" 320
"../../../Engine/Plugins/Tests/EditorTests/EditorTests.uplugin" 321
"../../../Engine/Plugins/Performance/PerformanceMonitor/PerformanceMonitor.uplugin" 322
"../../../Engine/Plugins/Tests/FbxAutomationTestBuilder/FbxAutomationTestBuilder.uplugin" 323
"../../../Engine/Plugins/Tests/CQTestEnhancedInput/CQTestEnhancedInput.uplugin" 324
"../../../Engine/Plugins/Tests/TestFramework/TestFramework.uplugin" 325
"../../../Engine/Plugins/Tests/InterchangeTests/InterchangeTests.uplugin" 326
"../../../Engine/Plugins/Tests/PythonAutomationTest/PythonAutomationTest.uplugin" 327
"../../../Engine/Plugins/Tests/WidgetAutomationTests/WidgetAutomationTests.uplugin" 328
"../../../Engine/Plugins/Tests/RHITests/RHITests.uplugin" 329
"../../../Engine/Plugins/Tests/FunctionalTestingEditor/FunctionalTestingEditor.uplugin" 330
"../../../Engine/Plugins/Tests/TestSamples/TestSamples.uplugin" 331
"../../../Engine/Plugins/VirtualProduction/ActorModifier/ActorModifier.uplugin" 332
"../../../Engine/Plugins/VirtualProduction/ActorModifierCore/ActorModifierCore.uplugin" 333
"../../../Engine/Plugins/VirtualProduction/CameraCalibration/CameraCalibration.uplugin" 334
"../../../Engine/Plugins/Online/OnlineServicesOSSAdapter/OnlineServicesOSSAdapter.uplugin" 335
"../../../Engine/Plugins/VirtualProduction/CaptureData/CaptureData.uplugin" 336
"../../../Engine/Plugins/VirtualProduction/CinematicAssemblyTools/CinematicAssemblyTools.uplugin" 337
"../../../Engine/Plugins/VirtualProduction/CameraCalibrationML/CameraCalibrationML.uplugin" 338
"../../../Engine/Plugins/VirtualProduction/Avalanche/Avalanche.uplugin" 339
"../../../Engine/Plugins/VirtualProduction/DataCharts/DataCharts.uplugin" 340
"../../../Engine/Plugins/Tests/RuntimeTests/RuntimeTests.uplugin" 341
"../../../Engine/Plugins/VirtualProduction/ICVFXTesting/ICVFXTesting.uplugin" 342
"../../../Engine/Plugins/VirtualProduction/CustomDetailsView/CustomDetailsView.uplugin" 343
"../../../Engine/Plugins/VirtualProduction/EpicStageApp/EpicStageApp.uplugin" 344
"../../../Engine/Plugins/VirtualProduction/DynamicMaterial/DynamicMaterial.uplugin" 345
"../../../Engine/Plugins/VirtualProduction/CameraCalibrationCore/CameraCalibrationCore.uplugin" 346
"../../../Engine/Plugins/VirtualProduction/LensComponent/LensComponent.uplugin" 347
"../../../Engine/Plugins/VirtualProduction/ICVFX/ICVFX.uplugin" 348
"../../../Engine/Plugins/VirtualProduction/GeometryMask/GeometryMask.uplugin" 349
"../../../Engine/Plugins/VirtualProduction/LiveLinkInputDevice/LiveLinkInputDevice.uplugin" 350
"../../../Engine/Plugins/Online/SocketSubsystemSteamIP/SocketSubsystemSteamIP.uplugin" 351
"../../../Engine/Plugins/VirtualProduction/LiveLinkCamera/LiveLinkCamera.uplugin" 352
"../../../Engine/Plugins/VirtualProduction/LiveLinkFreeD/LiveLinkFreeD.uplugin" 353
"../../../Engine/Plugins/VirtualProduction/LiveLinkMasterLockit/LiveLinkMasterLockit.uplugin" 354
"../../../Engine/Plugins/VirtualProduction/LiveLinkOpenTrackIO/LiveLinkOpenTrackIO.uplugin" 355
"../../../Engine/Plugins/VirtualProduction/LiveLinkVRPN/LiveLinkVRPN.uplugin" 356
"../../../Engine/Plugins/VirtualProduction/LiveLinkLens/LiveLinkLens.uplugin" 357
"../../../Engine/Plugins/VirtualProduction/LiveLinkXR/LiveLinkXR.uplugin" 358
"../../../Engine/Plugins/VirtualProduction/LiveLinkPrestonMDR/LiveLinkPrestonMDR.uplugin" 359
"../../../Engine/Plugins/VirtualProduction/MultiUserTakes/MultiUserTakes.uplugin" 360
"../../../Engine/Plugins/VirtualProduction/PropertyAnimator/PropertyAnimator.uplugin" 361
"../../../Engine/Plugins/VirtualProduction/ClonerEffector/ClonerEffector.uplugin" 362
"../../../Engine/Plugins/VirtualProduction/RemoteControlProtocolMIDI/RemoteControlProtocolMIDI.uplugin" 363
"../../../Engine/Plugins/VirtualProduction/RemoteControlInterception/RemoteControlInterception.uplugin" 364
"../../../Engine/Plugins/VirtualProduction/PropertyAnimatorCore/PropertyAnimatorCore.uplugin" 365
"../../../Engine/Plugins/VirtualProduction/PerformanceCaptureWorkflow/PerformanceCaptureWorkflow.uplugin" 366
"../../../Engine/Plugins/VirtualProduction/LevelSnapshots/LevelSnapshots.uplugin" 367
"../../../Engine/Plugins/VirtualProduction/CompositePlane/CompositePlane.uplugin" 368
"../../../Engine/Plugins/VirtualProduction/RemoteControlProtocolOSC/RemoteControlProtocolOSC.uplugin" 369
"../../../Engine/Plugins/VirtualProduction/SequencerPlaylists/SequencerPlaylists.uplugin" 370
"../../../Engine/Plugins/VirtualProduction/RemoteControlWebInterface/RemoteControlWebInterface.uplugin" 371
"../../../Engine/Plugins/VirtualProduction/StormSyncAvalancheBridge/StormSyncAvalancheBridge.uplugin" 372
"../../../Engine/Plugins/VirtualProduction/StormSync/StormSync.uplugin" 373
"../../../Engine/Plugins/VirtualProduction/Takes/Takes.uplugin" 374
"../../../Engine/Plugins/VirtualProduction/TextureShare/TextureShare.uplugin" 375
"../../../Engine/Plugins/MetaHuman/MetaHumanAnimator/MetaHuman.uplugin" 376
"../../../Engine/Plugins/VirtualProduction/OperatorStack/OperatorStack.uplugin" 377
"../../../Engine/Plugins/VirtualProduction/TimedDataMonitor/TimedDataMonitor.uplugin" 378
"../../../Engine/Plugins/VirtualProduction/VirtualCamera/VirtualCamera.uplugin" 379
"../../../Engine/Plugins/VirtualProduction/VirtualCameraCore/VirtualCameraCore.uplugin" 380
"../../../Engine/Plugins/VirtualProduction/StageMonitoring/StageMonitoring.uplugin" 381
"../../../Engine/Plugins/VirtualProduction/VirtualScouting/VirtualScouting.uplugin" 382
"../../../Engine/Plugins/MetaHuman/MetaHumanCharacter/MetaHumanCharacter.uplugin" 383
"../../../Engine/Plugins/MetaHuman/MetaHumanCoreTechLib/MetaHumanCoreTech.uplugin" 384
"../../../Engine/Plugins/MetaHuman/MetaHumanSDK/MetaHumanSDK.uplugin" 385
"../../../Engine/Plugins/NNE/NNEDenoiser/NNEDenoiser.uplugin" 386
"../../../Engine/Plugins/NNE/NNERuntimeORT/NNERuntimeORT.uplugin" 387
"../../../Engine/Plugins/MetaHuman/MetaHumanLiveLink/MetaHumanLiveLink.uplugin" 388
"../../../Engine/Plugins/PCGInterops/PCGGeometryScriptInterop/PCGGeometryScriptInterop.uplugin" 389
"../../../Engine/Plugins/Protocols/MQTT/MQTT.uplugin" 390
"../../../Engine/Plugins/PCGInterops/PCGExternalDataInterop/PCGExternalDataInterop.uplugin" 391
"../../../Engine/Plugins/2D/Paper2D/Paper2D.uplugin" 392
"../../../Engine/Plugins/AI/AISupport/AISupport.uplugin" 393
"../../../Engine/Plugins/Web/HttpBlueprint/HttpBlueprint.uplugin" 394
"../../../Engine/Plugins/Slate/SlateInsights/SlateInsights.uplugin" 395
"../../../Engine/Plugins/AI/HTNPlanner/HTNPlanner.uplugin" 396
"../../../Engine/Plugins/AI/MLAdapter/MLAdapter.uplugin" 397
"../../../Engine/Plugins/AI/MassAI/MassAI.uplugin" 398
"../../../Engine/Plugins/AI/MassCrowd/MassCrowd.uplugin" 399
"../../../Engine/Plugins/AI/EnvironmentQueryEditor/EnvironmentQueryEditor.uplugin" 400
"../../../Engine/Plugins/Animation/AnimationWarping/AnimationWarping.uplugin" 401
"../../../Engine/Plugins/Animation/AnimationData/AnimationData.uplugin" 402
"../../../Engine/Plugins/Animation/ACLPlugin/ACLPlugin.uplugin" 403
"../../../Engine/Plugins/VirtualProduction/RemoteControl/RemoteControl.uplugin" 404
"../../../Engine/Plugins/Animation/AnimationModifierLibrary/AnimationModifierLibrary.uplugin" 405
"../../../Engine/Plugins/Animation/AnimationLocomotionLibrary/AnimationLocomotionLibrary.uplugin" 406
"../../../Engine/Plugins/Animation/AnimatorKit/AnimatorKit.uplugin" 407
"../../../Engine/Plugins/Animation/BlendStack/BlendStack.uplugin" 408
"../../../Engine/Plugins/Animation/BlendSpaceMotionAnalysis/BlendSpaceMotionAnalysis.uplugin" 409
"../../../Engine/Plugins/Animation/ControlRigModules/ControlRigModules.uplugin" 410
"../../../Engine/Plugins/Animation/ControlRig/ControlRig.uplugin" 411
"../../../Engine/Plugins/Animation/ControlRigSpline/ControlRigSpline.uplugin" 412
"../../../Engine/Plugins/Animation/GameplayInsights/GameplayInsights.uplugin" 413
"../../../Engine/Plugins/Animation/DNACalib/DNACalib.uplugin" 414
"../../../Engine/Plugins/Animation/GeneSplicer/GeneSplicer.uplugin" 415
"../../../Engine/Plugins/Animation/LiveLinkCurveDebugUI/LiveLinkCurveDebugUI.uplugin" 416
"../../../Engine/Plugins/Animation/LiveLink/LiveLink.uplugin" 417
"../../../Engine/Plugins/Animation/LiveLinkExampleDevice/LiveLinkExampleDevice.uplugin" 418
"../../../Engine/Plugins/VirtualProduction/Switchboard/Switchboard.uplugin" 419
"../../../Engine/Plugins/Animation/IKRig/IKRig.uplugin" 420
"../../../Engine/Plugins/Animation/PerformanceCaptureCore/PerformanceCaptureCore.uplugin" 421
"../../../Engine/Plugins/Animation/LiveLinkHub/LiveLinkHub.uplugin" 422
"../../../Engine/Plugins/Animation/MotionWarping/MotionWarping.uplugin" 423
"../../../Engine/Plugins/Animation/TweeningUtils/TweeningUtils.uplugin" 424
"../../../Engine/Plugins/Animation/RigLogic/RigLogic.uplugin" 425
"../../../Engine/Plugins/Animation/SkeletalMeshModelingTools/SkeletalMeshModelingTools.uplugin" 426
"../../../Engine/Plugins/Compositing/LensDistortion/LensDistortion.uplugin" 427
"../../../Engine/Plugins/Editor/AssetManagerEditor/AssetManagerEditor.uplugin" 428
"../../../Engine/Plugins/Compositing/Composure/Composure.uplugin" 429
"../../../Engine/Plugins/Compositing/OpenColorIO/OpenColorIO.uplugin" 430
"../../../Engine/Plugins/Compositing/OpenCVLensDistortion/OpenCVLensDistortion.uplugin" 431
"../../../Engine/Plugins/Animation/PoseSearch/PoseSearch.uplugin" 432
"../../../Engine/Plugins/Animation/DeformerGraph/DeformerGraph.uplugin" 433
"../../../Engine/Plugins/Editor/ChangelistReview/ChangelistReview.uplugin" 434
"../../../Engine/Plugins/Editor/AssetReferenceRestrictions/AssetReferenceRestrictions.uplugin" 435
"../../../Engine/Plugins/VirtualProduction/RemoteControlProtocolDMX/RemoteControlProtocolDMX.uplugin" 436
"../../../Engine/Plugins/Animation/LiveLinkDevice/LiveLinkDevice.uplugin" 437
"../../../Engine/Plugins/Editor/AssetRegistryExport/AssetRegistryExport.uplugin" 438
"../../../Engine/Plugins/Editor/ConsoleVariablesEditor/ConsoleVariables.uplugin" 439
"../../../Engine/Plugins/Editor/BlueprintMaterialTextureNodes/BlueprintMaterialTextureNodes.uplugin" 440
"../../../Engine/Plugins/Editor/ColorGrading/ColorGrading.uplugin" 441
"../../../Engine/Plugins/Editor/CryptoKeys/CryptoKeys.uplugin" 442
"../../../Engine/Plugins/Editor/CurveEditorTools/CurveEditorTools.uplugin" 443
"../../../Engine/Plugins/Editor/BlueprintHeaderView/BlueprintHeaderView.uplugin" 444
"../../../Engine/Plugins/Editor/DataValidation/DataValidation.uplugin" 445
"../../../Engine/Plugins/Editor/EditorScriptingUtilities/EditorScriptingUtilities.uplugin" 446
"../../../Engine/Plugins/Editor/EngineAssetDefinitions/EngineAssetDefinitions.uplugin" 447
"../../../Engine/Plugins/Editor/DisplayClusterLaunch/DisplayClusterLaunch.uplugin" 448
"../../../Engine/Plugins/Editor/EditorSysConfigAssistant/EditorSysConfigAssistant.uplugin" 449
"../../../Engine/Plugins/Editor/FacialAnimation/FacialAnimation.uplugin" 450
"../../../Engine/Plugins/Editor/GeometryMode/GeometryMode.uplugin" 451
"../../../Engine/Plugins/Editor/GameplayTagsEditor/GameplayTagsEditor.uplugin" 452
"../../../Engine/Plugins/Editor/GuidedTutorials/GuidedTutorials.uplugin" 453
"../../../Engine/Plugins/Editor/LiveUpdateForSlate/LiveUpdateForSlate.uplugin" 454
"../../../Engine/Plugins/Editor/MacGraphicsSwitching/MacGraphicsSwitching.uplugin" 455
"../../../Engine/Plugins/Editor/MeshLODToolset/MeshLODToolset.uplugin" 456
"../../../Engine/Plugins/Editor/MaterialAnalyzer/MaterialAnalyzer.uplugin" 457
"../../../Engine/Plugins/Editor/MobileLauncherProfileWizard/MobileLauncherProfileWizard.uplugin" 458
"../../../Engine/Plugins/Editor/MakeCookedEditorAsDLC/MakeCookedEditorAsDLC.uplugin" 459
"../../../Engine/Plugins/Editor/ModelingToolsEditorMode/ModelingToolsEditorMode.uplugin" 460
"../../../Engine/Plugins/Editor/ModelViewViewModelPreview/ModelViewViewModelPreview.uplugin" 461
"../../../Engine/Plugins/Editor/ProxyLODPlugin/ProxyLODPlugin.uplugin" 462
"../../../Engine/Plugins/Editor/PluginBrowser/PluginBrowser.uplugin" 463
"../../../Engine/Plugins/Editor/AssetSearch/AssetSearch.uplugin" 464
"../../../Engine/Plugins/Editor/ScriptableToolsEditorMode/ScriptableToolsEditorMode.uplugin" 465
"../../../Engine/Plugins/Editor/SpeedTreeImporter/SpeedTreeImporter.uplugin" 466
"../../../Engine/Plugins/Editor/StaticMeshEditorModeling/StaticMeshEditorModeling.uplugin" 467
"../../../Engine/Plugins/Editor/StylusInput/StylusInput.uplugin" 468
"../../../Engine/Plugins/Editor/SequencerAnimTools/SequencerAnimTools.uplugin" 469
"../../../Engine/Plugins/Editor/UMGWidgetPreview/UMGWidgetPreview.uplugin" 470
"../../../Engine/Plugins/Editor/SampleToolsEditorMode/SampleToolsEditorMode.uplugin" 471
"../../../Engine/Plugins/Editor/UVEditor/UVEditor.uplugin" 472
"../../../Engine/Plugins/Editor/WaveformEditor/WaveformEditor.uplugin" 473
"../../../Engine/Plugins/Enterprise/AxFImporter/AxFImporter.uplugin" 474
"../../../Engine/Plugins/Enterprise/DatasmithContent/DatasmithContent.uplugin" 475
"../../../Engine/Plugins/Enterprise/DatasmithCADImporter/DatasmithCADImporter.uplugin" 476
"../../../Engine/Plugins/Enterprise/DataprepEditor/DataprepEditor.uplugin" 477
"../../../Engine/Plugins/Enterprise/DatasmithC4DImporter/DatasmithC4DImporter.uplugin" 478
"../../../Engine/Plugins/Enterprise/DatasmithFBXImporter/DatasmithFBXImporter.uplugin" 479
"../../../Engine/Plugins/Enterprise/DatasmithImporter/DatasmithImporter.uplugin" 480
"../../../Engine/Plugins/Enterprise/GLTFExporter/GLTFExporter.uplugin" 481
"../../../Engine/Plugins/Enterprise/MDLImporter/MDLImporter.uplugin" 482
"../../../Engine/Plugins/Editor/WorldPartitionHLODUtilities/WorldPartitionHLODUtilities.uplugin" 483
"../../../Engine/Plugins/Enterprise/VariantManager/VariantManager.uplugin" 484
"../../../Engine/Plugins/FX/Cascade/Cascade.uplugin" 485
"../../../Engine/Plugins/Enterprise/LidarPointCloud/LidarPointCloud.uplugin" 486
"../../../Engine/Plugins/Enterprise/VariantManagerContent/VariantManagerContent.uplugin" 487
"../../../Engine/Plugins/FX/CascadeToNiagaraConverter/CascadeToNiagaraConverter.uplugin" 488
"../../../Engine/Plugins/FX/Niagara/Niagara.uplugin" 489
"../../../Engine/Plugins/FX/NiagaraMRQ/NiagaraMRQ.uplugin" 490
"../../../Engine/Plugins/FX/NiagaraFluids/NiagaraFluids.uplugin" 491
"../../../Engine/Plugins/FX/ExampleCustomDataInterface/ExampleCustomDataInterface.uplugin" 492
"../../../Engine/Plugins/FX/NiagaraSimCaching/NiagaraSimCaching.uplugin" 493
"../../../Engine/Plugins/Importers/AlembicImporter/AlembicImporter.uplugin" 494
"../../../Engine/Plugins/Importers/USDImporter/USDImporter.uplugin" 495
"../../../Engine/Plugins/Importers/AlembicHairImporter/AlembicHairImporter.uplugin" 496
"../../../Engine/Plugins/MetaHuman/MetaHumanCalibrationProcessing/MetaHumanCalibrationProcessing.uplugin" 497
"../../../Engine/Plugins/MovieScene/MovieRenderPipeline/MovieRenderPipeline.uplugin" 498
"../../../Engine/Plugins/MovieScene/ReplayTracks/ReplayTracks.uplugin" 499
"../../../Engine/Plugins/Editor/EditorDebugTools/EditorDebugTools.uplugin" 500
"../../../Engine/Plugins/NetcodeUnitTest/NetcodeUnitTest/NetcodeUnitTest.uplugin" 501
"../../../Engine/Plugins/Interchange/Editor/InterchangeEditor.uplugin" 502
"../../../Engine/Plugins/Interchange/Runtime/Interchange.uplugin" 503
"../../../Engine/Plugins/Importers/USDImporterMDL/USDImporterMDL.uplugin" 504
"../../../Engine/Plugins/MovieScene/ActorSequence/ActorSequence.uplugin" 505
"../../../Engine/Plugins/MovieScene/TemplateSequence/TemplateSequence.uplugin" 506
"../../../Engine/Plugins/MovieScene/LevelSequenceEditor/LevelSequenceEditor.uplugin" 507
"../../../Engine/Plugins/Slate/SlateScripting/SlateScripting.uplugin" 508
"../../../Engine/Plugins/Importers/USDMultiUser/USDMultiUser.uplugin" 509
"../../../Engine/Plugins/Portal/LauncherChunkInstaller/LauncherChunkInstaller.uplugin" 510
"../../../Engine/Plugins/MovieScene/MoviePipelineMaskRenderPass/MoviePipelineMaskRenderPass.uplugin" 511
"../../../Engine/Plugins/Runtime/ActorLayerUtilities/ActorLayerUtilities.uplugin" 512
"../../../Engine/Plugins/NetcodeUnitTest/NUTUnrealEngine/NUTUnrealEngine.uplugin" 513
"../../../Engine/Plugins/Runtime/ADM/ADM.uplugin" 514
"../../../Engine/Plugins/Runtime/AndroidBackgroundService/AndroidBackgroundService.uplugin" 515
"../../../Engine/Plugins/Runtime/AndroidFileServer/AndroidFileServer.uplugin" 516
"../../../Engine/Plugins/Runtime/AndroidDeviceProfileSelector/AndroidDeviceProfileSelector.uplugin" 517
"../../../Engine/Plugins/Runtime/AndroidMoviePlayer/AndroidMoviePlayer.uplugin" 518
"../../../Engine/Plugins/Runtime/AndroidPermission/AndroidPermission.uplugin" 519
"../../../Engine/Plugins/Runtime/AppleImageUtils/AppleImageUtils.uplugin" 520
"../../../Engine/Plugins/Runtime/AnimationBudgetAllocator/AnimationBudgetAllocator.uplugin" 521
"../../../Engine/Plugins/Runtime/AppleMoviePlayer/AppleMoviePlayer.uplugin" 522
"../../../Engine/Plugins/Runtime/ApexDestruction/ApexDestruction.uplugin" 523
"../../../Engine/Plugins/Runtime/ArchVisCharacter/ArchVisCharacter.uplugin" 524
"../../../Engine/Plugins/Runtime/AudioMotorSim/AudioMotorSim.uplugin" 525
"../../../Engine/Plugins/MovieScene/CustomizableSequencerTracks/CustomizableSequencerTracks.uplugin" 526
"../../../Engine/Plugins/Runtime/AssetTags/AssetTags.uplugin" 527
"../../../Engine/Plugins/Runtime/AudioCapture/AudioCapture.uplugin" 528
"../../../Engine/Plugins/Runtime/AudioModulation/AudioModulation.uplugin" 529
"../../../Engine/Plugins/Runtime/AudioWidgets/AudioWidgets.uplugin" 530
"../../../Engine/Plugins/Runtime/AudioSynesthesia/AudioSynesthesia.uplugin" 531
"../../../Engine/Plugins/Runtime/CableComponent/CableComponent.uplugin" 532
"../../../Engine/Plugins/Runtime/ComputeFramework/ComputeFramework.uplugin" 533
"../../../Engine/Plugins/Runtime/CommonUI/CommonUI.uplugin" 534
"../../../Engine/Plugins/Runtime/DataRegistry/DataRegistry.uplugin" 535
"../../../Engine/Plugins/Runtime/CustomMeshComponent/CustomMeshComponent.uplugin" 536
"../../../Engine/Plugins/Runtime/Firebase/Firebase.uplugin" 537
"../../../Engine/Plugins/Runtime/GameFeatures/GameFeatures.uplugin" 538
"../../../Engine/Plugins/Runtime/GameInput/GameInput.uplugin" 539
"../../../Engine/Plugins/Runtime/GameplayBehaviorSmartObjects/GameplayBehaviorSmartObjects.uplugin" 540
"../../../Engine/Plugins/Runtime/GameplayInteractions/GameplayInteractions.uplugin" 541
"../../../Engine/Plugins/Runtime/GameplayAbilities/GameplayAbilities.uplugin" 542
"../../../Engine/Plugins/Runtime/ExampleDeviceProfileSelector/ExampleDeviceProfileSelector.uplugin" 543
"../../../Engine/Plugins/MovieScene/SequencerScripting/SequencerScripting.uplugin" 544
"../../../Engine/Plugins/Runtime/GeometryProcessing/GeometryProcessing.uplugin" 545
"../../../Engine/Plugins/Runtime/GeometryScripting/GeometryScripting.uplugin" 546
"../../../Engine/Plugins/Runtime/ChunkDownloader/ChunkDownloader.uplugin" 547
"../../../Engine/Plugins/Runtime/GeoReferencing/GeoReferencing.uplugin" 548
"../../../Engine/Plugins/Runtime/GoogleCloudMessaging/GoogleCloudMessaging.uplugin" 549
"../../../Engine/Plugins/Runtime/HairStrands/HairStrands.uplugin" 550
"../../../Engine/Plugins/Interchange/Assets/InterchangeAssets.uplugin" 551
"../../../Engine/Plugins/Runtime/HPMotionController/HPMotionController.uplugin" 552
"../../../Engine/Plugins/Runtime/InstancedActors/InstancedActors.uplugin" 553
"../../../Engine/Plugins/Runtime/GeometryCache/GeometryCache.uplugin" 554
"../../../Engine/Plugins/Runtime/IOSReplayKit/IOSReplayKit.uplugin" 555
"../../../Engine/Plugins/Runtime/Harmonix/Harmonix.uplugin" 556
"../../../Engine/Plugins/Runtime/HDRIBackdrop/HDRIBackdrop.uplugin" 557
"../../../Engine/Plugins/Runtime/GameplayStateTree/GameplayStateTree.uplugin" 558
"../../../Engine/Plugins/Runtime/LiveLinkOvernDisplay/LiveLinkOverNDisplay.uplugin" 559
"../../../Engine/Plugins/Runtime/LinuxDeviceProfileSelector/LinuxDeviceProfileSelector.uplugin" 560
"../../../Engine/Plugins/Runtime/LevelStreamingPersistence/LevelStreamingPersistence.uplugin" 561
"../../../Engine/Plugins/Runtime/LocationServicesAndroidImpl/LocationServicesAndroidImpl.uplugin" 562
"../../../Engine/Plugins/Runtime/MassEntity/MassEntity.uplugin" 563
"../../../Engine/Plugins/Runtime/LocationServicesIOSImpl/LocationServicesIOSImpl.uplugin" 564
"../../../Engine/Plugins/Runtime/LocationServicesBPLibrary/LocationServicesBPLibrary.uplugin" 565
"../../../Engine/Plugins/Runtime/MeshModelingToolset/MeshModelingToolset.uplugin" 566
"../../../Engine/Plugins/Runtime/Metasound/Metasound.uplugin" 567
"../../../Engine/Plugins/MovieScene/MovieSceneTextTrack/MovieSceneTextTrack.uplugin" 568
"../../../Engine/Plugins/Runtime/MicrosoftSpatialAudio/MicroSoftSpatialSound.uplugin" 569
"../../../Engine/Plugins/Runtime/InputDebugging/InputDebugging.uplugin" 570
"../../../Engine/Plugins/Runtime/MixedRealityCaptureFramework/MixedRealityCaptureFramework.uplugin" 571
"../../../Engine/Plugins/Runtime/MobilePatchingUtils/MobilePatchingUtils.uplugin" 572
"../../../Engine/Plugins/Runtime/IOSDeviceProfileSelector/IOSDeviceProfileSelector.uplugin" 573
"../../../Engine/Plugins/Runtime/MobileFSR/MobileFSR.uplugin" 574
"../../../Engine/Plugins/Runtime/MsQuic/MsQuic.uplugin" 575
"../../../Engine/Plugins/Runtime/ModelViewViewModel/ModelViewViewModel.uplugin" 576
"../../../Engine/Plugins/Runtime/MIDIDevice/MIDIDevice.uplugin" 577
"../../../Engine/Plugins/Runtime/ModularGameplay/ModularGameplay.uplugin" 578
"../../../Engine/Plugins/Runtime/MusicEnvironment/MusicEnvironment.uplugin" 579
"../../../Engine/Plugins/Runtime/MultiServerReplication/MultiServerReplication.uplugin" 580
"../../../Engine/Plugins/Runtime/NetworkPrediction/NetworkPrediction.uplugin" 581
"../../../Engine/Plugins/Runtime/nDisplayModularFeatures/nDisplayModularFeatures.uplugin" 582
"../../../Engine/Plugins/Runtime/OpenCV/OpenCV.uplugin" 583
"../../../Engine/Plugins/Runtime/NetworkPredictionExtras/NetworkPredictionExtras.uplugin" 584
"../../../Engine/Plugins/Runtime/nDisplay/nDisplay.uplugin" 585
"../../../Engine/Plugins/Runtime/OpenXREyeTracker/OpenXREyeTracker.uplugin" 586
"../../../Engine/Plugins/Runtime/GooglePAD/GooglePAD.uplugin" 587
"../../../Engine/Plugins/Runtime/OpenXRHandTracking/OpenXRHandTracking.uplugin" 588
"../../../Engine/Plugins/Runtime/OpenXRMsftHandInteraction/OpenXRMsftHandInteraction.uplugin" 589
"../../../Engine/Plugins/Runtime/OpenXR/OpenXR.uplugin" 590
"../../../Engine/Plugins/Runtime/NetworkPredictionInsights/NetworkPredictionInsights.uplugin" 591
"../../../Engine/Plugins/Runtime/OpenXRViveTracker/OpenXRViveTracker.uplugin" 592
"../../../Engine/Plugins/Runtime/OSC/OSC.uplugin" 593
"../../../Engine/Plugins/Runtime/ProceduralMeshComponent/ProceduralMeshComponent.uplugin" 594
"../../../Engine/Plugins/Runtime/PropertyBindingUtils/PropertyBindingUtils.uplugin" 595
"../../../Engine/Plugins/Runtime/ReplicationGraph/ReplicationGraph.uplugin" 596
"../../../Engine/Plugins/Runtime/RenderTrace/RenderTrace.uplugin" 597
"../../../Engine/Plugins/Runtime/ReplicationSystemTestPlugin/ReplicationSystemTestPlugin.uplugin" 598
"../../../Engine/Plugins/Runtime/ResonanceAudio/ResonanceAudio.uplugin" 599
"../../../Engine/Plugins/Runtime/RigVM/RigVM.uplugin" 600
"../../../Engine/Plugins/Runtime/HTTPChunkInstaller/HTTPChunkInstaller.uplugin" 601
"../../../Engine/Plugins/Runtime/ScriptableToolsFramework/ScriptableToolsFramework.uplugin" 602
"../../../Engine/Plugins/Runtime/SignificanceManager/SignificanceManager.uplugin" 603
"../../../Engine/Plugins/Runtime/OptionalMobileFeaturesBPLibrary/OptionalMobileFeaturesBPLibrary.uplugin" 604
"../../../Engine/Plugins/Runtime/SoundMod/SoundMod.uplugin" 605
"../../../Engine/Plugins/Runtime/Spatialization/Spatialization.uplugin" 606
"../../../Engine/Plugins/Runtime/StateTree/StateTree.uplugin" 607
"../../../Engine/Plugins/Runtime/USDCore/USDCore.uplugin" 608
"../../../Engine/Plugins/Runtime/WaveTable/WaveTable.uplugin" 609
"../../../Engine/Plugins/Runtime/WarpUtils/WarpUtils.uplugin" 610
"../../../Engine/Plugins/Runtime/Synthesis/Synthesis.uplugin" 611
"../../../Engine/Plugins/Runtime/SoundUtilities/SoundUtilities.uplugin" 612
"../../../Engine/Plugins/Runtime/WebBrowserNativeProxy/WebBrowserNativeProxy.uplugin" 613
"../../../Engine/Plugins/Runtime/PropertyAccess/PropertyAccessEditor.uplugin" 614
"../../../Engine/Plugins/Runtime/SoundFields/SoundFields.uplugin" 615
"../../../Engine/Plugins/Runtime/WebBrowserWidget/WebBrowserWidget.uplugin" 616
"../../../Engine/Plugins/Runtime/WindowsMoviePlayer/WindowsMoviePlayer.uplugin" 617
"../../../Engine/Plugins/Runtime/WindowsDeviceProfileSelector/WindowsDeviceProfileSelector.uplugin" 618
"../../../Engine/Plugins/Runtime/SoundCueTemplates/SoundCueTemplates.uplugin" 619
"../../../Engine/Plugins/Runtime/ZoneGraph/ZoneGraph.uplugin" 620
"../../../Engine/Plugins/Runtime/XRBase/XRBase.uplugin" 621
"../../../Engine/Plugins/Runtime/WorldConditions/WorldConditions.uplugin" 622
"../../../Engine/Plugins/Runtime/NavCorridor/NavCorridor.uplugin" 623
"../../../Engine/Plugins/Runtime/PreLoadScreenMoviePlayer/PreLoadScreenMoviePlayer.uplugin" 624
"../../../Engine/Plugins/Runtime/WebMMoviePlayer/WebMMoviePlayer.uplugin" 625
"../../../Engine/Plugins/Experimental/Animation/ContextualAnimation/ContextualAnimation.uplugin" 626
"../../../Engine/Plugins/Experimental/Animation/CurveExpression/CurveExpression.uplugin" 627
"../../../Engine/Plugins/Experimental/Animation/HierarchyTable/HierarchyTable.uplugin" 628
"../../../Engine/Plugins/Runtime/SkeletalMerging/SkeletalMerging.uplugin" 629
"../../../Engine/Plugins/Runtime/MassGameplay/MassGameplay.uplugin" 630
"../../../Engine/Plugins/Experimental/Animation/HierarchyTableAnimation/HierarchyTableAnimation.uplugin" 631
"../../../Engine/Plugins/Runtime/SunPosition/SunPosition.uplugin" 632
"../../../Engine/Plugins/Experimental/Animation/Locomotor/Locomotor.uplugin" 633
"../../../Engine/Plugins/Experimental/Animation/Optimus/Optimus.uplugin" 634
"../../../Engine/Plugins/Experimental/Animation/PackedAttributes/PackedAttributes.uplugin" 635
"../../../Engine/Plugins/Experimental/Animation/SkeletonTemplateFramework/SkeletonTemplateFramework.uplugin" 636
"../../../Engine/Plugins/Experimental/Animation/RigMapper/RigMapper.uplugin" 637
"../../../Engine/Plugins/Experimental/Animation/MotionTrajectory/MotionTrajectory.uplugin" 638
"../../../Engine/Plugins/Experimental/Animation/TrajectoryTools/TrajectoryTools.uplugin" 639
"../../../Engine/Plugins/Online/IOS/OnlineSubsystemIOS/OnlineSubsystemIOS.uplugin" 640
"../../../Engine/Plugins/Runtime/Soundscape/Soundscape.uplugin" 641
"../../../Engine/Plugins/Runtime/Database/SQLiteSupport/SQLiteSupport.uplugin" 642
"../../../Engine/Plugins/Runtime/MeshReconstruction/DummyMeshReconstructor/DummyMeshReconstructor.uplugin" 643
"../../../Engine/Plugins/Experimental/AVCodecs/AMFCodecs/AMFCodecs.uplugin" 644
"../../../Engine/Plugins/Experimental/AVCodecs/AVCodecsCore/AVCodecsCore.uplugin" 645
"../../../Engine/Plugins/Experimental/Animation/SkeletalMeshMorphTargetEditingTools/SkeletalMeshMorphTargetEditingTools.uplugin" 646
"../../../Engine/Plugins/Experimental/AVCodecs/LibVpxCodecs/LibVpxCodecs.uplugin" 647
"../../../Engine/Plugins/Experimental/AVCodecs/NVCodecs/NVCodecs.uplugin" 648
"../../../Engine/Plugins/Experimental/AVCodecs/WMFCodecs/WMFCodecs.uplugin" 649
"../../../Engine/Plugins/Experimental/AVCodecs/VTCodecs/VTCodecs.uplugin" 650
"../../../Engine/Plugins/Runtime/SmartObjects/SmartObjects.uplugin" 651
"../../../Engine/Plugins/Experimental/Compositing/HoldoutComposite/HoldoutComposite.uplugin" 652
"../../../Engine/Plugins/Runtime/Database/ADOSupport/ADOSupport.uplugin" 653
"../../../Engine/Plugins/Runtime/Database/RemoteDatabaseSupport/RemoteDatabaseSupport.uplugin" 654
"../../../Engine/Plugins/Runtime/Database/DatabaseSupport/DatabaseSupport.uplugin" 655
"../../../Engine/Plugins/Experimental/CharacterFXEditor/ExampleCharacterFXEditor/ExampleCharacterFXEditor.uplugin" 656
"../../../Engine/Plugins/Experimental/Enterprise/DatasmithInterchange/DatasmithInterchange.uplugin" 657
"../../../Engine/Plugins/Experimental/Enterprise/DatasmithRuntime/DatasmithRuntime.uplugin" 658
"../../../Engine/Plugins/Experimental/Enterprise/DataprepGeometryOperations/DataprepGeometryOperations.uplugin" 659
"../../../Engine/Plugins/Experimental/MetaHuman/MetaHumanRuntime/MetaHumanRuntime.uplugin" 660
"../../../Engine/Plugins/Online/VoiceChat/EOSVoiceChat/EOSVoiceChat.uplugin" 661
"../../../Engine/Plugins/Runtime/Database/SQLiteCore/SQLiteCore.uplugin" 662
"../../../Engine/Plugins/VirtualProduction/DMX/DatasmithMVR/DatasmithMVR.uplugin" 663
"../../../Engine/Plugins/VirtualProduction/DMX/DMXControlConsole/DMXControlConsole.uplugin" 664
"../../../Engine/Plugins/Online/VoiceChat/VoiceChat/VoiceChat.uplugin" 665
"../../../Engine/Plugins/VirtualProduction/DMX/DMXProtocol/DMXProtocol.uplugin" 666
"../../../Engine/Plugins/Animation/MLDeformer/NeuralMorphModel/NeuralMorphModel.uplugin" 667
"../../../Engine/Plugins/Animation/MLDeformer/ChaosClothGenerator/ChaosClothGenerator.uplugin" 668
"../../../Engine/Plugins/Animation/MLDeformer/MLDeformerFramework/MLDeformerFramework.uplugin" 669
"../../../Engine/Plugins/Runtime/Nvidia/GeForceNOWWrapper/GeForceNOWWrapper.uplugin" 670
"../../../Engine/Plugins/Animation/MLDeformer/VertexDeltaModel/VertexDeltaModel.uplugin" 671
"../../../Engine/Plugins/VirtualProduction/DMX/DMXGDTF/DMXGDTF.uplugin" 672
"../../../Engine/Plugins/VirtualProduction/DMX/DMXEngine/DMXEngine.uplugin" 673
"../../../Engine/Plugins/VirtualProduction/DMX/DMXPixelMapping/DMXPixelMapping.uplugin" 674
"../../../Engine/Plugins/Animation/MLDeformer/NearestNeighborModel/NearestNeighborModel.uplugin" 675
"../../../Engine/Plugins/Runtime/ZoneGraphAnnotations/ZoneGraphAnnotations.uplugin" 676
"../../../Engine/Plugins/Runtime/Nvidia/Reflex/Reflex.uplugin" 677
"../../../Engine/Plugins/VirtualProduction/DMX/DMXFixtures/DMXFixtures.uplugin" 678
"../../../Engine/Plugins/Online/Android/AndroidFetchBackgroundDownload/AndroidFetchBackgroundDownload.uplugin" 679
"../../../Engine/Plugins/Online/Android/OnlineSubsystemGooglePlay/OnlineSubsystemGooglePlay.uplugin" 680
"../../../Engine/Plugins/VirtualProduction/CaptureManager/CaptureManagerApp/CaptureManagerApp.uplugin" 681
"../../../Engine/Plugins/VirtualProduction/CaptureManager/CaptureManagerCore/CaptureManagerCore.uplugin" 682
"../../../Engine/Plugins/VirtualProduction/Rivermax/RivermaxCore/RivermaxCore.uplugin" 683
"../../../Engine/Plugins/VirtualProduction/DMX/DMXModularFeatures/DMXModularFeatures.uplugin" 684
"../../../Engine/Plugins/VirtualProduction/CaptureManager/CaptureManagerEditor/CaptureManagerEditor.uplugin" 685
"../../../Engine/Plugins/VirtualProduction/CaptureManager/CaptureManagerDevices/CaptureManagerDevices.uplugin" 686
"../../../Engine/Plugins/VirtualProduction/Rivermax/RivermaxSync/RivermaxSync.uplugin" 687
"../../../Engine/Plugins/VirtualProduction/Rivermax/RivermaxMedia/RivermaxMedia.uplugin" 688
"../../../Engine/Plugins/Editor/ObjectMixer/ObjectMixer/ObjectMixer.uplugin" 689
"../../../Engine/Plugins/Editor/ObjectMixer/LightMixer/LightMixer.uplugin" 690
"../../../Engine/Plugins/Runtime/Advertising/IOSTapJoy/IOSTapJoy.uplugin" 691
"../../../Engine/Plugins/Experimental/PCGInterops/PCGInstancedActorsInterop/PCGInstancedActorsInterop.uplugin" 692
"../../../Engine/Plugins/Experimental/PCGInterops/PCGNiagaraInterop/PCGNiagaraInterop.uplugin" 693
"../../../Engine/Plugins/Experimental/PCGInterops/PCGWaterInterop/PCGWaterInterop.uplugin" 694
"../../../Engine/Plugins/Editor/ContentBrowser/ContentBrowserAssetDataSource/ContentBrowserAssetDataSource.uplugin" 695
"../../../Engine/Plugins/Editor/ContentBrowser/ContentBrowserAliasDataSource/ContentBrowserAliasDataSource.uplugin" 696
"../../../Engine/Plugins/Editor/ContentBrowser/ContentBrowserFileDataSource/ContentBrowserFileDataSource.uplugin" 697
"../../../Engine/Plugins/Editor/ContentBrowser/ContentBrowserClassDataSource/ContentBrowserClassDataSource.uplugin" 698
"../../../Engine/Plugins/Interchange/Extensions/OpenVDB/InterchangeOpenVDB.uplugin" 699
"../../../Engine/Plugins/Interchange/Extensions/OpenUSD/InterchangeOpenUSD.uplugin" 700
"../../../Engine/Plugins/Runtime/PacketHandlers/AESGCMHandlerComponent/AESGCMHandlerComponent.uplugin" 701
"../../../Engine/Plugins/Runtime/PacketHandlers/DTLSHandlerComponent/DTLSHandlerComponent.uplugin" 702
"../../../Engine/Plugins/Runtime/Steam/SteamAudio/SteamAudio.uplugin" 703
"../../../Engine/Plugins/Runtime/PacketHandlers/AESHandlerComponent/AESHandlerComponent.uplugin" 704
"../../../Engine/Plugins/Runtime/Steam/SteamShared/SteamShared.uplugin" 705
"../../../Engine/Plugins/Runtime/Windows/WinDualShock/WinDualShock.uplugin" 706
"../../../Engine/Plugins/Runtime/Steam/SteamSockets/SteamSockets.uplugin" 707
"../../../Engine/Plugins/Runtime/Analytics/FileLogging/FileLogging.uplugin" 708
"../../../Engine/Plugins/Runtime/Analytics/Adjust/Adjust.uplugin" 709
"../../../Engine/Plugins/Runtime/Steam/SteamController/SteamController.uplugin" 710
"../../../Engine/Plugins/Runtime/XR/XRScribe/XRScribe.uplugin" 711
"../../../Engine/Plugins/Runtime/Windows/XInputDevice/XInputDevice.uplugin" 712
"../../../Engine/Plugins/Runtime/XR/XRVisualization/XRVisualization.uplugin" 713
"../../../Engine/Plugins/Developer/Concert/ConcertMain/ConcertMain.uplugin" 714
"../../../Engine/Plugins/Runtime/AR/ARUtilities/ARUtilities.uplugin" 715
"../../../Engine/Plugins/Animation/MLDeformer/ChaosFleshGenerator/ChaosFleshGenerator.uplugin" 716
"../../../Engine/Plugins/Runtime/Analytics/AnalyticsBlueprintLibrary/AnalyticsBlueprintLibrary.uplugin" 717
"../../../Engine/Plugins/Experimental/VirtualProduction/VPRoles/VPRoles.uplugin" 718
"../../../Engine/Plugins/Experimental/VirtualProduction/LedWallCalibration/LedWallCalibration.uplugin" 719
"../../../Engine/Plugins/Experimental/VirtualProduction/VPSettings/VPSettings.uplugin" 720
"../../../Engine/Plugins/Runtime/Analytics/AnalyticsMulticast/AnalyticsMulticast.uplugin" 721
"../../../Engine/Plugins/Experimental/Web/WebAPI/WebAPI.uplugin" 722
"../../../Engine/Plugins/Experimental/Animation/MLDeformer/DetailPoseModel/DetailPoseModel.uplugin" 723
"../../../Engine/Plugins/Editor/Localization/PortableObjectFileDataSource/PortableObjectFileDataSource.uplugin" 724
"../../../Engine/Plugins/Developer/Concert/ConcertInsights/ConcertInsightsClient/ConcertInsightsClient.uplugin" 725
"../../../Engine/Plugins/Developer/Concert/ConcertInsights/ConcertInsightsCore/ConcertInsightsCore.uplugin" 726
"../../../Engine/Plugins/Developer/Concert/ConcertInsights/ConcertInsightsServer/ConcertInsightsServer.uplugin" 727
"../../../Engine/Plugins/Developer/Concert/ConcertScripting/ConcertReplicationScripting/ConcertReplicationScripting.uplugin" 728
"../../../Engine/Plugins/Developer/Concert/ConcertInsights/ConcertInsightsVisualizer/ConcertInsightsVisualizer.uplugin" 729
"../../../Engine/Plugins/Experimental/Compositing/CompositeCore/CompositeCore.uplugin" 730
"../../../Engine/Plugins/Experimental/CharacterFXEditor/BaseCharacterFXEditor/BaseCharacterFXEditor.uplugin" 731
"../../../Engine/Plugins/VirtualProduction/DMX/DMXDisplayCluster/DMXDisplayCluster.uplugin" 732
"../../../Engine/Plugins/Runtime/AR/Google/GoogleARCore/GoogleARCore.uplugin" 733
"../../../Engine/Plugins/Runtime/AR/Google/GoogleARCoreServices/GoogleARCoreServices.uplugin" 734
"../../../Engine/Plugins/Developer/Concert/ConcertSync/ConcertSyncClient/ConcertSyncClient.uplugin" 735
"../../../Engine/Plugins/Developer/Concert/ConcertSync/ConcertSyncCore/ConcertSyncCore.uplugin" 736
"../../../Engine/Plugins/Developer/Concert/ConcertUI/ConcertClientSharedSlate/ConcertClientSharedSlate.uplugin" 737
"../../../Engine/Plugins/Developer/Concert/ConcertUI/ConcertSharedSlate/ConcertSharedSlate.uplugin" 738
"../../../Engine/Plugins/Developer/Concert/ConcertSync/ConcertSyncServer/ConcertSyncServer.uplugin" 739
"../../../Engine/Plugins/Runtime/AR/AppleAR/AppleARKit/AppleARKit.uplugin" 740
"../../../Engine/Plugins/Runtime/AR/AppleAR/AppleARKitFaceSupport/AppleARKitFaceSupport.uplugin" 741
"../../../Engine/Plugins/Developer/Concert/ConcertApp/DisasterRecoveryClient/DisasterRecoveryClient.uplugin" 742
"../../../Engine/Plugins/Developer/Concert/ConcertApp/MultiUserClient/MultiUserClient.uplugin" 743
"../../../Engine/Plugins/Developer/Concert/ConcertApp/MultiUserServer/MultiUserServer.uplugin" 744
"../../../Engine/Plugins/Developer/Concert/ConcertSync/ConcertSyncTest/ConcertSyncTest.uplugin" 745
"../../../Engine/Platforms/Android/Plugins/RigLogic/RigLogic_Android.uplugin" 746
"../../../Engine/Platforms/Android/Plugins/Animation/ACLPlugin/ACLPlugin_Android.uplugin" 747
"../../../Engine/Platforms/IOS/Plugins/RigLogic/RigLogic_IOS.uplugin" 748
"../../../Engine/Content/Internationalization/icudt64l/cnvalias.icu" 749
"../../../Engine/Content/Internationalization/icudt64l/res_index.res" 750
"../../../Engine/Content/Internationalization/icudt64l/plurals.res" 751
"../../../Engine/Content/Internationalization/icudt64l/lang/pl.res" 752
"../../../Engine/Content/Internationalization/icudt64l/lang/pool.res" 753
"../../../Engine/Content/Internationalization/icudt64l/lang/root.res" 754
"../../../Engine/Content/Internationalization/icudt64l/region/pl.res" 755
"../../../Engine/Content/Internationalization/icudt64l/region/pool.res" 756
"../../../Engine/Content/Internationalization/icudt64l/region/root.res" 757
"../../../Engine/Content/Internationalization/icudt64l/lang/en.res" 758
"../../../Engine/Content/Internationalization/icudt64l/region/en.res" 759
"../../../Engine/Content/Internationalization/icudt64l/windowsZones.res" 760
"../../../Engine/Content/Internationalization/icudt64l/zoneinfo64.res" 761
"../../../Engine/Content/Internationalization/icudt64l/keyTypeData.res" 762
"../../../Engine/Content/Internationalization/icudt64l/timezoneTypes.res" 763
"../../../Engine/Content/Internationalization/icudt64l/likelySubtags.res" 764
"../../../Engine/Content/Internationalization/icudt64l/pl_PL.res" 765
"../../../Engine/Content/Internationalization/icudt64l/pool.res" 766
"../../../Engine/Content/Internationalization/icudt64l/pl.res" 767
"../../../Engine/Content/Internationalization/icudt64l/root.res" 768
"../../../Engine/Content/Internationalization/icudt64l/supplementalData.res" 769
"../../../Engine/Config/ConfigRedirects.ini" 770
"C:/Users/Mateusz/AppData/Local/UnrealEngine/5.6/Saved/Config/WindowsEditor/Manifest.ini" 771
"../../../Engine/Config/BaseEngine.ini" 772
"../../../Engine/Config/Windows/BaseWindowsEngine.ini" 773
"../../../../hooy/ProjectMegaSample/ProjectMegaSample/Config/DefaultEngine.ini" 774
"C:/Users/Mateusz/AppData/Local/Unreal Engine/Engine/Config/UserEngine.ini" 775
"../../../Engine/Config/BaseGame.ini" 776
"../../../../hooy/ProjectMegaSample/ProjectMegaSample/Config/DefaultGame.ini" 777
"../../../Engine/Config/Windows/WindowsGame.ini" 778
"D:/Pliki program?w (x86)/hooy/ProjectMegaSample/ProjectMegaSample/Saved/Config/WindowsEditor/Game.ini" 779
"../../../Engine/Config/BaseInput.ini" 780
"../../../Engine/Config/Windows/BaseWindowsInput.ini" 781
"../../../../hooy/ProjectMegaSample/ProjectMegaSample/Config/DefaultInput.ini" 782
"../../../Engine/Config/Windows/WindowsInput.ini" 783
"D:/Pliki program?w (x86)/hooy/ProjectMegaSample/ProjectMegaSample/Saved/Config/WindowsEditor/Input.ini" 784
"../../../Engine/Config/BaseDeviceProfiles.ini" 785
"../../../Engine/Config/BaseGameUserSettings.ini" 786
"D:/Pliki program?w (x86)/hooy/ProjectMegaSample/ProjectMegaSample/Saved/Config/WindowsEditor/GameUserSettings.ini" 787
"../../../Engine/Config/BaseScalability.ini" 788
"../../../Engine/Config/BaseRuntimeOptions.ini" 789
"../../../Engine/Config/BaseInstallBundle.ini" 790
"../../../Engine/Config/BaseHardware.ini" 791
"../../../../hooy/ProjectMegaSample/ProjectMegaSample/Config/DefaultGameplayTags.ini" 792
"../../../Engine/Config/BaseCompat.ini" 793
"../../../Engine/Config/BaseLightmass.ini" 794
"../../../Engine/Config/BaseEditor.ini" 795
"../../../../hooy/ProjectMegaSample/ProjectMegaSample/Config/DefaultEditor.ini" 796
"D:/Pliki program?w (x86)/hooy/ProjectMegaSample/ProjectMegaSample/Saved/Config/WindowsEditor/Editor.ini" 797
"../../../Engine/Config/BaseMaterialExpressions.ini" 798
"../../../Engine/Config/BaseEditorPerProjectUserSettings.ini" 799
"../../../Engine/Config/Windows/WindowsEditorPerProjectUserSettings.ini" 800
"D:/Pliki program?w (x86)/hooy/ProjectMegaSample/ProjectMegaSample/Saved/Config/WindowsEditor/EditorPerProjectUserSettings.ini" 801
"../../../Engine/Config/BaseEditorSettings.ini" 802
"../../../Engine/Config/Windows/WindowsEditorSettings.ini" 803
"C:/Users/Mateusz/AppData/Local/UnrealEngine/5.6/Saved/Config/WindowsEditor/EditorSettings.ini" 804
"../../../Engine/Config/BaseEditorKeyBindings.ini" 805
"C:/Users/Mateusz/AppData/Local/UnrealEngine/5.6/Saved/Config/WindowsEditor/EditorKeyBindings.ini" 806
"C:/Users/Mateusz/AppData/Local/UnrealEngine/5.6/Saved/Config/WindowsEditor/EditorLayout.ini" 807
"../../../Engine/Binaries/Win64/BootstrapPackagedGame-Win64-Shipping.target" 808
"../../../Engine/Binaries/Win64/BuildPatchTool-Win64-Shipping.target" 809
"../../../Engine/Binaries/Win64/CrashReportClient-Win64-Shipping.target" 810
"../../../Engine/Config/Linux/BaseLinuxEngine.ini" 811
"../../../Engine/Binaries/Win64/CrashReportClientEditor-Win64-Shipping.target" 812
"../../../Engine/Config/Mac/BaseMacEngine.ini" 813
"../../../Engine/Config/Unix/UnixEngine.ini" 814
"../../../Engine/Config/Linux/LinuxEngine.ini" 815
"../../../Engine/Config/IOS/BaseIOSEngine.ini" 816
"../../../Engine/Binaries/Win64/DatasmithCADWorker.target" 817
"../../../Engine/Binaries/Win64/EpicWebHelper-Win64-Shipping.target" 818
"../../../Engine/Binaries/Win64/InterchangeWorker.target" 819
"../../../Engine/Config/Android/BaseAndroidEngine.ini" 820
"../../../Engine/Config/TVOS/TVOSEngine.ini" 821
"../../../Engine/Binaries/Win64/LiveCodingConsole.target" 822
"../../../Engine/Platforms/VisionOS/Config/BaseVisionOSEngine.ini" 823
"../../../Engine/Binaries/Win64/LiveLinkHub.target" 824
"../../../Engine/Platforms/VisionOS/Config/VisionOSEngine.ini" 825
"../../../Engine/Config/Android/AndroidEngine.ini" 826
"../../../Engine/Config/IOS/BaseIOSGame.ini" 827
"../../../Engine/Config/Mac/MacGame.ini" 828
"../../../Engine/Config/Linux/LinuxGame.ini" 829
"../../../Engine/Config/IOS/IOSGame.ini" 830
"../../../Engine/Config/Android/BaseAndroidGame.ini" 831
"../../../Engine/Config/Mac/BaseMacInput.ini" 832
"../../../Engine/Config/IOS/BaseIOSInput.ini" 833
"../../../Engine/Config/Android/BaseAndroidInput.ini" 834
"../../../Engine/Config/IOS/IOSScalability.ini" 835
"../../../Engine/Config/Android/AndroidScalability.ini" 836
"../../../Engine/Config/IOS/BaseIOSInstallBundle.ini" 837
"../../../Engine/Config/Android/BaseAndroidInstallBundle.ini" 838
"../../../Engine/Binaries/Win64/ShaderCompileWorker.target" 839
"../../../Engine/Binaries/Win64/SwitchboardListener.target" 840
"../../../Engine/Binaries/Win64/SwitchboardListenerHelper.target" 841
"../../../Engine/Binaries/Win64/UnrealEditor-Win64-DebugGame.target" 842
"../../../Engine/Binaries/Win64/UnrealEditor.target" 843
"../../../Engine/Config/PluginBase.ini" 844
"../../../Engine/Plugins/ChaosVD/Config/DefaultChaosVD.ini" 845
"../../../Engine/Plugins/EnhancedInput/Config/BaseEnhancedInput.ini" 846
"../../../Engine/Plugins/Fab/Config/BaseFab.ini" 847
"../../../Engine/Plugins/TraceUtilities/Config/BaseTraceUtilities.ini" 848
"../../../Engine/Plugins/Cameras/GameplayCameras/Config/BaseGameplayCameras.ini" 849
"../../../Engine/Plugins/Experimental/FullBodyIK/Config/BaseFullBodyIK.ini" 850
"../../../Engine/Plugins/Experimental/ToolPresets/Config/BaseToolPresets.ini" 851
"../../../Engine/Plugins/VirtualProduction/CameraCalibrationCore/Config/BaseCameraCalibrationCore.ini" 852
"../../../Engine/Plugins/VirtualProduction/Takes/Config/BaseTakes.ini" 853
"../../../Engine/Plugins/MetaHuman/MetaHumanSDK/Config/BaseMetaHumanSDK.ini" 854
"../../../Engine/Plugins/2D/Paper2D/Config/BasePaper2D.ini" 855
"../../../Engine/Plugins/Animation/ControlRig/Config/BaseControlRig.ini" 856
"../../../Engine/Plugins/Animation/DeformerGraph/Config/BaseDeformerGraph.ini" 857
"../../../Engine/Plugins/Animation/IKRig/Config/BaseIKRig.ini" 858
"../../../Engine/Plugins/Editor/EditorScriptingUtilities/Config/BaseEditorScriptingUtilities.ini" 859
"../../../Engine/Plugins/Enterprise/DatasmithContent/Config/BaseDatasmithContent.ini" 860
"../../../Engine/Plugins/Enterprise/GLTFExporter/Config/BaseGLTFExporter.ini" 861
"../../../Engine/Plugins/Enterprise/GLTFExporter/Config/DefaultGLTFExporter.ini" 862
"../../../Engine/Plugins/Enterprise/VariantManagerContent/Config/BaseVariantManagerContent.ini" 863
"../../../Engine/Plugins/FX/Niagara/Config/BaseNiagara.ini" 864
"D:/Pliki program?w (x86)/hooy/ProjectMegaSample/ProjectMegaSample/Saved/Config/WindowsEditor/Niagara.ini" 865
"../../../Engine/Plugins/Interchange/Assets/Config/BaseInterchangeAssets.ini" 866
"../../../Engine/Plugins/Interchange/Runtime/Config/BaseInterchange.ini" 867
"../../../Engine/Plugins/Runtime/HairStrands/Config/BaseHairStrands.ini" 868
"../../../Engine/Plugins/Runtime/Metasound/Config/BaseMetasound.ini" 869
"../../../Engine/Plugins/Runtime/Metasound/Config/DefaultMetasound.ini" 870
"../../../Engine/Plugins/Runtime/PropertyBindingUtils/Config/BasePropertyBindingUtils.ini" 871
"../../../Engine/Plugins/Runtime/RigVM/Config/BaseRigVM.ini" 872
"../../../Engine/Plugins/Runtime/StateTree/Config/BaseStateTree.ini" 873
"../../../Engine/Plugins/Runtime/Synthesis/Config/BaseSynthesis.ini" 874
"../../../Engine/Plugins/Experimental/Compositing/CompositeCore/Config/BaseCompositeCore.ini" 875
"../../../Engine/Plugins/ChaosVD/Config/Engine.ini" 876
"../../../Engine/Plugins/EnhancedInput/Config/Input.ini" 877
"../../../Engine/Plugins/Runtime/InputDebugging/Config/Input.ini" 878
"../../../Engine/Plugins/Runtime/Windows/XInputDevice/Config/Input.ini" 879
"../../../Engine/Plugins/Online/OnlineSubsystemUtils/Config/Editor.ini" 880
"../../../Engine/Plugins/Runtime/RigVM/Config/Editor.ini" 881
"../../../Engine/Plugins/NNE/NNEDenoiser/Config/Game.ini" 882
"../../../Engine/Plugins/Editor/ModelingToolsEditorMode/Binaries/Win64/UnrealEditor.modules" 883
"../../../Engine/Plugins/Runtime/MeshModelingToolset/Binaries/Win64/UnrealEditor.modules" 884
"../../../Engine/Plugins/Experimental/MeshModelingToolsetExp/Binaries/Win64/UnrealEditor.modules" 885
"../../../Engine/Plugins/Editor/MeshLODToolset/Binaries/Win64/UnrealEditor.modules" 886
"../../../Engine/Plugins/Experimental/ToolPresets/Binaries/Win64/UnrealEditor.modules" 887
"../../../Engine/Plugins/Editor/StylusInput/Binaries/Win64/UnrealEditor.modules" 888
"../../../Engine/Plugins/Runtime/GeometryProcessing/Binaries/Win64/UnrealEditor.modules" 889
"../../../Engine/Plugins/Editor/ProxyLODPlugin/Binaries/Win64/UnrealEditor.modules" 890
"../../../Engine/Plugins/Experimental/PlanarCutPlugin/Binaries/Win64/UnrealEditor.modules" 891
"../../../Engine/Plugins/Runtime/GeometryCache/Binaries/Win64/UnrealEditor.modules" 892
"../../../Engine/Plugins/Experimental/GeometryFlow/Binaries/Win64/UnrealEditor.modules" 893
"../../../Engine/Plugins/Editor/EditorScriptingUtilities/Binaries/Win64/UnrealEditor.modules" 894
"../../../Engine/Plugins/FX/Niagara/Binaries/Win64/UnrealEditor.modules" 895
"../../../Engine/Plugins/Experimental/PythonScriptPlugin/Binaries/Win64/UnrealEditor.modules" 896
"../../../Engine/Plugins/Editor/ContentBrowser/ContentBrowserFileDataSource/Binaries/Win64/UnrealEditor.modules" 897
"../../../Engine/Plugins/Bridge/Binaries/Win64/UnrealEditor.modules" 898
"../../../Engine/Plugins/MetaHuman/MetaHumanSDK/Binaries/Win64/UnrealEditor.modules" 899
"../../../Engine/Plugins/Animation/ControlRig/Binaries/Win64/UnrealEditor.modules" 900
"../../../Engine/Plugins/Runtime/HairStrands/Binaries/Win64/UnrealEditor.modules" 901
"../../../Engine/Plugins/Animation/RigLogic/Binaries/Win64/UnrealEditor.modules" 902
"../../../Engine/Plugins/Online/EOSShared/Binaries/Win64/UnrealEditor.modules" 903
"../../../Engine/Plugins/Runtime/RigVM/Binaries/Win64/UnrealEditor.modules" 904
"../../../Engine/Plugins/MovieScene/LevelSequenceEditor/Binaries/Win64/UnrealEditor.modules" 905
"../../../Engine/Plugins/Runtime/PropertyAccess/Binaries/Win64/UnrealEditor.modules" 906
"../../../Engine/Plugins/MovieScene/SequencerScripting/Binaries/Win64/UnrealEditor.modules" 907
"../../../Engine/Plugins/Animation/TweeningUtils/Binaries/Win64/UnrealEditor.modules" 908
"../../../Engine/Plugins/Animation/DeformerGraph/Binaries/Win64/UnrealEditor.modules" 909
"../../../Engine/Plugins/Experimental/Dataflow/Binaries/Win64/UnrealEditor.modules" 910
"../../../Engine/Plugins/Runtime/ComputeFramework/Binaries/Win64/UnrealEditor.modules" 911
"../../../Engine/Plugins/Experimental/CharacterFXEditor/BaseCharacterFXEditor/Binaries/Win64/UnrealEditor.modules" 912
"../../../Engine/Plugins/Runtime/ProceduralMeshComponent/Binaries/Win64/UnrealEditor.modules" 913
"../../../Engine/Plugins/Experimental/ChaosCaching/Binaries/Win64/UnrealEditor.modules" 914
"../../../Engine/Plugins/Experimental/EditorDataStorage/Binaries/Win64/UnrealEditor.modules" 915
"../../../Engine/Plugins/Experimental/EditorDataStorageFeatures/Binaries/Win64/UnrealEditor.modules" 916
"../../../Engine/Plugins/VirtualProduction/Takes/Binaries/Win64/UnrealEditor.modules" 917
"../../../Engine/Plugins/Runtime/AudioCapture/Binaries/Win64/UnrealEditor.modules" 918
"../../../Engine/Plugins/Developer/NamingTokens/Binaries/Win64/UnrealEditor.modules" 919
"../../../Engine/Plugins/Editor/EngineAssetDefinitions/Binaries/Win64/UnrealEditor.modules" 920
"../../../Engine/Plugins/ChaosCloth/Binaries/Win64/UnrealEditor.modules" 921
"../../../Engine/Plugins/ChaosInsights/Binaries/Win64/UnrealEditor.modules" 922
"../../../Engine/Plugins/ChaosVD/Binaries/Win64/UnrealEditor.modules" 923
"../../../Engine/Plugins/CmdLinkServer/Binaries/Win64/UnrealEditor.modules" 924
"../../../Engine/Plugins/EnhancedInput/Binaries/Win64/UnrealEditor.modules" 925
"../../../Engine/Plugins/Editor/DataValidation/Binaries/Win64/UnrealEditor.modules" 926
"../../../Engine/Plugins/Fab/Binaries/Win64/UnrealEditor.modules" 927
"../../../Engine/Plugins/Interchange/Runtime/Binaries/Win64/UnrealEditor.modules" 928
"../../../Engine/Plugins/Enterprise/VariantManagerContent/Binaries/Win64/UnrealEditor.modules" 929
"../../../Engine/Plugins/Enterprise/VariantManager/Binaries/Win64/UnrealEditor.modules" 930
"../../../Engine/Plugins/Interchange/Assets/Binaries/Win64/UnrealEditor.modules" 931
"../../../Engine/Plugins/FastBuildController/Binaries/Win64/UnrealEditor.modules" 932
"../../../Engine/Plugins/IoStoreInsights/Binaries/Win64/UnrealEditor.modules" 933
"../../../Engine/Plugins/MassInsights/Binaries/Win64/UnrealEditor.modules" 934
"../../../Engine/Plugins/MeshPainting/Binaries/Win64/UnrealEditor.modules" 935
"../../../Engine/Plugins/Interchange/Editor/Binaries/Win64/UnrealEditor.modules" 936
"../../../Engine/Plugins/RenderGraphInsights/Binaries/Win64/UnrealEditor.modules" 937
"../../../Engine/Plugins/TraceUtilities/Binaries/Win64/UnrealEditor.modules" 938
"../../../Engine/Plugins/UbaController/Binaries/Win64/UnrealEditor.modules" 939
"../../../Engine/Plugins/XGEController/Binaries/Win64/UnrealEditor.modules" 940
"../../../Engine/Plugins/WorldMetrics/Binaries/Win64/UnrealEditor.modules" 941
"../../../Engine/Plugins/Cameras/CameraShakePreviewer/Binaries/Win64/UnrealEditor.modules" 942
"../../../Engine/Plugins/Cameras/GameplayCameras/Binaries/Win64/UnrealEditor.modules" 943
"../../../Engine/Plugins/VirtualProduction/CameraCalibrationCore/Binaries/Win64/UnrealEditor.modules" 944
"../../../Engine/Plugins/Runtime/StateTree/Binaries/Win64/UnrealEditor.modules" 945
"../../../Engine/Plugins/MovieScene/TemplateSequence/Binaries/Win64/UnrealEditor.modules" 946
"../../../Engine/Plugins/Animation/GameplayInsights/Binaries/Win64/UnrealEditor.modules" 947
"../../../Engine/Plugins/Runtime/PropertyBindingUtils/Binaries/Win64/UnrealEditor.modules" 948
"../../../Engine/Plugins/Cameras/EngineCameras/Binaries/Win64/UnrealEditor.modules" 949
"../../../Engine/Plugins/Compression/OodleNetwork/Binaries/Win64/UnrealEditor.modules" 950
"../../../Engine/Plugins/Developer/AnimationSharing/Binaries/Win64/UnrealEditor.modules" 951
"../../../Engine/Plugins/Runtime/SignificanceManager/Binaries/Win64/UnrealEditor.modules" 952
"../../../Engine/Plugins/Developer/CLionSourceCodeAccess/Binaries/Win64/UnrealEditor.modules" 953
"../../../Engine/Plugins/Developer/DumpGPUServices/Binaries/Win64/UnrealEditor.modules" 954
"../../../Engine/Plugins/Developer/GitSourceControl/Binaries/Win64/UnrealEditor.modules" 955
"../../../Engine/Plugins/Developer/N10XSourceCodeAccess/Binaries/Win64/UnrealEditor.modules" 956
"../../../Engine/Plugins/Developer/PerforceSourceControl/Binaries/Win64/UnrealEditor.modules" 957
"../../../Engine/Plugins/Developer/PixWinPlugin/Binaries/Win64/UnrealEditor.modules" 958
"../../../Engine/Plugins/Developer/PlasticSourceControl/Binaries/Win64/UnrealEditor.modules" 959
"../../../Engine/Plugins/Developer/PluginUtils/Binaries/Win64/UnrealEditor.modules" 960
"../../../Engine/Plugins/Developer/PropertyAccessNode/Binaries/Win64/UnrealEditor.modules" 961
"../../../Engine/Plugins/Developer/ProjectLauncher/Binaries/Win64/UnrealEditor.modules" 962
"../../../Engine/Plugins/Developer/RiderSourceCodeAccess/Binaries/Win64/UnrealEditor.modules" 963
"../../../Engine/Plugins/Developer/RenderDocPlugin/Binaries/Win64/UnrealEditor.modules" 964
"../../../Engine/Plugins/Developer/SubversionSourceControl/Binaries/Win64/UnrealEditor.modules" 965
"../../../Engine/Plugins/Developer/TextureFormatOodle/Binaries/Win64/UnrealEditor.modules" 966
"../../../Engine/Plugins/Developer/UObjectPlugin/Binaries/Win64/UnrealEditor.modules" 967
"../../../Engine/Plugins/Developer/VisualStudioCodeSourceCodeAccess/Binaries/Win64/UnrealEditor.modules" 968
"../../../Engine/Plugins/Developer/VisualStudioSourceCodeAccess/Binaries/Win64/UnrealEditor.modules" 969
"../../../Engine/Plugins/Experimental/AdvancedRenamer/Binaries/Win64/UnrealEditor.modules" 970
"../../../Engine/Plugins/Experimental/AutomationUtils/Binaries/Win64/UnrealEditor.modules" 971
"../../../Engine/Plugins/Experimental/BackChannel/Binaries/Win64/UnrealEditor.modules" 972
"../../../Engine/Plugins/Experimental/ChaosEditor/Binaries/Win64/UnrealEditor.modules" 973
"../../../Engine/Plugins/Experimental/GeometryCollectionPlugin/Binaries/Win64/UnrealEditor.modules" 974
"../../../Engine/Plugins/Experimental/Fracture/Binaries/Win64/UnrealEditor.modules" 975
"../../../Engine/Plugins/Experimental/ChaosSolverPlugin/Binaries/Win64/UnrealEditor.modules" 976
"../../../Engine/Plugins/Experimental/GeometryDataflow/Binaries/Win64/UnrealEditor.modules" 977
"../../../Engine/Plugins/Experimental/ChaosNiagara/Binaries/Win64/UnrealEditor.modules" 978
"../../../Engine/Plugins/Experimental/ChaosUserDataPT/Binaries/Win64/UnrealEditor.modules" 979
"../../../Engine/Plugins/Experimental/CharacterAI/Binaries/Win64/UnrealEditor.modules" 980
"../../../Engine/Plugins/Experimental/EditorTelemetry/Binaries/Win64/UnrealEditor.modules" 981
"../../../Engine/Plugins/Experimental/EditorPerformance/Binaries/Win64/UnrealEditor.modules" 982
"../../../Engine/Plugins/Experimental/LevelSequenceNavigatorBridge/Binaries/Win64/UnrealEditor.modules" 983
"../../../Engine/Plugins/Experimental/SequenceNavigator/Binaries/Win64/UnrealEditor.modules" 984
"../../../Engine/Plugins/Experimental/LocalizableMessage/Binaries/Win64/UnrealEditor.modules" 985
"../../../Engine/Plugins/Experimental/NFORDenoise/Binaries/Win64/UnrealEditor.modules" 986
"../../../Engine/Plugins/Experimental/PlatformCrypto/Binaries/Win64/UnrealEditor.modules" 987
"../../../Engine/Plugins/Experimental/RuntimeTelemetry/Binaries/Win64/UnrealEditor.modules" 988
"../../../Engine/Plugins/Experimental/SkeletalReduction/Binaries/Win64/UnrealEditor.modules" 989
"../../../Engine/Plugins/Media/AndroidMedia/Binaries/Win64/UnrealEditor.modules" 990
"../../../Engine/Plugins/Media/AvfMedia/Binaries/Win64/UnrealEditor.modules" 991
"../../../Engine/Plugins/Media/ImgMedia/Binaries/Win64/UnrealEditor.modules" 992
"../../../Engine/Plugins/Media/MediaPlayerEditor/Binaries/Win64/UnrealEditor.modules" 993
"../../../Engine/Plugins/Media/MediaCompositing/Binaries/Win64/UnrealEditor.modules" 994
"../../../Engine/Plugins/Media/MediaPlate/Binaries/Win64/UnrealEditor.modules" 995
"../../../Engine/Plugins/Experimental/Compositing/CompositeCore/Binaries/Win64/UnrealEditor.modules" 996
"../../../Engine/Plugins/Media/WmfMedia/Binaries/Win64/UnrealEditor.modules" 997
"../../../Engine/Plugins/Messaging/TcpMessaging/Binaries/Win64/UnrealEditor.modules" 998
"../../../Engine/Plugins/Messaging/UdpMessaging/Binaries/Win64/UnrealEditor.modules" 999
"../../../Engine/Plugins/Online/OnlineBase/Binaries/Win64/UnrealEditor.modules" 1000
"../../../Engine/Plugins/Online/OnlineSubsystem/Binaries/Win64/UnrealEditor.modules" 1001
"../../../Engine/Plugins/Online/OnlineSubsystemNull/Binaries/Win64/UnrealEditor.modules" 1002
"../../../Engine/Plugins/Online/OnlineSubsystemUtils/Binaries/Win64/UnrealEditor.modules" 1003
"../../../Engine/Plugins/Online/OnlineServices/Binaries/Win64/UnrealEditor.modules" 1004
"../../../Engine/Plugins/Tests/InterchangeTests/Binaries/Win64/UnrealEditor.modules" 1005
"../../../Engine/Plugins/NNE/NNEDenoiser/Binaries/Win64/UnrealEditor.modules" 1006
"../../../Engine/Plugins/NNE/NNERuntimeORT/Binaries/Win64/UnrealEditor.modules" 1007
"../../../Engine/Plugins/2D/Paper2D/Binaries/Win64/UnrealEditor.modules" 1008
"../../../Engine/Plugins/AI/AISupport/Binaries/Win64/UnrealEditor.modules" 1009
"../../../Engine/Plugins/AI/EnvironmentQueryEditor/Binaries/Win64/UnrealEditor.modules" 1010
"../../../Engine/Plugins/Animation/AnimationData/Binaries/Win64/UnrealEditor.modules" 1011
"../../../Engine/Plugins/Animation/ACLPlugin/Binaries/Win64/UnrealEditor.modules" 1012
"../../../Engine/Plugins/Animation/AnimationModifierLibrary/Binaries/Win64/UnrealEditor.modules" 1013
"../../../Engine/Plugins/Animation/BlendSpaceMotionAnalysis/Binaries/Win64/UnrealEditor.modules" 1014
"../../../Engine/Plugins/Animation/ControlRigSpline/Binaries/Win64/UnrealEditor.modules" 1015
"../../../Engine/Plugins/Animation/IKRig/Binaries/Win64/UnrealEditor.modules" 1016
"../../../Engine/Plugins/Experimental/FullBodyIK/Binaries/Win64/UnrealEditor.modules" 1017
"../../../Engine/Plugins/Animation/SkeletalMeshModelingTools/Binaries/Win64/UnrealEditor.modules" 1018
"../../../Engine/Plugins/Editor/AssetManagerEditor/Binaries/Win64/UnrealEditor.modules" 1019
"../../../Engine/Plugins/Editor/ContentBrowser/ContentBrowserAssetDataSource/Binaries/Win64/UnrealEditor.modules" 1020
"../../../Engine/Plugins/Editor/ChangelistReview/Binaries/Win64/UnrealEditor.modules" 1021
"../../../Engine/Plugins/Editor/ColorGrading/Binaries/Win64/UnrealEditor.modules" 1022
"../../../Engine/Plugins/Editor/ObjectMixer/ObjectMixer/Binaries/Win64/UnrealEditor.modules" 1023
"../../../Engine/Plugins/Editor/CryptoKeys/Binaries/Win64/UnrealEditor.modules" 1024
"../../../Engine/Plugins/Editor/CurveEditorTools/Binaries/Win64/UnrealEditor.modules" 1025
"../../../Engine/Plugins/Editor/BlueprintHeaderView/Binaries/Win64/UnrealEditor.modules" 1026
"../../../Engine/Plugins/Editor/EditorDebugTools/Binaries/Win64/UnrealEditor.modules" 1027
"../../../Engine/Plugins/Editor/FacialAnimation/Binaries/Win64/UnrealEditor.modules" 1028
"../../../Engine/Plugins/Editor/GeometryMode/Binaries/Win64/UnrealEditor.modules" 1029
"../../../Engine/Plugins/Editor/GameplayTagsEditor/Binaries/Win64/UnrealEditor.modules" 1030
"../../../Engine/Plugins/Editor/MaterialAnalyzer/Binaries/Win64/UnrealEditor.modules" 1031
"../../../Engine/Plugins/Editor/MobileLauncherProfileWizard/Binaries/Win64/UnrealEditor.modules" 1032
"../../../Engine/Plugins/Editor/SequencerAnimTools/Binaries/Win64/UnrealEditor.modules" 1033
"../../../Engine/Plugins/Editor/PluginBrowser/Binaries/Win64/UnrealEditor.modules" 1034
"../../../Engine/Plugins/Editor/SpeedTreeImporter/Binaries/Win64/UnrealEditor.modules" 1035
"../../../Engine/Plugins/Editor/UMGWidgetPreview/Binaries/Win64/UnrealEditor.modules" 1036
"../../../Engine/Plugins/Editor/UVEditor/Binaries/Win64/UnrealEditor.modules" 1037
"../../../Engine/Plugins/Enterprise/DatasmithContent/Binaries/Win64/UnrealEditor.modules" 1038
"../../../Engine/Plugins/Enterprise/GLTFExporter/Binaries/Win64/UnrealEditor.modules" 1039
"../../../Engine/Plugins/Editor/WorldPartitionHLODUtilities/Binaries/Win64/UnrealEditor.modules" 1040
"../../../Engine/Plugins/FX/Cascade/Binaries/Win64/UnrealEditor.modules" 1041
"../../../Engine/Plugins/FX/NiagaraSimCaching/Binaries/Win64/UnrealEditor.modules" 1042
"../../../Engine/Plugins/Importers/AlembicImporter/Binaries/Win64/UnrealEditor.modules" 1043
"../../../Engine/Plugins/MovieScene/ActorSequence/Binaries/Win64/UnrealEditor.modules" 1044
"../../../Engine/Plugins/Portal/LauncherChunkInstaller/Binaries/Win64/UnrealEditor.modules" 1045
"../../../Engine/Plugins/Runtime/ActorLayerUtilities/Binaries/Win64/UnrealEditor.modules" 1046
"../../../Engine/Plugins/Runtime/AndroidDeviceProfileSelector/Binaries/Win64/UnrealEditor.modules" 1047
"../../../Engine/Plugins/Runtime/AndroidFileServer/Binaries/Win64/UnrealEditor.modules" 1048
"../../../Engine/Plugins/Runtime/AndroidPermission/Binaries/Win64/UnrealEditor.modules" 1049
"../../../Engine/Plugins/Runtime/AppleImageUtils/Binaries/Win64/UnrealEditor.modules" 1050
"../../../Engine/Plugins/Runtime/ArchVisCharacter/Binaries/Win64/UnrealEditor.modules" 1051
"../../../Engine/Plugins/Runtime/AssetTags/Binaries/Win64/UnrealEditor.modules" 1052
"../../../Engine/Plugins/Runtime/CableComponent/Binaries/Win64/UnrealEditor.modules" 1053
"../../../Engine/Plugins/Runtime/CustomMeshComponent/Binaries/Win64/UnrealEditor.modules" 1054
"../../../Engine/Plugins/Runtime/ExampleDeviceProfileSelector/Binaries/Win64/UnrealEditor.modules" 1055
"../../../Engine/Plugins/Runtime/ChunkDownloader/Binaries/Win64/UnrealEditor.modules" 1056
"../../../Engine/Plugins/Runtime/GooglePAD/Binaries/Win64/UnrealEditor.modules" 1057
"../../../Engine/Plugins/Runtime/InputDebugging/Binaries/Win64/UnrealEditor.modules" 1058
"../../../Engine/Plugins/Runtime/LocationServicesBPLibrary/Binaries/Win64/UnrealEditor.modules" 1059
"../../../Engine/Plugins/Runtime/Metasound/Binaries/Win64/UnrealEditor.modules" 1060
"../../../Engine/Plugins/Runtime/AudioWidgets/Binaries/Win64/UnrealEditor.modules" 1061
"../../../Engine/Plugins/Runtime/AudioSynesthesia/Binaries/Win64/UnrealEditor.modules" 1062
"../../../Engine/Plugins/Runtime/WaveTable/Binaries/Win64/UnrealEditor.modules" 1063
"../../../Engine/Plugins/Runtime/MobilePatchingUtils/Binaries/Win64/UnrealEditor.modules" 1064
"../../../Engine/Plugins/Runtime/MsQuic/Binaries/Win64/UnrealEditor.modules" 1065
"../../../Engine/Plugins/Runtime/ResonanceAudio/Binaries/Win64/UnrealEditor.modules" 1066
"../../../Engine/Plugins/Runtime/Synthesis/Binaries/Win64/UnrealEditor.modules" 1067
"../../../Engine/Plugins/Runtime/SoundFields/Binaries/Win64/UnrealEditor.modules" 1068
"../../../Engine/Plugins/Runtime/WebMMoviePlayer/Binaries/Win64/UnrealEditor.modules" 1069
"../../../Engine/Plugins/Media/WebMMedia/Binaries/Win64/UnrealEditor.modules" 1070
"../../../Engine/Plugins/Runtime/WindowsMoviePlayer/Binaries/Win64/UnrealEditor.modules" 1071
"../../../Engine/Plugins/Runtime/WindowsDeviceProfileSelector/Binaries/Win64/UnrealEditor.modules" 1072
"../../../Engine/Plugins/Editor/ObjectMixer/LightMixer/Binaries/Win64/UnrealEditor.modules" 1073
"../../../Engine/Plugins/Editor/ContentBrowser/ContentBrowserClassDataSource/Binaries/Win64/UnrealEditor.modules" 1074
"../../../Engine/Plugins/Runtime/Windows/XInputDevice/Binaries/Win64/UnrealEditor.modules" 1075
"../../../Engine/Plugins/Editor/Localization/PortableObjectFileDataSource/Binaries/Win64/UnrealEditor.modules" 1076
"../../../Engine/Config/BaseSourceControlSettings.ini" 1077
"C:/Users/Mateusz/AppData/Local/UnrealEngine/5.6/Saved/Config/WindowsEditor/SourceControlSettings.ini" 1078
"D:/Pliki program?w (x86)/hooy/ProjectMegaSample/ProjectMegaSample/Saved/Config/WindowsEditor/SourceControlSettings.ini" 1079
"../../../Engine/Content/Internationalization/icudt64l/coll/ucadata.icu" 1080
"../../../Engine/Content/Internationalization/icudt64l/coll/pl.res" 1081
"../../../Engine/Content/Internationalization/icudt64l/coll/root.res" 1082
"../../../Engine/Content/Certificates/ThirdParty/cacert.pem" 1083
"../../../Engine/Config/ConsoleVariables.ini" 1084
"../../../Engine/Binaries/Win64/Android/UnrealEditor.modules" 1085
"../../../Engine/Binaries/Win64/IOS/UnrealEditor.modules" 1086
"../../../Engine/Binaries/Win64/Linux/UnrealEditor.modules" 1087
"../../../Engine/Content/Localization/Editor/en/Editor.locres" 1088
"../../../Engine/Content/Localization/EditorTutorials/en/EditorTutorials.locres" 1089
"../../../Engine/Content/Localization/Keywords/en/Keywords.locres" 1090
"../../../Engine/Content/Localization/Category/en/Category.locres" 1091
"../../../Engine/Content/Localization/ToolTips/en/ToolTips.locres" 1092
"../../../Engine/Content/Localization/PropertyNames/en/PropertyNames.locres" 1093
"../../../Engine/Content/Localization/Engine/en/Engine.locres" 1094
"../../../Engine/Plugins/Online/OnlineSubsystem/Content/Localization/OnlineSubsystem/en/OnlineSubsystem.locres" 1095
"../../../Engine/Plugins/Online/OnlineSubsystemUtils/Content/Localization/OnlineSubsystemUtils/en/OnlineSubsystemUtils.locres" 1096
"../../../Engine/Plugins/MetaHuman/MetaHumanSDK/Content/Localization/MetaHumanSDK/en/MetaHumanSDK.locres" 1097
"../../../Engine/Plugins/Online/IOS/OnlineSubsystemIOS/Content/Localization/OnlineSubsystemIOS/en/OnlineSubsystemIOS.locres" 1098
"../../../Engine/Plugins/Online/Android/OnlineSubsystemGooglePlay/Content/Localization/OnlineSubsystemGooglePlay/en/OnlineSubsystemGooglePlay.locres" 1099
"../../../Engine/Content/Internationalization/icudt64l/numberingSystems.res" 1100
"../../../Engine/Content/Internationalization/icudt64l/curr/supplementalData.res" 1101
"../../../Engine/Content/Internationalization/icudt64l/curr/pl.res" 1102
"../../../Engine/Content/Internationalization/icudt64l/curr/pool.res" 1103
"../../../Engine/Content/Internationalization/icudt64l/curr/root.res" 1104
"../../../Engine/Content/Internationalization/icudt64l/lang/af.res" 1105
"../../../Engine/Content/Internationalization/icudt64l/region/af.res" 1106
"../../../Engine/Content/Internationalization/icudt64l/lang/agq.res" 1107
"../../../Engine/Content/Internationalization/icudt64l/region/agq.res" 1108
"../../../Engine/Content/Internationalization/icudt64l/lang/ak.res" 1109
"../../../Engine/Content/Internationalization/icudt64l/region/ak.res" 1110
"../../../Engine/Content/Internationalization/icudt64l/lang/am.res" 1111
"../../../Engine/Content/Internationalization/icudt64l/region/am.res" 1112
"../../../Engine/Content/Internationalization/icudt64l/lang/ar.res" 1113
"../../../Engine/Content/Internationalization/icudt64l/region/ar.res" 1114
"../../../Engine/Content/Internationalization/icudt64l/region/ar_AE.res" 1115
"../../../Engine/Content/Internationalization/icudt64l/lang/ar_EG.res" 1116
"../../../Engine/Content/Internationalization/icudt64l/lang/ar_LY.res" 1117
"../../../Engine/Content/Internationalization/icudt64l/region/ar_LY.res" 1118
"../../../Engine/Content/Internationalization/icudt64l/lang/ar_SA.res" 1119
"../../../Engine/Content/Internationalization/icudt64l/region/ar_SA.res" 1120
"../../../Engine/Content/Internationalization/icudt64l/lang/as.res" 1121
"../../../Engine/Content/Internationalization/icudt64l/region/as.res" 1122
"../../../Engine/Content/Internationalization/icudt64l/lang/asa.res" 1123
"../../../Engine/Content/Internationalization/icudt64l/region/asa.res" 1124
"../../../Engine/Content/Internationalization/icudt64l/lang/ast.res" 1125
"../../../Engine/Content/Internationalization/icudt64l/region/ast.res" 1126
"../../../Engine/Content/Internationalization/icudt64l/lang/az.res" 1127
"../../../Engine/Content/Internationalization/icudt64l/lang/az_Cyrl.res" 1128
"../../../Engine/Content/Internationalization/icudt64l/lang/az_AZ.res" 1129
"../../../Engine/Content/Internationalization/icudt64l/lang/az_Latn_AZ.res" 1130
"../../../Engine/Content/Internationalization/icudt64l/lang/az_Latn.res" 1131
"../../../Engine/Content/Internationalization/icudt64l/region/az_AZ.res" 1132
"../../../Engine/Content/Internationalization/icudt64l/region/az_Latn_AZ.res" 1133
"../../../Engine/Content/Internationalization/icudt64l/region/az_Latn.res" 1134
"../../../Engine/Content/Internationalization/icudt64l/region/az.res" 1135
"../../../Engine/Content/Internationalization/icudt64l/region/az_Cyrl.res" 1136
"../../../Engine/Content/Internationalization/icudt64l/lang/bas.res" 1137
"../../../Engine/Content/Internationalization/icudt64l/region/bas.res" 1138
"../../../Engine/Content/Internationalization/icudt64l/lang/be.res" 1139
"../../../Engine/Content/Internationalization/icudt64l/region/be.res" 1140
"../../../Engine/Content/Internationalization/icudt64l/lang/bem.res" 1141
"../../../Engine/Content/Internationalization/icudt64l/region/bem.res" 1142
"../../../Engine/Content/Internationalization/icudt64l/lang/bez.res" 1143
"../../../Engine/Content/Internationalization/icudt64l/region/bez.res" 1144
"../../../Engine/Content/Internationalization/icudt64l/lang/bg.res" 1145
"../../../Engine/Content/Internationalization/icudt64l/region/bg.res" 1146
"../../../Engine/Content/Internationalization/icudt64l/lang/bm.res" 1147
"../../../Engine/Content/Internationalization/icudt64l/region/bm.res" 1148
"../../../Engine/Content/Internationalization/icudt64l/lang/bn.res" 1149
"../../../Engine/Content/Internationalization/icudt64l/region/bn.res" 1150
"../../../Engine/Content/Internationalization/icudt64l/lang/bn_IN.res" 1151
"../../../Engine/Content/Internationalization/icudt64l/region/bn_IN.res" 1152
"../../../Engine/Content/Internationalization/icudt64l/lang/bo.res" 1153
"../../../Engine/Content/Internationalization/icudt64l/region/bo.res" 1154
"../../../Engine/Content/Internationalization/icudt64l/region/bo_IN.res" 1155
"../../../Engine/Content/Internationalization/icudt64l/lang/br.res" 1156
"../../../Engine/Content/Internationalization/icudt64l/region/br.res" 1157
"../../../Engine/Content/Internationalization/icudt64l/lang/brx.res" 1158
"../../../Engine/Content/Internationalization/icudt64l/region/brx.res" 1159
"../../../Engine/Content/Internationalization/icudt64l/lang/bs.res" 1160
"../../../Engine/Content/Internationalization/icudt64l/lang/bs_Cyrl.res" 1161
"../../../Engine/Content/Internationalization/icudt64l/lang/bs_BA.res" 1162
"../../../Engine/Content/Internationalization/icudt64l/lang/bs_Latn_BA.res" 1163
"../../../Engine/Content/Internationalization/icudt64l/lang/bs_Latn.res" 1164
"../../../Engine/Content/Internationalization/icudt64l/region/bs_BA.res" 1165
"../../../Engine/Content/Internationalization/icudt64l/region/bs_Latn_BA.res" 1166
"../../../Engine/Content/Internationalization/icudt64l/region/bs_Latn.res" 1167
"../../../Engine/Content/Internationalization/icudt64l/region/bs.res" 1168
"../../../Engine/Content/Internationalization/icudt64l/region/bs_Cyrl.res" 1169
"../../../Engine/Content/Internationalization/icudt64l/lang/ca.res" 1170
"../../../Engine/Content/Internationalization/icudt64l/region/ca.res" 1171
"../../../Engine/Content/Internationalization/icudt64l/lang/ccp.res" 1172
"../../../Engine/Content/Internationalization/icudt64l/region/ccp.res" 1173
"../../../Engine/Content/Internationalization/icudt64l/lang/ce.res" 1174
"../../../Engine/Content/Internationalization/icudt64l/region/ce.res" 1175
"../../../Engine/Content/Internationalization/icudt64l/lang/ceb.res" 1176
"../../../Engine/Content/Internationalization/icudt64l/region/ceb.res" 1177
"../../../Engine/Content/Internationalization/icudt64l/lang/cgg.res" 1178
"../../../Engine/Content/Internationalization/icudt64l/region/cgg.res" 1179
"../../../Engine/Content/Internationalization/icudt64l/lang/chr.res" 1180
"../../../Engine/Content/Internationalization/icudt64l/region/chr.res" 1181
"../../../Engine/Content/Internationalization/icudt64l/lang/ckb.res" 1182
"../../../Engine/Content/Internationalization/icudt64l/region/ckb.res" 1183
"../../../Engine/Content/Internationalization/icudt64l/lang/cs.res" 1184
"../../../Engine/Content/Internationalization/icudt64l/region/cs.res" 1185
"../../../Engine/Content/Internationalization/icudt64l/lang/cy.res" 1186
"../../../Engine/Content/Internationalization/icudt64l/region/cy.res" 1187
"../../../Engine/Content/Internationalization/icudt64l/lang/da.res" 1188
"../../../Engine/Content/Internationalization/icudt64l/region/da.res" 1189
"../../../Engine/Content/Internationalization/icudt64l/lang/dav.res" 1190
"../../../Engine/Content/Internationalization/icudt64l/region/dav.res" 1191
"../../../Engine/Content/Internationalization/icudt64l/lang/de.res" 1192
"../../../Engine/Content/Internationalization/icudt64l/lang/de_AT.res" 1193
"../../../Engine/Content/Internationalization/icudt64l/region/de_AT.res" 1194
"../../../Engine/Content/Internationalization/icudt64l/region/de.res" 1195
"../../../Engine/Content/Internationalization/icudt64l/lang/de_CH.res" 1196
"../../../Engine/Content/Internationalization/icudt64l/region/de_CH.res" 1197
"../../../Engine/Content/Internationalization/icudt64l/lang/de_LU.res" 1198
"../../../Engine/Content/Internationalization/icudt64l/lang/dje.res" 1199
"../../../Engine/Content/Internationalization/icudt64l/region/dje.res" 1200
"../../../Engine/Content/Internationalization/icudt64l/lang/dsb.res" 1201
"../../../Engine/Content/Internationalization/icudt64l/region/dsb.res" 1202
"../../../Engine/Content/Internationalization/icudt64l/lang/dua.res" 1203
"../../../Engine/Content/Internationalization/icudt64l/region/dua.res" 1204
"../../../Engine/Content/Internationalization/icudt64l/lang/dyo.res" 1205
"../../../Engine/Content/Internationalization/icudt64l/region/dyo.res" 1206
"../../../Engine/Content/Internationalization/icudt64l/lang/dz.res" 1207
"../../../Engine/Content/Internationalization/icudt64l/region/dz.res" 1208
"../../../Engine/Content/Internationalization/icudt64l/lang/ebu.res" 1209
"../../../Engine/Content/Internationalization/icudt64l/region/ebu.res" 1210
"../../../Engine/Content/Internationalization/icudt64l/lang/ee.res" 1211
"../../../Engine/Content/Internationalization/icudt64l/region/ee.res" 1212
"../../../Engine/Content/Internationalization/icudt64l/lang/el.res" 1213
"../../../Engine/Content/Internationalization/icudt64l/region/el.res" 1214
"../../../Engine/Content/Internationalization/icudt64l/lang/en_001.res" 1215
"../../../Engine/Content/Internationalization/icudt64l/lang/en_150.res" 1216
"../../../Engine/Content/Internationalization/icudt64l/region/en_150.res" 1217
"../../../Engine/Content/Internationalization/icudt64l/lang/en_AG.res" 1218
"../../../Engine/Content/Internationalization/icudt64l/region/en_AG.res" 1219
"../../../Engine/Content/Internationalization/icudt64l/lang/en_AI.res" 1220
"../../../Engine/Content/Internationalization/icudt64l/region/en_AI.res" 1221
"../../../Engine/Content/Internationalization/icudt64l/lang/en_AT.res" 1222
"../../../Engine/Content/Internationalization/icudt64l/region/en_AT.res" 1223
"../../../Engine/Content/Internationalization/icudt64l/lang/en_AU.res" 1224
"../../../Engine/Content/Internationalization/icudt64l/region/en_AU.res" 1225
"../../../Engine/Content/Internationalization/icudt64l/lang/en_BB.res" 1226
"../../../Engine/Content/Internationalization/icudt64l/region/en_BB.res" 1227
"../../../Engine/Content/Internationalization/icudt64l/lang/en_BE.res" 1228
"../../../Engine/Content/Internationalization/icudt64l/region/en_BE.res" 1229
"../../../Engine/Content/Internationalization/icudt64l/lang/en_BM.res" 1230
"../../../Engine/Content/Internationalization/icudt64l/region/en_BM.res" 1231
"../../../Engine/Content/Internationalization/icudt64l/lang/en_BS.res" 1232
"../../../Engine/Content/Internationalization/icudt64l/region/en_BS.res" 1233
"../../../Engine/Content/Internationalization/icudt64l/lang/en_BW.res" 1234
"../../../Engine/Content/Internationalization/icudt64l/region/en_BW.res" 1235
"../../../Engine/Content/Internationalization/icudt64l/lang/en_BZ.res" 1236
"../../../Engine/Content/Internationalization/icudt64l/region/en_BZ.res" 1237
"../../../Engine/Content/Internationalization/icudt64l/lang/en_CA.res" 1238
"../../../Engine/Content/Internationalization/icudt64l/region/en_CA.res" 1239
"../../../Engine/Content/Internationalization/icudt64l/lang/en_CC.res" 1240
"../../../Engine/Content/Internationalization/icudt64l/region/en_CC.res" 1241
"../../../Engine/Content/Internationalization/icudt64l/lang/en_CH.res" 1242
"../../../Engine/Content/Internationalization/icudt64l/region/en_CH.res" 1243
"../../../Engine/Content/Internationalization/icudt64l/lang/en_CK.res" 1244
"../../../Engine/Content/Internationalization/icudt64l/region/en_CK.res" 1245
"../../../Engine/Content/Internationalization/icudt64l/lang/en_CM.res" 1246
"../../../Engine/Content/Internationalization/icudt64l/region/en_CM.res" 1247
"../../../Engine/Content/Internationalization/icudt64l/lang/en_CX.res" 1248
"../../../Engine/Content/Internationalization/icudt64l/region/en_CX.res" 1249
"../../../Engine/Content/Internationalization/icudt64l/lang/en_CY.res" 1250
"../../../Engine/Content/Internationalization/icudt64l/region/en_CY.res" 1251
"../../../Engine/Content/Internationalization/icudt64l/lang/en_DE.res" 1252
"../../../Engine/Content/Internationalization/icudt64l/region/en_DE.res" 1253
"../../../Engine/Content/Internationalization/icudt64l/lang/en_DG.res" 1254
"../../../Engine/Content/Internationalization/icudt64l/region/en_DG.res" 1255
"../../../Engine/Content/Internationalization/icudt64l/lang/en_DK.res" 1256
"../../../Engine/Content/Internationalization/icudt64l/region/en_DK.res" 1257
"../../../Engine/Content/Internationalization/icudt64l/lang/en_DM.res" 1258
"../../../Engine/Content/Internationalization/icudt64l/region/en_DM.res" 1259
"../../../Engine/Content/Internationalization/icudt64l/lang/en_ER.res" 1260
"../../../Engine/Content/Internationalization/icudt64l/region/en_ER.res" 1261
"../../../Engine/Content/Internationalization/icudt64l/lang/en_FI.res" 1262
"../../../Engine/Content/Internationalization/icudt64l/region/en_FI.res" 1263
"../../../Engine/Content/Internationalization/icudt64l/lang/en_FJ.res" 1264
"../../../Engine/Content/Internationalization/icudt64l/region/en_FJ.res" 1265
"../../../Engine/Content/Internationalization/icudt64l/lang/en_FK.res" 1266
"../../../Engine/Content/Internationalization/icudt64l/region/en_FK.res" 1267
"../../../Engine/Content/Internationalization/icudt64l/lang/en_FM.res" 1268
"../../../Engine/Content/Internationalization/icudt64l/region/en_FM.res" 1269
"../../../Engine/Content/Internationalization/icudt64l/lang/en_GB.res" 1270
"../../../Engine/Content/Internationalization/icudt64l/region/en_GB.res" 1271
"../../../Engine/Content/Internationalization/icudt64l/lang/en_GD.res" 1272
"../../../Engine/Content/Internationalization/icudt64l/region/en_GD.res" 1273
"../../../Engine/Content/Internationalization/icudt64l/lang/en_GG.res" 1274
"../../../Engine/Content/Internationalization/icudt64l/region/en_GG.res" 1275
"../../../Engine/Content/Internationalization/icudt64l/lang/en_GH.res" 1276
"../../../Engine/Content/Internationalization/icudt64l/region/en_GH.res" 1277
"../../../Engine/Content/Internationalization/icudt64l/lang/en_GI.res" 1278
"../../../Engine/Content/Internationalization/icudt64l/region/en_GI.res" 1279
"../../../Engine/Content/Internationalization/icudt64l/lang/en_GM.res" 1280
"../../../Engine/Content/Internationalization/icudt64l/region/en_GM.res" 1281
"../../../Engine/Content/Internationalization/icudt64l/lang/en_GY.res" 1282
"../../../Engine/Content/Internationalization/icudt64l/region/en_GY.res" 1283
"../../../Engine/Content/Internationalization/icudt64l/lang/en_HK.res" 1284
"../../../Engine/Content/Internationalization/icudt64l/region/en_HK.res" 1285
"../../../Engine/Content/Internationalization/icudt64l/lang/en_IE.res" 1286
"../../../Engine/Content/Internationalization/icudt64l/region/en_IE.res" 1287
"../../../Engine/Content/Internationalization/icudt64l/lang/en_IL.res" 1288
"../../../Engine/Content/Internationalization/icudt64l/region/en_IL.res" 1289
"../../../Engine/Content/Internationalization/icudt64l/lang/en_IM.res" 1290
"../../../Engine/Content/Internationalization/icudt64l/region/en_IM.res" 1291
"../../../Engine/Content/Internationalization/icudt64l/lang/en_IN.res" 1292
"../../../Engine/Content/Internationalization/icudt64l/region/en_IN.res" 1293
"../../../Engine/Content/Internationalization/icudt64l/lang/en_IO.res" 1294
"../../../Engine/Content/Internationalization/icudt64l/region/en_IO.res" 1295
"../../../Engine/Content/Internationalization/icudt64l/lang/en_JE.res" 1296
"../../../Engine/Content/Internationalization/icudt64l/region/en_JE.res" 1297
"../../../Engine/Content/Internationalization/icudt64l/lang/en_JM.res" 1298
"../../../Engine/Content/Internationalization/icudt64l/region/en_JM.res" 1299
"../../../Engine/Content/Internationalization/icudt64l/lang/en_KE.res" 1300
"../../../Engine/Content/Internationalization/icudt64l/region/en_KE.res" 1301
"../../../Engine/Content/Internationalization/icudt64l/lang/en_KI.res" 1302
"../../../Engine/Content/Internationalization/icudt64l/region/en_KI.res" 1303
"../../../Engine/Content/Internationalization/icudt64l/lang/en_KN.res" 1304
"../../../Engine/Content/Internationalization/icudt64l/region/en_KN.res" 1305
"../../../Engine/Content/Internationalization/icudt64l/lang/en_KY.res" 1306
"../../../Engine/Content/Internationalization/icudt64l/region/en_KY.res" 1307
"../../../Engine/Content/Internationalization/icudt64l/lang/en_LC.res" 1308
"../../../Engine/Content/Internationalization/icudt64l/region/en_LC.res" 1309
"../../../Engine/Content/Internationalization/icudt64l/lang/en_LR.res" 1310
"../../../Engine/Content/Internationalization/icudt64l/region/en_LR.res" 1311
"../../../Engine/Content/Internationalization/icudt64l/lang/en_LS.res" 1312
"../../../Engine/Content/Internationalization/icudt64l/region/en_LS.res" 1313
"../../../Engine/Content/Internationalization/icudt64l/lang/en_MG.res" 1314
"../../../Engine/Content/Internationalization/icudt64l/region/en_MG.res" 1315
"../../../Engine/Content/Internationalization/icudt64l/lang/en_MO.res" 1316
"../../../Engine/Content/Internationalization/icudt64l/region/en_MO.res" 1317
"../../../Engine/Content/Internationalization/icudt64l/lang/en_MS.res" 1318
"../../../Engine/Content/Internationalization/icudt64l/region/en_MS.res" 1319
"../../../Engine/Content/Internationalization/icudt64l/lang/en_MT.res" 1320
"../../../Engine/Content/Internationalization/icudt64l/region/en_MT.res" 1321
"../../../Engine/Content/Internationalization/icudt64l/lang/en_MU.res" 1322
"../../../Engine/Content/Internationalization/icudt64l/region/en_MU.res" 1323
"../../../Engine/Content/Internationalization/icudt64l/lang/en_MW.res" 1324
"../../../Engine/Content/Internationalization/icudt64l/region/en_MW.res" 1325
"../../../Engine/Content/Internationalization/icudt64l/lang/en_MY.res" 1326
"../../../Engine/Content/Internationalization/icudt64l/region/en_MY.res" 1327
"../../../Engine/Content/Internationalization/icudt64l/lang/en_NA.res" 1328
"../../../Engine/Content/Internationalization/icudt64l/region/en_NA.res" 1329
"../../../Engine/Content/Internationalization/icudt64l/lang/en_NF.res" 1330
"../../../Engine/Content/Internationalization/icudt64l/region/en_NF.res" 1331
"../../../Engine/Content/Internationalization/icudt64l/lang/en_NG.res" 1332
"../../../Engine/Content/Internationalization/icudt64l/region/en_NG.res" 1333
"../../../Engine/Content/Internationalization/icudt64l/lang/en_NL.res" 1334
"../../../Engine/Content/Internationalization/icudt64l/region/en_NL.res" 1335
"../../../Engine/Content/Internationalization/icudt64l/lang/en_NR.res" 1336
"../../../Engine/Content/Internationalization/icudt64l/region/en_NR.res" 1337
"../../../Engine/Content/Internationalization/icudt64l/lang/en_NU.res" 1338
"../../../Engine/Content/Internationalization/icudt64l/region/en_NU.res" 1339
"../../../Engine/Content/Internationalization/icudt64l/lang/en_NZ.res" 1340
"../../../Engine/Content/Internationalization/icudt64l/region/en_NZ.res" 1341
"../../../Engine/Content/Internationalization/icudt64l/lang/en_PG.res" 1342
"../../../Engine/Content/Internationalization/icudt64l/region/en_PG.res" 1343
"../../../Engine/Content/Internationalization/icudt64l/lang/en_PH.res" 1344
"../../../Engine/Content/Internationalization/icudt64l/region/en_PH.res" 1345
"../../../Engine/Content/Internationalization/icudt64l/lang/en_PK.res" 1346
"../../../Engine/Content/Internationalization/icudt64l/region/en_PK.res" 1347
"../../../Engine/Content/Internationalization/icudt64l/lang/en_PN.res" 1348
"../../../Engine/Content/Internationalization/icudt64l/region/en_PN.res" 1349
"../../../Engine/Content/Internationalization/icudt64l/lang/en_PW.res" 1350
"../../../Engine/Content/Internationalization/icudt64l/region/en_PW.res" 1351
"../../../Engine/Content/Internationalization/icudt64l/lang/en_RW.res" 1352
"../../../Engine/Content/Internationalization/icudt64l/region/en_RW.res" 1353
"../../../Engine/Content/Internationalization/icudt64l/lang/en_SB.res" 1354
"../../../Engine/Content/Internationalization/icudt64l/region/en_SB.res" 1355
"../../../Engine/Content/Internationalization/icudt64l/lang/en_SC.res" 1356
"../../../Engine/Content/Internationalization/icudt64l/region/en_SC.res" 1357
"../../../Engine/Content/Internationalization/icudt64l/lang/en_SD.res" 1358
"../../../Engine/Content/Internationalization/icudt64l/region/en_SD.res" 1359
"../../../Engine/Content/Internationalization/icudt64l/lang/en_SE.res" 1360
"../../../Engine/Content/Internationalization/icudt64l/region/en_SE.res" 1361
"../../../Engine/Content/Internationalization/icudt64l/lang/en_SG.res" 1362
"../../../Engine/Content/Internationalization/icudt64l/region/en_SG.res" 1363
"../../../Engine/Content/Internationalization/icudt64l/lang/en_SH.res" 1364
"../../../Engine/Content/Internationalization/icudt64l/region/en_SH.res" 1365
"../../../Engine/Content/Internationalization/icudt64l/lang/en_SI.res" 1366
"../../../Engine/Content/Internationalization/icudt64l/region/en_SI.res" 1367
"../../../Engine/Content/Internationalization/icudt64l/lang/en_SL.res" 1368
"../../../Engine/Content/Internationalization/icudt64l/region/en_SL.res" 1369
"../../../Engine/Content/Internationalization/icudt64l/lang/en_SS.res" 1370
"../../../Engine/Content/Internationalization/icudt64l/region/en_SS.res" 1371
"../../../Engine/Content/Internationalization/icudt64l/lang/en_SX.res" 1372
"../../../Engine/Content/Internationalization/icudt64l/region/en_SX.res" 1373
"../../../Engine/Content/Internationalization/icudt64l/lang/en_SZ.res" 1374
"../../../Engine/Content/Internationalization/icudt64l/region/en_SZ.res" 1375
"../../../Engine/Content/Internationalization/icudt64l/lang/en_TC.res" 1376
"../../../Engine/Content/Internationalization/icudt64l/region/en_TC.res" 1377
"../../../Engine/Content/Internationalization/icudt64l/lang/en_TK.res" 1378
"../../../Engine/Content/Internationalization/icudt64l/region/en_TK.res" 1379
"../../../Engine/Content/Internationalization/icudt64l/lang/en_TO.res" 1380
"../../../Engine/Content/Internationalization/icudt64l/region/en_TO.res" 1381
"../../../Engine/Content/Internationalization/icudt64l/lang/en_TT.res" 1382
"../../../Engine/Content/Internationalization/icudt64l/region/en_TT.res" 1383
"../../../Engine/Content/Internationalization/icudt64l/lang/en_TV.res" 1384
"../../../Engine/Content/Internationalization/icudt64l/region/en_TV.res" 1385
"../../../Engine/Content/Internationalization/icudt64l/lang/en_TZ.res" 1386
"../../../Engine/Content/Internationalization/icudt64l/region/en_TZ.res" 1387
"../../../Engine/Content/Internationalization/icudt64l/lang/en_UG.res" 1388
"../../../Engine/Content/Internationalization/icudt64l/region/en_UG.res" 1389
"../../../Engine/Content/Internationalization/icudt64l/lang/en_VC.res" 1390
"../../../Engine/Content/Internationalization/icudt64l/region/en_VC.res" 1391
"../../../Engine/Content/Internationalization/icudt64l/lang/en_VG.res" 1392
"../../../Engine/Content/Internationalization/icudt64l/region/en_VG.res" 1393
"../../../Engine/Content/Internationalization/icudt64l/lang/en_VU.res" 1394
"../../../Engine/Content/Internationalization/icudt64l/region/en_VU.res" 1395
"../../../Engine/Content/Internationalization/icudt64l/lang/en_WS.res" 1396
"../../../Engine/Content/Internationalization/icudt64l/region/en_WS.res" 1397
"../../../Engine/Content/Internationalization/icudt64l/lang/en_ZA.res" 1398
"../../../Engine/Content/Internationalization/icudt64l/region/en_ZA.res" 1399
"../../../Engine/Content/Internationalization/icudt64l/lang/en_ZM.res" 1400
"../../../Engine/Content/Internationalization/icudt64l/region/en_ZM.res" 1401
"../../../Engine/Content/Internationalization/icudt64l/lang/en_ZW.res" 1402
"../../../Engine/Content/Internationalization/icudt64l/region/en_ZW.res" 1403
"../../../Engine/Content/Internationalization/icudt64l/lang/eo.res" 1404
"../../../Engine/Content/Internationalization/icudt64l/region/eo.res" 1405
"../../../Engine/Content/Internationalization/icudt64l/lang/es.res" 1406
"../../../Engine/Content/Internationalization/icudt64l/lang/es_419.res" 1407
"../../../Engine/Content/Internationalization/icudt64l/region/es_419.res" 1408
"../../../Engine/Content/Internationalization/icudt64l/region/es.res" 1409
"../../../Engine/Content/Internationalization/icudt64l/lang/es_AR.res" 1410
"../../../Engine/Content/Internationalization/icudt64l/region/es_AR.res" 1411
"../../../Engine/Content/Internationalization/icudt64l/lang/es_BO.res" 1412
"../../../Engine/Content/Internationalization/icudt64l/region/es_BO.res" 1413
"../../../Engine/Content/Internationalization/icudt64l/lang/es_BR.res" 1414
"../../../Engine/Content/Internationalization/icudt64l/region/es_BR.res" 1415
"../../../Engine/Content/Internationalization/icudt64l/lang/es_BZ.res" 1416
"../../../Engine/Content/Internationalization/icudt64l/region/es_BZ.res" 1417
"../../../Engine/Content/Internationalization/icudt64l/lang/es_CL.res" 1418
"../../../Engine/Content/Internationalization/icudt64l/region/es_CL.res" 1419
"../../../Engine/Content/Internationalization/icudt64l/lang/es_CO.res" 1420
"../../../Engine/Content/Internationalization/icudt64l/region/es_CO.res" 1421
"../../../Engine/Content/Internationalization/icudt64l/lang/es_CR.res" 1422
"../../../Engine/Content/Internationalization/icudt64l/region/es_CR.res" 1423
"../../../Engine/Content/Internationalization/icudt64l/lang/es_CU.res" 1424
"../../../Engine/Content/Internationalization/icudt64l/region/es_CU.res" 1425
"../../../Engine/Content/Internationalization/icudt64l/lang/es_DO.res" 1426
"../../../Engine/Content/Internationalization/icudt64l/region/es_DO.res" 1427
"../../../Engine/Content/Internationalization/icudt64l/lang/es_EC.res" 1428
"../../../Engine/Content/Internationalization/icudt64l/region/es_EC.res" 1429
"../../../Engine/Content/Internationalization/icudt64l/lang/es_GT.res" 1430
"../../../Engine/Content/Internationalization/icudt64l/region/es_GT.res" 1431
"../../../Engine/Content/Internationalization/icudt64l/lang/es_HN.res" 1432
"../../../Engine/Content/Internationalization/icudt64l/region/es_HN.res" 1433
"../../../Engine/Content/Internationalization/icudt64l/lang/es_MX.res" 1434
"../../../Engine/Content/Internationalization/icudt64l/region/es_MX.res" 1435
"../../../Engine/Content/Internationalization/icudt64l/lang/es_NI.res" 1436
"../../../Engine/Content/Internationalization/icudt64l/region/es_NI.res" 1437
"../../../Engine/Content/Internationalization/icudt64l/lang/es_PA.res" 1438
"../../../Engine/Content/Internationalization/icudt64l/region/es_PA.res" 1439
"../../../Engine/Content/Internationalization/icudt64l/lang/es_PE.res" 1440
"../../../Engine/Content/Internationalization/icudt64l/region/es_PE.res" 1441
"../../../Engine/Content/Internationalization/icudt64l/lang/es_PR.res" 1442
"../../../Engine/Content/Internationalization/icudt64l/region/es_PR.res" 1443
"../../../Engine/Content/Internationalization/icudt64l/lang/es_PY.res" 1444
"../../../Engine/Content/Internationalization/icudt64l/region/es_PY.res" 1445
"../../../Engine/Content/Internationalization/icudt64l/lang/es_SV.res" 1446
"../../../Engine/Content/Internationalization/icudt64l/region/es_SV.res" 1447
"../../../Engine/Content/Internationalization/icudt64l/lang/es_US.res" 1448
"../../../Engine/Content/Internationalization/icudt64l/region/es_US.res" 1449
"../../../Engine/Content/Internationalization/icudt64l/lang/es_UY.res" 1450
"../../../Engine/Content/Internationalization/icudt64l/region/es_UY.res" 1451
"../../../Engine/Content/Internationalization/icudt64l/lang/es_VE.res" 1452
"../../../Engine/Content/Internationalization/icudt64l/region/es_VE.res" 1453
"../../../Engine/Content/Internationalization/icudt64l/lang/et.res" 1454
"../../../Engine/Content/Internationalization/icudt64l/region/et.res" 1455
"../../../Engine/Content/Internationalization/icudt64l/lang/eu.res" 1456
"../../../Engine/Content/Internationalization/icudt64l/region/eu.res" 1457
"../../../Engine/Content/Internationalization/icudt64l/lang/ewo.res" 1458
"../../../Engine/Content/Internationalization/icudt64l/region/ewo.res" 1459
"../../../Engine/Content/Internationalization/icudt64l/lang/fa.res" 1460
"../../../Engine/Content/Internationalization/icudt64l/lang/fa_AF.res" 1461
"../../../Engine/Content/Internationalization/icudt64l/region/fa_AF.res" 1462
"../../../Engine/Content/Internationalization/icudt64l/region/fa.res" 1463
"../../../Engine/Content/Internationalization/icudt64l/lang/ff.res" 1464
"../../../Engine/Content/Internationalization/icudt64l/lang/ff_Latn.res" 1465
"../../../Engine/Content/Internationalization/icudt64l/region/ff.res" 1466
"../../../Engine/Content/Internationalization/icudt64l/region/ff_Latn.res" 1467
"../../../Engine/Content/Internationalization/icudt64l/lang/ff_CM.res" 1468
"../../../Engine/Content/Internationalization/icudt64l/lang/ff_Latn_CM.res" 1469
"../../../Engine/Content/Internationalization/icudt64l/region/ff_CM.res" 1470
"../../../Engine/Content/Internationalization/icudt64l/region/ff_Latn_CM.res" 1471
"../../../Engine/Content/Internationalization/icudt64l/lang/ff_GN.res" 1472
"../../../Engine/Content/Internationalization/icudt64l/lang/ff_Latn_GN.res" 1473
"../../../Engine/Content/Internationalization/icudt64l/region/ff_GN.res" 1474
"../../../Engine/Content/Internationalization/icudt64l/region/ff_Latn_GN.res" 1475
"../../../Engine/Content/Internationalization/icudt64l/lang/ff_MR.res" 1476
"../../../Engine/Content/Internationalization/icudt64l/lang/ff_Latn_MR.res" 1477
"../../../Engine/Content/Internationalization/icudt64l/region/ff_MR.res" 1478
"../../../Engine/Content/Internationalization/icudt64l/region/ff_Latn_MR.res" 1479
"../../../Engine/Content/Internationalization/icudt64l/lang/ff_SN.res" 1480
"../../../Engine/Content/Internationalization/icudt64l/lang/ff_Latn_SN.res" 1481
"../../../Engine/Content/Internationalization/icudt64l/region/ff_SN.res" 1482
"../../../Engine/Content/Internationalization/icudt64l/region/ff_Latn_SN.res" 1483
"../../../Engine/Content/Internationalization/icudt64l/lang/fi.res" 1484
"../../../Engine/Content/Internationalization/icudt64l/region/fi.res" 1485
"../../../Engine/Content/Internationalization/icudt64l/lang/fil.res" 1486
"../../../Engine/Content/Internationalization/icudt64l/lang/fil_PH.res" 1487
"../../../Engine/Content/Internationalization/icudt64l/region/fil_PH.res" 1488
"../../../Engine/Content/Internationalization/icudt64l/region/fil.res" 1489
"../../../Engine/Content/Internationalization/icudt64l/lang/fo.res" 1490
"../../../Engine/Content/Internationalization/icudt64l/region/fo.res" 1491
"../../../Engine/Content/Internationalization/icudt64l/lang/fr.res" 1492
"../../../Engine/Content/Internationalization/icudt64l/lang/fr_BE.res" 1493
"../../../Engine/Content/Internationalization/icudt64l/region/fr_BE.res" 1494
"../../../Engine/Content/Internationalization/icudt64l/region/fr.res" 1495
"../../../Engine/Content/Internationalization/icudt64l/lang/fr_CA.res" 1496
"../../../Engine/Content/Internationalization/icudt64l/region/fr_CA.res" 1497
"../../../Engine/Content/Internationalization/icudt64l/lang/fr_CH.res" 1498
"../../../Engine/Content/Internationalization/icudt64l/lang/fur.res" 1499
"../../../Engine/Content/Internationalization/icudt64l/region/fur.res" 1500
"../../../Engine/Content/Internationalization/icudt64l/lang/fy.res" 1501
"../../../Engine/Content/Internationalization/icudt64l/region/fy.res" 1502
"../../../Engine/Content/Internationalization/icudt64l/lang/ga.res" 1503
"../../../Engine/Content/Internationalization/icudt64l/region/ga.res" 1504
"../../../Engine/Content/Internationalization/icudt64l/lang/gd.res" 1505
"../../../Engine/Content/Internationalization/icudt64l/region/gd.res" 1506
"../../../Engine/Content/Internationalization/icudt64l/lang/gl.res" 1507
"../../../Engine/Content/Internationalization/icudt64l/region/gl.res" 1508
"../../../Engine/Content/Internationalization/icudt64l/lang/gsw.res" 1509
"../../../Engine/Content/Internationalization/icudt64l/region/gsw.res" 1510
"../../../Engine/Content/Internationalization/icudt64l/lang/gu.res" 1511
"../../../Engine/Content/Internationalization/icudt64l/region/gu.res" 1512
"../../../Engine/Content/Internationalization/icudt64l/lang/guz.res" 1513
"../../../Engine/Content/Internationalization/icudt64l/region/guz.res" 1514
"../../../Engine/Content/Internationalization/icudt64l/lang/gv.res" 1515
"../../../Engine/Content/Internationalization/icudt64l/region/gv.res" 1516
"../../../Engine/Content/Internationalization/icudt64l/lang/ha.res" 1517
"../../../Engine/Content/Internationalization/icudt64l/region/ha.res" 1518
"../../../Engine/Content/Internationalization/icudt64l/lang/ha_NE.res" 1519
"../../../Engine/Content/Internationalization/icudt64l/region/ha_NE.res" 1520
"../../../Engine/Content/Internationalization/icudt64l/lang/haw.res" 1521
"../../../Engine/Content/Internationalization/icudt64l/region/haw.res" 1522
"../../../Engine/Content/Internationalization/icudt64l/lang/he.res" 1523
"../../../Engine/Content/Internationalization/icudt64l/lang/he_IL.res" 1524
"../../../Engine/Content/Internationalization/icudt64l/region/he_IL.res" 1525
"../../../Engine/Content/Internationalization/icudt64l/region/he.res" 1526
"../../../Engine/Content/Internationalization/icudt64l/lang/hi.res" 1527
"../../../Engine/Content/Internationalization/icudt64l/region/hi.res" 1528
"../../../Engine/Content/Internationalization/icudt64l/lang/hr.res" 1529
"../../../Engine/Content/Internationalization/icudt64l/region/hr.res" 1530
"../../../Engine/Content/Internationalization/icudt64l/lang/hsb.res" 1531
"../../../Engine/Content/Internationalization/icudt64l/region/hsb.res" 1532
"../../../Engine/Content/Internationalization/icudt64l/lang/hu.res" 1533
"../../../Engine/Content/Internationalization/icudt64l/region/hu.res" 1534
"../../../Engine/Content/Internationalization/icudt64l/lang/hy.res" 1535
"../../../Engine/Content/Internationalization/icudt64l/region/hy.res" 1536
"../../../Engine/Content/Internationalization/icudt64l/lang/ia.res" 1537
"../../../Engine/Content/Internationalization/icudt64l/region/ia.res" 1538
"../../../Engine/Content/Internationalization/icudt64l/lang/id.res" 1539
"../../../Engine/Content/Internationalization/icudt64l/lang/id_ID.res" 1540
"../../../Engine/Content/Internationalization/icudt64l/region/id_ID.res" 1541
"../../../Engine/Content/Internationalization/icudt64l/region/id.res" 1542
"../../../Engine/Content/Internationalization/icudt64l/lang/ig.res" 1543
"../../../Engine/Content/Internationalization/icudt64l/region/ig.res" 1544
"../../../Engine/Content/Internationalization/icudt64l/lang/ii.res" 1545
"../../../Engine/Content/Internationalization/icudt64l/region/ii.res" 1546
"../../../Engine/Content/Internationalization/icudt64l/lang/is.res" 1547
"../../../Engine/Content/Internationalization/icudt64l/region/is.res" 1548
"../../../Engine/Content/Internationalization/icudt64l/lang/it.res" 1549
"../../../Engine/Content/Internationalization/icudt64l/region/it.res" 1550
"../../../Engine/Content/Internationalization/icudt64l/lang/ja.res" 1551
"../../../Engine/Content/Internationalization/icudt64l/lang/ja_JP.res" 1552
"../../../Engine/Content/Internationalization/icudt64l/region/ja_JP.res" 1553
"../../../Engine/Content/Internationalization/icudt64l/region/ja.res" 1554
"../../../Engine/Content/Internationalization/icudt64l/lang/jgo.res" 1555
"../../../Engine/Content/Internationalization/icudt64l/region/jgo.res" 1556
"../../../Engine/Content/Internationalization/icudt64l/lang/jmc.res" 1557
"../../../Engine/Content/Internationalization/icudt64l/region/jmc.res" 1558
"../../../Engine/Content/Internationalization/icudt64l/lang/jv.res" 1559
"../../../Engine/Content/Internationalization/icudt64l/region/jv.res" 1560
"../../../Engine/Content/Internationalization/icudt64l/lang/ka.res" 1561
"../../../Engine/Content/Internationalization/icudt64l/region/ka.res" 1562
"../../../Engine/Content/Internationalization/icudt64l/lang/kab.res" 1563
"../../../Engine/Content/Internationalization/icudt64l/region/kab.res" 1564
"../../../Engine/Content/Internationalization/icudt64l/lang/kam.res" 1565
"../../../Engine/Content/Internationalization/icudt64l/region/kam.res" 1566
"../../../Engine/Content/Internationalization/icudt64l/lang/kde.res" 1567
"../../../Engine/Content/Internationalization/icudt64l/region/kde.res" 1568
"../../../Engine/Content/Internationalization/icudt64l/lang/kea.res" 1569
"../../../Engine/Content/Internationalization/icudt64l/region/kea.res" 1570
"../../../Engine/Content/Internationalization/icudt64l/lang/khq.res" 1571
"../../../Engine/Content/Internationalization/icudt64l/region/khq.res" 1572
"../../../Engine/Content/Internationalization/icudt64l/lang/ki.res" 1573
"../../../Engine/Content/Internationalization/icudt64l/region/ki.res" 1574
"../../../Engine/Content/Internationalization/icudt64l/lang/kk.res" 1575
"../../../Engine/Content/Internationalization/icudt64l/region/kk.res" 1576
"../../../Engine/Content/Internationalization/icudt64l/lang/kkj.res" 1577
"../../../Engine/Content/Internationalization/icudt64l/region/kkj.res" 1578
"../../../Engine/Content/Internationalization/icudt64l/lang/kl.res" 1579
"../../../Engine/Content/Internationalization/icudt64l/region/kl.res" 1580
"../../../Engine/Content/Internationalization/icudt64l/lang/kln.res" 1581
"../../../Engine/Content/Internationalization/icudt64l/region/kln.res" 1582
"../../../Engine/Content/Internationalization/icudt64l/lang/km.res" 1583
"../../../Engine/Content/Internationalization/icudt64l/region/km.res" 1584
"../../../Engine/Content/Internationalization/icudt64l/lang/kn.res" 1585
"../../../Engine/Content/Internationalization/icudt64l/region/kn.res" 1586
"../../../Engine/Content/Internationalization/icudt64l/lang/ko.res" 1587
"../../../Engine/Content/Internationalization/icudt64l/region/ko_KP.res" 1588
"../../../Engine/Content/Internationalization/icudt64l/region/ko.res" 1589
"../../../Engine/Content/Internationalization/icudt64l/lang/kok.res" 1590
"../../../Engine/Content/Internationalization/icudt64l/region/kok.res" 1591
"../../../Engine/Content/Internationalization/icudt64l/lang/ks.res" 1592
"../../../Engine/Content/Internationalization/icudt64l/region/ks.res" 1593
"../../../Engine/Content/Internationalization/icudt64l/lang/ksb.res" 1594
"../../../Engine/Content/Internationalization/icudt64l/region/ksb.res" 1595
"../../../Engine/Content/Internationalization/icudt64l/lang/ksf.res" 1596
"../../../Engine/Content/Internationalization/icudt64l/region/ksf.res" 1597
"../../../Engine/Content/Internationalization/icudt64l/lang/ksh.res" 1598
"../../../Engine/Content/Internationalization/icudt64l/region/ksh.res" 1599
"../../../Engine/Content/Internationalization/icudt64l/lang/ku.res" 1600
"../../../Engine/Content/Internationalization/icudt64l/region/ku.res" 1601
"../../../Engine/Content/Internationalization/icudt64l/lang/kw.res" 1602
"../../../Engine/Content/Internationalization/icudt64l/region/kw.res" 1603
"../../../Engine/Content/Internationalization/icudt64l/lang/ky.res" 1604
"../../../Engine/Content/Internationalization/icudt64l/region/ky.res" 1605
"../../../Engine/Content/Internationalization/icudt64l/lang/lag.res" 1606
"../../../Engine/Content/Internationalization/icudt64l/region/lag.res" 1607
"../../../Engine/Content/Internationalization/icudt64l/lang/lb.res" 1608
"../../../Engine/Content/Internationalization/icudt64l/region/lb.res" 1609
"../../../Engine/Content/Internationalization/icudt64l/lang/lg.res" 1610
"../../../Engine/Content/Internationalization/icudt64l/region/lg.res" 1611
"../../../Engine/Content/Internationalization/icudt64l/lang/lkt.res" 1612
"../../../Engine/Content/Internationalization/icudt64l/region/lkt.res" 1613
"../../../Engine/Content/Internationalization/icudt64l/lang/ln.res" 1614
"../../../Engine/Content/Internationalization/icudt64l/region/ln.res" 1615
"../../../Engine/Content/Internationalization/icudt64l/lang/lo.res" 1616
"../../../Engine/Content/Internationalization/icudt64l/region/lo.res" 1617
"../../../Engine/Content/Internationalization/icudt64l/lang/lrc.res" 1618
"../../../Engine/Content/Internationalization/icudt64l/region/lrc.res" 1619
"../../../Engine/Content/Internationalization/icudt64l/lang/lt.res" 1620
"../../../Engine/Content/Internationalization/icudt64l/region/lt.res" 1621
"../../../Engine/Content/Internationalization/icudt64l/lang/lu.res" 1622
"../../../Engine/Content/Internationalization/icudt64l/region/lu.res" 1623
"../../../Engine/Content/Internationalization/icudt64l/lang/luo.res" 1624
"../../../Engine/Content/Internationalization/icudt64l/region/luo.res" 1625
"../../../Engine/Content/Internationalization/icudt64l/lang/luy.res" 1626
"../../../Engine/Content/Internationalization/icudt64l/region/luy.res" 1627
"../../../Engine/Content/Internationalization/icudt64l/lang/lv.res" 1628
"../../../Engine/Content/Internationalization/icudt64l/region/lv.res" 1629
"../../../Engine/Content/Internationalization/icudt64l/lang/mas.res" 1630
"../../../Engine/Content/Internationalization/icudt64l/region/mas.res" 1631
"../../../Engine/Content/Internationalization/icudt64l/lang/mer.res" 1632
"../../../Engine/Content/Internationalization/icudt64l/region/mer.res" 1633
"../../../Engine/Content/Internationalization/icudt64l/lang/mfe.res" 1634
"../../../Engine/Content/Internationalization/icudt64l/region/mfe.res" 1635
"../../../Engine/Content/Internationalization/icudt64l/lang/mg.res" 1636
"../../../Engine/Content/Internationalization/icudt64l/region/mg.res" 1637
"../../../Engine/Content/Internationalization/icudt64l/lang/mgh.res" 1638
"../../../Engine/Content/Internationalization/icudt64l/region/mgh.res" 1639
"../../../Engine/Content/Internationalization/icudt64l/lang/mgo.res" 1640
"../../../Engine/Content/Internationalization/icudt64l/region/mgo.res" 1641
"../../../Engine/Content/Internationalization/icudt64l/lang/mi.res" 1642
"../../../Engine/Content/Internationalization/icudt64l/region/mi.res" 1643
"../../../Engine/Content/Internationalization/icudt64l/lang/mk.res" 1644
"../../../Engine/Content/Internationalization/icudt64l/region/mk.res" 1645
"../../../Engine/Content/Internationalization/icudt64l/lang/ml.res" 1646
"../../../Engine/Content/Internationalization/icudt64l/region/ml.res" 1647
"../../../Engine/Content/Internationalization/icudt64l/lang/mn.res" 1648
"../../../Engine/Content/Internationalization/icudt64l/region/mn.res" 1649
"../../../Engine/Content/Internationalization/icudt64l/lang/mr.res" 1650
"../../../Engine/Content/Internationalization/icudt64l/region/mr.res" 1651
"../../../Engine/Content/Internationalization/icudt64l/lang/ms.res" 1652
"../../../Engine/Content/Internationalization/icudt64l/region/ms.res" 1653
"../../../Engine/Content/Internationalization/icudt64l/lang/mt.res" 1654
"../../../Engine/Content/Internationalization/icudt64l/region/mt.res" 1655
"../../../Engine/Content/Internationalization/icudt64l/lang/mua.res" 1656
"../../../Engine/Content/Internationalization/icudt64l/region/mua.res" 1657
"../../../Engine/Content/Internationalization/icudt64l/lang/my.res" 1658
"../../../Engine/Content/Internationalization/icudt64l/region/my.res" 1659
"../../../Engine/Content/Internationalization/icudt64l/lang/mzn.res" 1660
"../../../Engine/Content/Internationalization/icudt64l/region/mzn.res" 1661
"../../../Engine/Content/Internationalization/icudt64l/lang/naq.res" 1662
"../../../Engine/Content/Internationalization/icudt64l/region/naq.res" 1663
"../../../Engine/Content/Internationalization/icudt64l/lang/nb.res" 1664
"../../../Engine/Content/Internationalization/icudt64l/lang/nb_NO.res" 1665
"../../../Engine/Content/Internationalization/icudt64l/region/nb_NO.res" 1666
"../../../Engine/Content/Internationalization/icudt64l/region/nb.res" 1667
"../../../Engine/Content/Internationalization/icudt64l/lang/nd.res" 1668
"../../../Engine/Content/Internationalization/icudt64l/region/nd.res" 1669
"../../../Engine/Content/Internationalization/icudt64l/lang/nds.res" 1670
"../../../Engine/Content/Internationalization/icudt64l/region/nds.res" 1671
"../../../Engine/Content/Internationalization/icudt64l/lang/ne.res" 1672
"../../../Engine/Content/Internationalization/icudt64l/region/ne.res" 1673
"../../../Engine/Content/Internationalization/icudt64l/lang/nl.res" 1674
"../../../Engine/Content/Internationalization/icudt64l/region/nl.res" 1675
"../../../Engine/Content/Internationalization/icudt64l/lang/nmg.res" 1676
"../../../Engine/Content/Internationalization/icudt64l/region/nmg.res" 1677
"../../../Engine/Content/Internationalization/icudt64l/lang/nn.res" 1678
"../../../Engine/Content/Internationalization/icudt64l/lang/nn_NO.res" 1679
"../../../Engine/Content/Internationalization/icudt64l/region/nn_NO.res" 1680
"../../../Engine/Content/Internationalization/icudt64l/region/nn.res" 1681
"../../../Engine/Content/Internationalization/icudt64l/lang/nnh.res" 1682
"../../../Engine/Content/Internationalization/icudt64l/region/nnh.res" 1683
"../../../Engine/Content/Internationalization/icudt64l/lang/nus.res" 1684
"../../../Engine/Content/Internationalization/icudt64l/region/nus.res" 1685
"../../../Engine/Content/Internationalization/icudt64l/lang/nyn.res" 1686
"../../../Engine/Content/Internationalization/icudt64l/region/nyn.res" 1687
"../../../Engine/Content/Internationalization/icudt64l/lang/om.res" 1688
"../../../Engine/Content/Internationalization/icudt64l/region/om.res" 1689
"../../../Engine/Content/Internationalization/icudt64l/lang/or.res" 1690
"../../../Engine/Content/Internationalization/icudt64l/region/or.res" 1691
"../../../Engine/Content/Internationalization/icudt64l/lang/os.res" 1692
"../../../Engine/Content/Internationalization/icudt64l/region/os.res" 1693
"../../../Engine/Content/Internationalization/icudt64l/lang/pa.res" 1694
"../../../Engine/Content/Internationalization/icudt64l/lang/pa_Arab.res" 1695
"../../../Engine/Content/Internationalization/icudt64l/lang/pa_PK.res" 1696
"../../../Engine/Content/Internationalization/icudt64l/lang/pa_Arab_PK.res" 1697
"../../../Engine/Content/Internationalization/icudt64l/region/pa_PK.res" 1698
"../../../Engine/Content/Internationalization/icudt64l/region/pa_Arab_PK.res" 1699
"../../../Engine/Content/Internationalization/icudt64l/region/pa_Arab.res" 1700
"../../../Engine/Content/Internationalization/icudt64l/lang/pa_Guru.res" 1701
"../../../Engine/Content/Internationalization/icudt64l/lang/pa_IN.res" 1702
"../../../Engine/Content/Internationalization/icudt64l/lang/pa_Guru_IN.res" 1703
"../../../Engine/Content/Internationalization/icudt64l/region/pa_IN.res" 1704
"../../../Engine/Content/Internationalization/icudt64l/region/pa_Guru_IN.res" 1705
"../../../Engine/Content/Internationalization/icudt64l/region/pa_Guru.res" 1706
"../../../Engine/Content/Internationalization/icudt64l/region/pa.res" 1707
"../../../Engine/Content/Internationalization/icudt64l/lang/ps.res" 1708
"../../../Engine/Content/Internationalization/icudt64l/region/ps.res" 1709
"../../../Engine/Content/Internationalization/icudt64l/lang/ps_PK.res" 1710
"../../../Engine/Content/Internationalization/icudt64l/region/ps_PK.res" 1711
"../../../Engine/Content/Internationalization/icudt64l/lang/pt.res" 1712
"../../../Engine/Content/Internationalization/icudt64l/lang/pt_AO.res" 1713
"../../../Engine/Content/Internationalization/icudt64l/lang/pt_PT.res" 1714
"../../../Engine/Content/Internationalization/icudt64l/region/pt_AO.res" 1715
"../../../Engine/Content/Internationalization/icudt64l/region/pt_PT.res" 1716
"../../../Engine/Content/Internationalization/icudt64l/region/pt.res" 1717
"../../../Engine/Content/Internationalization/icudt64l/lang/pt_CH.res" 1718
"../../../Engine/Content/Internationalization/icudt64l/region/pt_CH.res" 1719
"../../../Engine/Content/Internationalization/icudt64l/lang/pt_CV.res" 1720
"../../../Engine/Content/Internationalization/icudt64l/region/pt_CV.res" 1721
"../../../Engine/Content/Internationalization/icudt64l/lang/pt_GQ.res" 1722
"../../../Engine/Content/Internationalization/icudt64l/region/pt_GQ.res" 1723
"../../../Engine/Content/Internationalization/icudt64l/lang/pt_GW.res" 1724
"../../../Engine/Content/Internationalization/icudt64l/region/pt_GW.res" 1725
"../../../Engine/Content/Internationalization/icudt64l/lang/pt_LU.res" 1726
"../../../Engine/Content/Internationalization/icudt64l/region/pt_LU.res" 1727
"../../../Engine/Content/Internationalization/icudt64l/lang/pt_MO.res" 1728
"../../../Engine/Content/Internationalization/icudt64l/region/pt_MO.res" 1729
"../../../Engine/Content/Internationalization/icudt64l/lang/pt_MZ.res" 1730
"../../../Engine/Content/Internationalization/icudt64l/region/pt_MZ.res" 1731
"../../../Engine/Content/Internationalization/icudt64l/lang/pt_ST.res" 1732
"../../../Engine/Content/Internationalization/icudt64l/region/pt_ST.res" 1733
"../../../Engine/Content/Internationalization/icudt64l/lang/pt_TL.res" 1734
"../../../Engine/Content/Internationalization/icudt64l/region/pt_TL.res" 1735
"../../../Engine/Content/Internationalization/icudt64l/lang/qu.res" 1736
"../../../Engine/Content/Internationalization/icudt64l/region/qu.res" 1737
"../../../Engine/Content/Internationalization/icudt64l/lang/rm.res" 1738
"../../../Engine/Content/Internationalization/icudt64l/region/rm.res" 1739
"../../../Engine/Content/Internationalization/icudt64l/lang/rn.res" 1740
"../../../Engine/Content/Internationalization/icudt64l/region/rn.res" 1741
"../../../Engine/Content/Internationalization/icudt64l/lang/ro.res" 1742
"../../../Engine/Content/Internationalization/icudt64l/lang/ro_MD.res" 1743
"../../../Engine/Content/Internationalization/icudt64l/region/ro_MD.res" 1744
"../../../Engine/Content/Internationalization/icudt64l/region/ro.res" 1745
"../../../Engine/Content/Internationalization/icudt64l/lang/rof.res" 1746
"../../../Engine/Content/Internationalization/icudt64l/region/rof.res" 1747
"../../../Engine/Content/Internationalization/icudt64l/lang/ru.res" 1748
"../../../Engine/Content/Internationalization/icudt64l/region/ru.res" 1749
"../../../Engine/Content/Internationalization/icudt64l/region/ru_UA.res" 1750
"../../../Engine/Content/Internationalization/icudt64l/lang/rw.res" 1751
"../../../Engine/Content/Internationalization/icudt64l/region/rw.res" 1752
"../../../Engine/Content/Internationalization/icudt64l/lang/rwk.res" 1753
"../../../Engine/Content/Internationalization/icudt64l/region/rwk.res" 1754
"../../../Engine/Content/Internationalization/icudt64l/lang/sah.res" 1755
"../../../Engine/Content/Internationalization/icudt64l/region/sah.res" 1756
"../../../Engine/Content/Internationalization/icudt64l/lang/saq.res" 1757
"../../../Engine/Content/Internationalization/icudt64l/region/saq.res" 1758
"../../../Engine/Content/Internationalization/icudt64l/lang/sbp.res" 1759
"../../../Engine/Content/Internationalization/icudt64l/region/sbp.res" 1760
"../../../Engine/Content/Internationalization/icudt64l/lang/sd.res" 1761
"../../../Engine/Content/Internationalization/icudt64l/region/sd.res" 1762
"../../../Engine/Content/Internationalization/icudt64l/lang/se.res" 1763
"../../../Engine/Content/Internationalization/icudt64l/lang/se_FI.res" 1764
"../../../Engine/Content/Internationalization/icudt64l/region/se_FI.res" 1765
"../../../Engine/Content/Internationalization/icudt64l/region/se.res" 1766
"../../../Engine/Content/Internationalization/icudt64l/lang/seh.res" 1767
"../../../Engine/Content/Internationalization/icudt64l/region/seh.res" 1768
"../../../Engine/Content/Internationalization/icudt64l/lang/ses.res" 1769
"../../../Engine/Content/Internationalization/icudt64l/region/ses.res" 1770
"../../../Engine/Content/Internationalization/icudt64l/lang/sg.res" 1771
"../../../Engine/Content/Internationalization/icudt64l/region/sg.res" 1772
"../../../Engine/Content/Internationalization/icudt64l/lang/shi.res" 1773
"../../../Engine/Content/Internationalization/icudt64l/lang/shi_Latn.res" 1774
"../../../Engine/Content/Internationalization/icudt64l/lang/shi_MA.res" 1775
"../../../Engine/Content/Internationalization/icudt64l/lang/shi_Tfng_MA.res" 1776
"../../../Engine/Content/Internationalization/icudt64l/lang/shi_Tfng.res" 1777
"../../../Engine/Content/Internationalization/icudt64l/region/shi_MA.res" 1778
"../../../Engine/Content/Internationalization/icudt64l/region/shi_Tfng_MA.res" 1779
"../../../Engine/Content/Internationalization/icudt64l/region/shi_Tfng.res" 1780
"../../../Engine/Content/Internationalization/icudt64l/region/shi.res" 1781
"../../../Engine/Content/Internationalization/icudt64l/region/shi_Latn.res" 1782
"../../../Engine/Content/Internationalization/icudt64l/lang/si.res" 1783
"../../../Engine/Content/Internationalization/icudt64l/region/si.res" 1784
"../../../Engine/Content/Internationalization/icudt64l/lang/sk.res" 1785
"../../../Engine/Content/Internationalization/icudt64l/region/sk.res" 1786
"../../../Engine/Content/Internationalization/icudt64l/lang/sl.res" 1787
"../../../Engine/Content/Internationalization/icudt64l/region/sl.res" 1788
"../../../Engine/Content/Internationalization/icudt64l/lang/smn.res" 1789
"../../../Engine/Content/Internationalization/icudt64l/region/smn.res" 1790
"../../../Engine/Content/Internationalization/icudt64l/lang/sn.res" 1791
"../../../Engine/Content/Internationalization/icudt64l/region/sn.res" 1792
"../../../Engine/Content/Internationalization/icudt64l/lang/so.res" 1793
"../../../Engine/Content/Internationalization/icudt64l/region/so.res" 1794
"../../../Engine/Content/Internationalization/icudt64l/lang/sq.res" 1795
"../../../Engine/Content/Internationalization/icudt64l/region/sq.res" 1796
"../../../Engine/Content/Internationalization/icudt64l/lang/sr.res" 1797
"../../../Engine/Content/Internationalization/icudt64l/lang/sr_Cyrl.res" 1798
"../../../Engine/Content/Internationalization/icudt64l/lang/sr_BA.res" 1799
"../../../Engine/Content/Internationalization/icudt64l/lang/sr_Cyrl_BA.res" 1800
"../../../Engine/Content/Internationalization/icudt64l/region/sr_BA.res" 1801
"../../../Engine/Content/Internationalization/icudt64l/region/sr_Cyrl_BA.res" 1802
"../../../Engine/Content/Internationalization/icudt64l/region/sr_Cyrl.res" 1803
"../../../Engine/Content/Internationalization/icudt64l/region/sr.res" 1804
"../../../Engine/Content/Internationalization/icudt64l/lang/sr_ME.res" 1805
"../../../Engine/Content/Internationalization/icudt64l/lang/sr_Latn_ME.res" 1806
"../../../Engine/Content/Internationalization/icudt64l/lang/sr_Latn.res" 1807
"../../../Engine/Content/Internationalization/icudt64l/region/sr_ME.res" 1808
"../../../Engine/Content/Internationalization/icudt64l/region/sr_Latn_ME.res" 1809
"../../../Engine/Content/Internationalization/icudt64l/region/sr_Latn.res" 1810
"../../../Engine/Content/Internationalization/icudt64l/lang/sr_Cyrl_ME.res" 1811
"../../../Engine/Content/Internationalization/icudt64l/region/sr_Cyrl_ME.res" 1812
"../../../Engine/Content/Internationalization/icudt64l/lang/sr_RS.res" 1813
"../../../Engine/Content/Internationalization/icudt64l/lang/sr_Cyrl_RS.res" 1814
"../../../Engine/Content/Internationalization/icudt64l/region/sr_RS.res" 1815
"../../../Engine/Content/Internationalization/icudt64l/region/sr_Cyrl_RS.res" 1816
"../../../Engine/Content/Internationalization/icudt64l/lang/sr_XK.res" 1817
"../../../Engine/Content/Internationalization/icudt64l/lang/sr_Cyrl_XK.res" 1818
"../../../Engine/Content/Internationalization/icudt64l/region/sr_XK.res" 1819
"../../../Engine/Content/Internationalization/icudt64l/region/sr_Cyrl_XK.res" 1820
"../../../Engine/Content/Internationalization/icudt64l/lang/sr_Latn_BA.res" 1821
"../../../Engine/Content/Internationalization/icudt64l/region/sr_Latn_BA.res" 1822
"../../../Engine/Content/Internationalization/icudt64l/lang/sr_Latn_RS.res" 1823
"../../../Engine/Content/Internationalization/icudt64l/region/sr_Latn_RS.res" 1824
"../../../Engine/Content/Internationalization/icudt64l/lang/sr_Latn_XK.res" 1825
"../../../Engine/Content/Internationalization/icudt64l/region/sr_Latn_XK.res" 1826
"../../../Engine/Content/Internationalization/icudt64l/lang/sv.res" 1827
"../../../Engine/Content/Internationalization/icudt64l/region/sv.res" 1828
"../../../Engine/Content/Internationalization/icudt64l/lang/sv_FI.res" 1829
"../../../Engine/Content/Internationalization/icudt64l/lang/sw.res" 1830
"../../../Engine/Content/Internationalization/icudt64l/lang/sw_CD.res" 1831
"../../../Engine/Content/Internationalization/icudt64l/region/sw_CD.res" 1832
"../../../Engine/Content/Internationalization/icudt64l/region/sw.res" 1833
"../../../Engine/Content/Internationalization/icudt64l/lang/sw_KE.res" 1834
"../../../Engine/Content/Internationalization/icudt64l/region/sw_KE.res" 1835
"../../../Engine/Content/Internationalization/icudt64l/lang/ta.res" 1836
"../../../Engine/Content/Internationalization/icudt64l/region/ta.res" 1837
"../../../Engine/Content/Internationalization/icudt64l/lang/te.res" 1838
"../../../Engine/Content/Internationalization/icudt64l/region/te.res" 1839
"../../../Engine/Content/Internationalization/icudt64l/lang/teo.res" 1840
"../../../Engine/Content/Internationalization/icudt64l/region/teo.res" 1841
"../../../Engine/Content/Internationalization/icudt64l/lang/tg.res" 1842
"../../../Engine/Content/Internationalization/icudt64l/region/tg.res" 1843
"../../../Engine/Content/Internationalization/icudt64l/lang/th.res" 1844
"../../../Engine/Content/Internationalization/icudt64l/lang/th_TH.res" 1845
"../../../Engine/Content/Internationalization/icudt64l/region/th_TH.res" 1846
"../../../Engine/Content/Internationalization/icudt64l/region/th.res" 1847
"../../../Engine/Content/Internationalization/icudt64l/lang/ti.res" 1848
"../../../Engine/Content/Internationalization/icudt64l/region/ti.res" 1849
"../../../Engine/Content/Internationalization/icudt64l/lang/tk.res" 1850
"../../../Engine/Content/Internationalization/icudt64l/region/tk.res" 1851
"../../../Engine/Content/Internationalization/icudt64l/lang/to.res" 1852
"../../../Engine/Content/Internationalization/icudt64l/region/to.res" 1853
"../../../Engine/Content/Internationalization/icudt64l/lang/tr.res" 1854
"../../../Engine/Content/Internationalization/icudt64l/region/tr.res" 1855
"../../../Engine/Content/Internationalization/icudt64l/lang/tt.res" 1856
"../../../Engine/Content/Internationalization/icudt64l/region/tt.res" 1857
"../../../Engine/Content/Internationalization/icudt64l/lang/twq.res" 1858
"../../../Engine/Content/Internationalization/icudt64l/region/twq.res" 1859
"../../../Engine/Content/Internationalization/icudt64l/lang/tzm.res" 1860
"../../../Engine/Content/Internationalization/icudt64l/region/tzm.res" 1861
"../../../Engine/Content/Internationalization/icudt64l/lang/ug.res" 1862
"../../../Engine/Content/Internationalization/icudt64l/region/ug.res" 1863
"../../../Engine/Content/Internationalization/icudt64l/lang/uk.res" 1864
"../../../Engine/Content/Internationalization/icudt64l/region/uk.res" 1865
"../../../Engine/Content/Internationalization/icudt64l/lang/ur.res" 1866
"../../../Engine/Content/Internationalization/icudt64l/lang/ur_IN.res" 1867
"../../../Engine/Content/Internationalization/icudt64l/region/ur_IN.res" 1868
"../../../Engine/Content/Internationalization/icudt64l/region/ur.res" 1869
"../../../Engine/Content/Internationalization/icudt64l/lang/uz.res" 1870
"../../../Engine/Content/Internationalization/icudt64l/lang/uz_Arab.res" 1871
"../../../Engine/Content/Internationalization/icudt64l/lang/uz_AF.res" 1872
"../../../Engine/Content/Internationalization/icudt64l/lang/uz_Arab_AF.res" 1873
"../../../Engine/Content/Internationalization/icudt64l/region/uz_AF.res" 1874
"../../../Engine/Content/Internationalization/icudt64l/region/uz_Arab_AF.res" 1875
"../../../Engine/Content/Internationalization/icudt64l/region/uz_Arab.res" 1876
"../../../Engine/Content/Internationalization/icudt64l/lang/uz_Cyrl.res" 1877
"../../../Engine/Content/Internationalization/icudt64l/lang/uz_UZ.res" 1878
"../../../Engine/Content/Internationalization/icudt64l/lang/uz_Latn_UZ.res" 1879
"../../../Engine/Content/Internationalization/icudt64l/lang/uz_Latn.res" 1880
"../../../Engine/Content/Internationalization/icudt64l/region/uz_UZ.res" 1881
"../../../Engine/Content/Internationalization/icudt64l/region/uz_Latn_UZ.res" 1882
"../../../Engine/Content/Internationalization/icudt64l/region/uz_Latn.res" 1883
"../../../Engine/Content/Internationalization/icudt64l/region/uz.res" 1884
"../../../Engine/Content/Internationalization/icudt64l/region/uz_Cyrl.res" 1885
"../../../Engine/Content/Internationalization/icudt64l/lang/vai.res" 1886
"../../../Engine/Content/Internationalization/icudt64l/lang/vai_Latn.res" 1887
"../../../Engine/Content/Internationalization/icudt64l/lang/vai_LR.res" 1888
"../../../Engine/Content/Internationalization/icudt64l/lang/vai_Vaii_LR.res" 1889
"../../../Engine/Content/Internationalization/icudt64l/lang/vai_Vaii.res" 1890
"../../../Engine/Content/Internationalization/icudt64l/region/vai_LR.res" 1891
"../../../Engine/Content/Internationalization/icudt64l/region/vai_Vaii_LR.res" 1892
"../../../Engine/Content/Internationalization/icudt64l/region/vai_Vaii.res" 1893
"../../../Engine/Content/Internationalization/icudt64l/region/vai.res" 1894
"../../../Engine/Content/Internationalization/icudt64l/region/vai_Latn.res" 1895
"../../../Engine/Content/Internationalization/icudt64l/lang/vi.res" 1896
"../../../Engine/Content/Internationalization/icudt64l/region/vi.res" 1897
"../../../Engine/Content/Internationalization/icudt64l/lang/vun.res" 1898
"../../../Engine/Content/Internationalization/icudt64l/region/vun.res" 1899
"../../../Engine/Content/Internationalization/icudt64l/lang/wae.res" 1900
"../../../Engine/Content/Internationalization/icudt64l/region/wae.res" 1901
"../../../Engine/Content/Internationalization/icudt64l/lang/wo.res" 1902
"../../../Engine/Content/Internationalization/icudt64l/region/wo.res" 1903
"../../../Engine/Content/Internationalization/icudt64l/lang/xh.res" 1904
"../../../Engine/Content/Internationalization/icudt64l/region/xh.res" 1905
"../../../Engine/Content/Internationalization/icudt64l/lang/xog.res" 1906
"../../../Engine/Content/Internationalization/icudt64l/region/xog.res" 1907
"../../../Engine/Content/Internationalization/icudt64l/lang/yav.res" 1908
"../../../Engine/Content/Internationalization/icudt64l/region/yav.res" 1909
"../../../Engine/Content/Internationalization/icudt64l/lang/yi.res" 1910
"../../../Engine/Content/Internationalization/icudt64l/region/yi.res" 1911
"../../../Engine/Content/Internationalization/icudt64l/lang/yo.res" 1912
"../../../Engine/Content/Internationalization/icudt64l/lang/yo_BJ.res" 1913
"../../../Engine/Content/Internationalization/icudt64l/region/yo_BJ.res" 1914
"../../../Engine/Content/Internationalization/icudt64l/region/yo.res" 1915
"../../../Engine/Content/Internationalization/icudt64l/lang/yue.res" 1916
"../../../Engine/Content/Internationalization/icudt64l/lang/yue_Hans.res" 1917
"../../../Engine/Content/Internationalization/icudt64l/lang/yue_CN.res" 1918
"../../../Engine/Content/Internationalization/icudt64l/lang/yue_Hans_CN.res" 1919
"../../../Engine/Content/Internationalization/icudt64l/region/yue_CN.res" 1920
"../../../Engine/Content/Internationalization/icudt64l/region/yue_Hans_CN.res" 1921
"../../../Engine/Content/Internationalization/icudt64l/region/yue_Hans.res" 1922
"../../../Engine/Content/Internationalization/icudt64l/lang/yue_Hant.res" 1923
"../../../Engine/Content/Internationalization/icudt64l/lang/yue_HK.res" 1924
"../../../Engine/Content/Internationalization/icudt64l/lang/yue_Hant_HK.res" 1925
"../../../Engine/Content/Internationalization/icudt64l/region/yue_HK.res" 1926
"../../../Engine/Content/Internationalization/icudt64l/region/yue_Hant_HK.res" 1927
"../../../Engine/Content/Internationalization/icudt64l/region/yue_Hant.res" 1928
"../../../Engine/Content/Internationalization/icudt64l/region/yue.res" 1929
"../../../Engine/Content/Internationalization/icudt64l/lang/zgh.res" 1930
"../../../Engine/Content/Internationalization/icudt64l/region/zgh.res" 1931
"../../../Engine/Content/Internationalization/icudt64l/lang/zh.res" 1932
"../../../Engine/Content/Internationalization/icudt64l/lang/zh_Hans.res" 1933
"../../../Engine/Content/Internationalization/icudt64l/lang/zh_CN.res" 1934
"../../../Engine/Content/Internationalization/icudt64l/lang/zh_Hans_CN.res" 1935
"../../../Engine/Content/Internationalization/icudt64l/region/zh_CN.res" 1936
"../../../Engine/Content/Internationalization/icudt64l/region/zh_Hans_CN.res" 1937
"../../../Engine/Content/Internationalization/icudt64l/region/zh_Hans.res" 1938
"../../../Engine/Content/Internationalization/icudt64l/region/zh.res" 1939
"../../../Engine/Content/Internationalization/icudt64l/lang/zh_HK.res" 1940
"../../../Engine/Content/Internationalization/icudt64l/lang/zh_Hant_HK.res" 1941
"../../../Engine/Content/Internationalization/icudt64l/lang/zh_Hant.res" 1942
"../../../Engine/Content/Internationalization/icudt64l/region/zh_HK.res" 1943
"../../../Engine/Content/Internationalization/icudt64l/region/zh_Hant_HK.res" 1944
"../../../Engine/Content/Internationalization/icudt64l/region/zh_Hant.res" 1945
"../../../Engine/Content/Internationalization/icudt64l/lang/zh_MO.res" 1946
"../../../Engine/Content/Internationalization/icudt64l/lang/zh_Hant_MO.res" 1947
"../../../Engine/Content/Internationalization/icudt64l/region/zh_MO.res" 1948
"../../../Engine/Content/Internationalization/icudt64l/region/zh_Hant_MO.res" 1949
"../../../Engine/Content/Internationalization/icudt64l/lang/zh_SG.res" 1950
"../../../Engine/Content/Internationalization/icudt64l/lang/zh_Hans_SG.res" 1951
"../../../Engine/Content/Internationalization/icudt64l/region/zh_SG.res" 1952
"../../../Engine/Content/Internationalization/icudt64l/region/zh_Hans_SG.res" 1953
"../../../Engine/Content/Internationalization/icudt64l/lang/zh_TW.res" 1954
"../../../Engine/Content/Internationalization/icudt64l/lang/zh_Hant_TW.res" 1955
"../../../Engine/Content/Internationalization/icudt64l/region/zh_TW.res" 1956
"../../../Engine/Content/Internationalization/icudt64l/region/zh_Hant_TW.res" 1957
"../../../Engine/Content/Internationalization/icudt64l/lang/zu.res" 1958
"../../../Engine/Content/Internationalization/icudt64l/region/zu.res" 1959
"../../../Engine/Content/Internationalization/icudt64l/lang/no.res" 1960
"../../../Engine/Content/Internationalization/icudt64l/lang/tl.res" 1961
"../../../Engine/Config/Android/DataDrivenPlatformInfo.ini" 1962
"../../../Engine/Config/IOS/DataDrivenPlatformInfo.ini" 1963
"../../../Engine/Config/Linux/DataDrivenPlatformInfo.ini" 1964
"../../../Engine/Config/Mac/DataDrivenPlatformInfo.ini" 1965
"../../../Engine/Config/TVOS/DataDrivenPlatformInfo.ini" 1966
"../../../Engine/Config/Unix/DataDrivenPlatformInfo.ini" 1967
"../../../Engine/Config/VulkanPC/DataDrivenPlatformInfo.ini" 1968
"../../../Engine/Config/Windows/DataDrivenPlatformInfo.ini" 1969
"../../../Engine/Platforms/VisionOS/Config/DataDrivenPlatformInfo.ini" 1970
"../../../Engine/Content/Renderer/TessellationTable.bin" 1971
"../../../Engine/DerivedDataCache/Compressed.ddp" 1972
"C:/Users/Mateusz/AppData/Local/UnrealEngine/5.6/Saved/Zen/zen.version" 1973
"C:/Users/Mateusz/AppData/Local/UnrealEngine/Common/Zen/Install/zen.version" 1974
"C:/Users/Mateusz/AppData/Local/UnrealEngine/Common/Zen/Install/zenserver.runcontext" 1975
"C:/Users/Mateusz/AppData/Local/UnrealEngine/Common/DerivedDataCache/TestData/0/TestData_4kb.dat" 1976
"C:/Users/Mateusz/AppData/Local/UnrealEngine/Common/DerivedDataCache/TestData/1/TestData_4kb.dat" 1977
"C:/Users/Mateusz/AppData/Local/UnrealEngine/Common/DerivedDataCache/TestData/0/TestData_8kb.dat" 1978
"C:/Users/Mateusz/AppData/Local/UnrealEngine/Common/DerivedDataCache/TestData/1/TestData_8kb.dat" 1979
"C:/Users/Mateusz/AppData/Local/UnrealEngine/Common/DerivedDataCache/TestData/0/TestData_16kb.dat" 1980
"C:/Users/Mateusz/AppData/Local/UnrealEngine/Common/DerivedDataCache/TestData/1/TestData_16kb.dat" 1981
"C:/Users/Mateusz/AppData/Local/UnrealEngine/Common/DerivedDataCache/TestData/0/TestData_64kb.dat" 1982
"C:/Users/Mateusz/AppData/Local/UnrealEngine/Common/DerivedDataCache/TestData/1/TestData_64kb.dat" 1983
"C:/Users/Mateusz/AppData/Local/UnrealEngine/Common/DerivedDataCache/TestData/0/TestData_128kb.dat" 1984
"C:/Users/Mateusz/AppData/Local/UnrealEngine/Common/DerivedDataCache/TestData/1/TestData_128kb.dat" 1985
"C:/Users/Mateusz/AppData/Local/UnrealEngine/Common/DerivedDataCache/TestData/0/TestData_256kb.dat" 1986
"C:/Users/Mateusz/AppData/Local/UnrealEngine/Common/DerivedDataCache/TestData/1/TestData_256kb.dat" 1987
"C:/Users/Mateusz/AppData/Roaming/Unreal Engine/UnrealBuildTool/BuildConfiguration.xml" 1988
"../../../../hooy/ProjectMegaSample/ProjectMegaSample/Intermediate/ShaderAutogen/PCD3D_SM6/AutogenShaderHeaders.ush" 1989
"../../../Engine/Shaders/Private/HairStrands/HairStrandsVertexFactory.ush" 1990
"../../../Engine/Shaders/Private/VertexFactoryCommon.ush" 1991
"../../../Engine/Shaders/Private/Common.ush" 1992
"../../../Engine/Shaders/Public/Platform.ush" 1993
"../../../Engine/Shaders/Public/FP16Math.ush" 1994
"../../../Engine/Shaders/Public/Platform/D3D/D3DCommon.ush" 1995
"../../../Engine/Shaders/Shared/HLSLReservedSpaces.h" 1996
"../../../Engine/Shaders/Public/BindlessResources.ush" 1997
"../../../Engine/Shaders/Public/Platform/D3D/PlatformBindlessResources.ush" 1998
"../../../Engine/Shaders/Shared/RayTracingBuiltInResources.h" 1999
"../../../Engine/Shaders/Shared/RayTracingDefinitions.h" 2000
"../../../Engine/Shaders/Public/OverloadMacros.ush" 2001
"../../../Engine/Shaders/Public/ShaderVersion.ush" 2002
"../../../Engine/Shaders/Shared/ThirdParty/NVIDIA/nvHLSLExtns.h" 2003
"../../../Engine/Shaders/Shared/ThirdParty/NVIDIA/nvHLSLExtnsInternal.h" 2004
"../../../Engine/Shaders/Shared/ThirdParty/NVIDIA/nvShaderExtnEnums.h" 2005
"../../../Engine/Shaders/Private/PackUnpack.ush" 2006
"../../../Engine/Shaders/Private/GeneratedUniformBufferTypes.ush" 2007
"../../../Engine/Shaders/Private/Nanite/NanitePackedNaniteView.ush" 2008
"../../../Engine/Shaders/Private/HairStrands/HairStrandsVisibilityCommonStruct.ush" 2009
"../../../Engine/Shaders/Private/HairStrands/HairStrandsVoxelPageCommonStruct.ush" 2010
"../../../Engine/Shaders/Private/HairStrands/HairStrandsDeepShadowCommonStruct.ush" 2011
"../../../Engine/Shaders/Shared/LightSceneData.h" 2012
"../../../Engine/Shaders/Shared/HLSLTypeAliases.h" 2013
"../../../Engine/Shaders/Private/LargeWorldCoordinates.ush" 2014
"../../../Engine/Shaders/Private/DoubleFloat.ush" 2015
"../../../Engine/Shaders/Private/RandomPCG.ush" 2016
"../../../Engine/Shaders/Private/DoubleFloatOperations.ush" 2017
"../../../Engine/Shaders/Private/DoubleFloatVectorDefinition.ush" 2018
"../../../Engine/Shaders/Private/LWCOperations.ush" 2019
"../../../Engine/Shaders/Shared/LightViewData.h" 2020
"../../../Engine/Shaders/Shared/RayTracingTypes.h" 2021
"../../../Engine/Shaders/Shared/HLSLStaticAssert.h" 2022
"../../../Engine/Shaders/Private/CommonViewUniformBuffer.ush" 2023
"../../../Engine/Shaders/Private/InstancedStereo.ush" 2024
"../../../Engine/Shaders/Private/Definitions.usf" 2025
"../../../Engine/Shaders/Private/AssertionMacros.ush" 2026
"../../../Engine/Shaders/Private/FastMath.ush" 2027
"../../../Engine/Shaders/Private/FastMathThirdParty.ush" 2028
"../../../Engine/Shaders/Private/Random.ush" 2029
"../../../Engine/Shaders/Private/RandomInterleavedGradientNoise.ush" 2030
"../../../Engine/Shaders/Private/SceneData.ush" 2031
"../../../Engine/Shaders/Private/OctahedralCommon.ush" 2032
"../../../Engine/Shaders/Private/WaveOpUtil.ush" 2033
"../../../Engine/Shaders/Private/ByteBuffer.ush" 2034
"../../../Engine/Shaders/Shared/SceneDefinitions.h" 2035
"../../../Engine/Shaders/Private/SceneDataMobileLoader.ush" 2036
"../../../Engine/Shaders/Private/LocalVertexFactoryCommon.ush" 2037
"../../../Engine/Shaders/Private/HairStrands/HairStrandsVisibilityCommon.ush" 2038
"../../../Engine/Shaders/Shared/HairStrandsDefinitions.h" 2039
"../../../Engine/Shaders/Private/HairStrands/HairStrandsVertexFactoryCommon.ush" 2040
"../../../Engine/Shaders/Private/HairStrands/HairStrandsPack.ush" 2041
"../../../Engine/Shaders/Private/HairStrands/HairStrandsAttributeCommon.ush" 2042
"../../../Engine/Shaders/Private/HairStrands/HairStrandsAttributeTemplate.ush" 2043
"../../../Engine/Shaders/Private/VertexFactoryDefaultInterface.ush" 2044
"../../../Engine/Shaders/Private/HairStrands/HairCardsVertexFactory.ush" 2045
"../../../Engine/Shaders/Private/HairStrands/HairCardsAttributeCommon.ush" 2046
"../../../Engine/Shaders/Private/RayTracing/RayTracingCommon.ush" 2047
"../../../Engine/Shaders/Private/ShadingCommon.ush" 2048
"../../../Engine/Shaders/Shared/RayTracingPayloadType.h" 2049
"../../../Engine/Shaders/Private/RayTracing/RayTracingRayCone.ush" 2050
"../../../Engine/Shaders/Private/Substrate/Substrate.ush" 2051
"../../../Engine/Shaders/Private/ShadingEnergyConservation.ush" 2052
"../../../Engine/Shaders/Private/ShadingEnergyConservationTemplate.ush" 2053
"../../../Engine/Shaders/Private/BRDF.ush" 2054
"../../../Engine/Shaders/Private/ColorSpace.ush" 2055
"../../../Engine/Shaders/Private/DeferredShadingCommon.ush" 2056
"../../../Engine/Shaders/Private/LightAccumulator.ush" 2057
"../../../Engine/Shaders/Private/SceneTexturesCommon.ush" 2058
"../../../Engine/Shaders/Private/MonteCarlo.ush" 2059
"../../../Engine/Shaders/Private/GBufferHelpers.ush" 2060
"../../../Engine/Shaders/Private/SceneTextureParameters.ush" 2061
"D:/Pliki program?w (x86)/hooy/ProjectMegaSample/ProjectMegaSample/Intermediate/ShaderAutogen/PCD3D_SM6/AutogenShaderHeaders.ush" 2062
"../../../Engine/Shaders/Private/ParticipatingMediaCommon.ush" 2063
"../../../Engine/Shaders/Private/ThinFilmBSDF.ush" 2064
"../../../Engine/Shaders/Private/MortonCode.ush" 2065
"../../../Engine/Shaders/Private/SubsurfaceProfileCommon.ush" 2066
"../../../Engine/Shaders/Private/BurleyNormalizedSSSCommon.ush" 2067
"../../../Engine/Shaders/Private/GammaCorrectionCommon.ush" 2068
"../../../Engine/Shaders/Shared/SubstrateDefinitions.h" 2069
"../../../Engine/Shaders/Private/Substrate/SubstrateStatisticalOperators.ush" 2070
"../../../Engine/Shaders/Private/Substrate/SubstrateSubsurface.ush" 2071
"../../../Engine/Shaders/Private/TransmissionCommon.ush" 2072
"../../../Engine/Shaders/Private/Substrate/SubstrateExportCommon.ush" 2073
"../../../Engine/Shaders/Private/SpecularProfileCommon.ush" 2074
"../../../Engine/Shaders/Private/RayTracing/RayTracingCommonMetal.ush" 2075
"../../../Engine/Shaders/Private/PositionReconstructionCommon.ush" 2076
"../../../Engine/Shaders/Private/RayTracing/TraceRayInline.ush" 2077
"../../../Engine/Shaders/Private/RayTracing/TraceRayInlineCommon.ush" 2078
"../../../Engine/Shaders/Private/RayTracing/TraceRayInlineVulkan.ush" 2079
"../../../Engine/Shaders/Private/RayTracing/TraceRayInlineMetal.ush" 2080
"../../../Engine/Shaders/Private/RayTracing/TraceRayInlineD3D12.ush" 2081
"../../../Engine/Shaders/Private/RayTracing/RayTracingHitGroupCommon.ush" 2082
"../../../Engine/Shaders/Private/Nanite/NaniteRayTrace.ush" 2083
"../../../Engine/Shaders/Private/Nanite/NaniteDataDecode.ush" 2084
"../../../Engine/Shaders/Private/BitPacking.ush" 2085
"../../../Engine/Shaders/Private/BitStreamReaderImplementation.ush" 2086
"../../../Engine/Shaders/Private/BoneTransform.ush" 2087
"../../../Engine/Shaders/Private/Quaternion.ush" 2088
"../../../Engine/Shaders/Shared/NaniteDefinitions.h" 2089
"../../../Engine/Shaders/Shared/SkinningDefinitions.h" 2090
"../../../Engine/Shaders/Private/Nanite/NaniteAttributeDecode.ush" 2091
"../../../Engine/Shaders/Private/Barycentrics.ush" 2092
"../../../Engine/Shaders/Private/DualNumber.ush" 2093
"../../../Engine/Shaders/Shared/ThirdParty/RayTriangleIntersection.h" 2094
"../../../Engine/Shaders/Private/Nanite/NaniteVertexFetch.ush" 2095
"../../../Engine/Shaders/Private/Nanite/NaniteSceneCommon.ush" 2096
"../../../Engine/Plugins/FX/Niagara/Shaders/Private/NiagaraSpriteVertexFactory.ush" 2097
"../../../Engine/Shaders/Private/ParticleVertexFactoryCommon.ush" 2098
"../../../Engine/Plugins/FX/Niagara/Shaders/Private/NiagaraVFCommon.usf" 2099
"../../../Engine/Plugins/FX/Niagara/Shaders/Private/NiagaraVFParticleAccess.usf" 2100
"../../../Engine/Plugins/FX/Niagara/Shaders/Private/NiagaraParticleAccess.ush" 2101
"../../../Engine/Plugins/FX/Niagara/Shaders/Private/NiagaraRibbonVertexFactory.ush" 2102
"../../../Engine/Plugins/FX/Niagara/Shaders/Private/NiagaraMeshVertexFactory.ush" 2103
"../../../Engine/Plugins/FX/Niagara/Shaders/Private/NiagaraCommon.ush" 2104
"../../../Engine/Plugins/FX/Niagara/Shaders/Private/NiagaraMeshParticleUtils.ush" 2105
"../../../Engine/Shaders/Private/VectorFieldVisualizationVertexFactory.ush" 2106
"../../../Engine/Shaders/Private/Nanite/NaniteVertexFactory.ush" 2107
"../../../Engine/Shaders/Private/LightmapData.ush" 2108
"../../../Engine/Shaders/Private/SplineMeshCommon.ush" 2109
"../../../Engine/Shaders/Shared/SplineMeshShaderParams.h" 2110
"../../../Engine/Shaders/Private/ShaderPrint.ush" 2111
"../../../Engine/Shaders/Private/ShaderPrintCommon.ush" 2112
"../../../Engine/Shaders/Private/MiniFontCommon.ush" 2113
"../../../Engine/Shaders/Private/MaterialCache/MaterialCacheCommon.ush" 2114
"../../../Engine/Shaders/Shared/MaterialCacheDefinitions.h" 2115
"../../../Engine/Shaders/Private/Nanite/NaniteVertexDeformation.ush" 2116
"../../../Engine/Shaders/Private/ViewData.ush" 2117
"../../../Engine/Shaders/Shared/ViewDefinitions.h" 2118
"../../../Engine/Shaders/Private/Matrices.ush" 2119
"../../../Engine/Shaders/Private/ParticleSpriteVertexFactory.ush" 2120
"../../../Engine/Shaders/Private/ParticleGPUSpriteVertexFactory.ush" 2121
"../../../Engine/Shaders/Private/ParticleSimulationCommon.ush" 2122
"../../../Engine/Shaders/Private/ParticleBeamTrailVertexFactory.ush" 2123
"../../../Engine/Shaders/Private/MeshParticleVertexFactory.ush" 2124
"../../../Engine/Shaders/Private/LocalVertexFactory.ush" 2125
"../../../Engine/Shaders/Private/GpuSkinCommon.ush" 2126
"../../../Engine/Shaders/Private/GpuSkinVertexFactory.ush" 2127
"../../../Engine/Shaders/Private/GeometryCollectionVertexFactory.ush" 2128
"../../../Engine/Shaders/Private/GeometryCacheVertexFactory.ush" 2129
"../../../Engine/Shaders/Private/LandscapeVertexFactory.ush" 2130
"../../../Engine/Plugins/Experimental/Compositing/CompositeCore/Shaders/Private/CompositeCoreMerge.usf" 2131
"../../../Engine/Shaders/Private/ScreenPass.ush" 2132
"../../../Engine/Shaders/Private/LensDistortion.ush" 2133
"../../../Engine/Plugins/Experimental/Compositing/CompositeCore/Shaders/Private/CompositeCoreDisplayTransform.usf" 2134
"../../../Engine/Plugins/Experimental/Compositing/CompositeCore/Shaders/Private/CompositeCoreDilate.usf" 2135
"../../../Engine/Plugins/Runtime/HairStrands/Shaders/Private/NiagaraCopyVelocityGrid.usf" 2136
"../../../Engine/Plugins/Runtime/HairStrands/Shaders/Private/NiagaraClearVelocityGrid.usf" 2137
"../../../Engine/Plugins/Runtime/HairStrands/Shaders/Private/NiagaraClearPressureGrid.usf" 2138
"../../../Engine/Plugins/Runtime/HairStrands/Shaders/Private/NiagaraInterpolateGroomGuides.usf" 2139
"../../../Engine/Plugins/Runtime/HairStrands/Shaders/Private/NiagaraGroomInterpolationUtils.ush" 2140
"../../../Engine/Plugins/FX/Niagara/Shaders/Private/NiagaraQuaternionUtils.ush" 2141
"../../../Engine/Shaders/Private/HairStrands/HairStrandsMesh.usf" 2142
"../../../Engine/Shaders/Private/HairStrands/HairStrandsBindingCommon.ush" 2143
"../../../Engine/Shaders/Private/HairStrands/HairStrandsFollicleMask.usf" 2144
"../../../Engine/Shaders/Private/HairStrands/HairStrandsSkinUpdate.usf" 2145
"../../../Engine/Shaders/Private/HairStrands/HairStrandsClusterCulling.usf" 2146
"../../../Engine/Shaders/Private/ColorMap.ush" 2147
"../../../Engine/Shaders/Private/HairStrands/HairStrandsAABBCommon.ush" 2148
"../../../Engine/Shaders/Private/HairStrands/HairStrandsClusterCommon.ush" 2149
"../../../Engine/Shaders/Private/ThreadGroupPrefixSum.ush" 2150
"../../../Engine/Shaders/Private/HairStrands/HairStrandsRaytracingGeometry.usf" 2151
"../../../Engine/Shaders/Private/HairStrands/HairStrandsTangent.usf" 2152
"../../../Engine/Shaders/Private/HairStrands/HairCardsDeformation.usf" 2153
"../../../Engine/Shaders/Private/HairStrands/HairStrandsInterpolation.usf" 2154
"../../../Engine/Shaders/Private/HairStrands/HairStrandsGuideDeform.usf" 2155
"../../../Engine/Shaders/Private/HairStrands/HairStrandsTexturesGeneration.usf" 2156
"../../../Engine/Shaders/Private/HairStrands/HairCardsTextureCommon.ush" 2157
"../../../Engine/Shaders/Private/HairStrands/HairStrandsTranscode.usf" 2158
"../../../Engine/Shaders/Private/HairStrands/HairStrandsDebug.usf" 2159
"../../../Engine/Shaders/Private/HairShadingCommon.ush" 2160
"../../../Engine/Shaders/Private/PostProcessCommon.ush" 2161
"../../../Engine/Shaders/Private/ShadingModels.ush" 2162
"../../../Engine/Shaders/Private/CapsuleLight.ush" 2163
"../../../Engine/Shaders/Private/RectLight.ush" 2164
"../../../Engine/Shaders/Private/LightData.ush" 2165
"../../../Engine/Shaders/Shared/LightDefinitions.h" 2166
"../../../Engine/Shaders/Private/AreaLightCommon.ush" 2167
"../../../Engine/Shaders/Private/HairBsdf.ush" 2168
"../../../Engine/Shaders/Private/MobileGGX.ush" 2169
"../../../Engine/Shaders/Private/HairStrands/HairStrandsCommon.ush" 2170
"../../../Engine/Shaders/Private/HairStrands/HairStrandsEnvironmentLightingCommon.ush" 2171
"../../../Engine/Shaders/Private/HairStrands/HairStrandsDeepTransmittanceCommon.ush" 2172
"../../../Engine/Shaders/Private/HairStrands/HairStrandsDeepTransmittanceDualScattering.ush" 2173
"../../../Engine/Shaders/Private/HairStrands/HairStrandsDeepShadowCommon.ush" 2174
"../../../Engine/Shaders/Private/HairStrands/HairStrandsDebugCommonStruct.ush" 2175
"../../../Engine/Plugins/Enterprise/GLTFExporter/Shaders/Private/SimpleTexture2DPS.usf" 2176
"../../../Engine/Shaders/Private/SimpleElementNormalMapPixelShader.usf" 2177
"../../../Engine/Plugins/FX/Niagara/Shaders/Private/NiagaraVertexFactoryExport.usf" 2178
"../../../Engine/Shaders/Private/ComputeShaderUtils.ush" 2179
"../../../Engine/Shaders/Private/MaterialTemplate.ush" 2180
"../../../Engine/Shaders/Private/WorldSpaceMath.ush" 2181
"../../../Engine/Shaders/Private/EyeAdaptationCommon.ush" 2182
"../../../Engine/Shaders/Private/SobolRandom.ush" 2183
"../../../Engine/Shaders/Private/DepthOfFieldCommon.ush" 2184
"../../../Engine/Shaders/Private/CircleDOFCommon.ush" 2185
"../../../Engine/Shaders/Private/DistanceField/GlobalDistanceFieldShared.ush" 2186
"../../../Engine/Shaders/Private/PhysicsFieldSampler.ush" 2187
"../../../Engine/Shaders/Private/PhysicsFieldShared.ush" 2188
"../../../Engine/Shaders/Private/SparseVolumeTexture/SparseVolumeTextureCommon.ush" 2189
"../../../Engine/Shaders/Shared/EnvironmentComponentsFlags.h" 2190
"../../../Engine/Shaders/Private/MeshPaintTextureCommon.ush" 2191
"../../../Engine/Shaders/Private/VirtualTextureMaterial.ush" 2192
"../../../Engine/Shaders/Private/MaterialCache/MaterialCacheMaterialCommon.ush" 2193
"../../../Engine/Shaders/Private/MaterialCache/MaterialCacheABuffer.ush" 2194
"../../../Engine/Shaders/Private/SpeedTreeCommon.ush" 2195
"../../../Engine/Shaders/Private/VirtualTextureCommon.ush" 2196
"../../../Engine/Shaders/Private/MaterialTexture.ush" 2197
"../../../Engine/Shaders/Private/MinMaterialTexCoords.ush" 2198
"../../../Engine/Shaders/Private/SkyAtmosphereCommon.ush" 2199
"../../../Engine/Shaders/Private/SingleLayerWaterCommon.ush" 2200
"../../../Engine/Shaders/Private/TextureSampling.ush" 2201
"../../../Engine/Shaders/Private/PaniniProjection.ush" 2202
"../../../Engine/Shaders/Private/DBufferNormalReprojection.ush" 2203
"../../../Engine/Shaders/Public/SubstratePublic.ush" 2204
"../../../Engine/Shaders/Private/Substrate/SubstrateTree.ush" 2205
"../../../Engine/Shaders/Private/Substrate/SubstrateEvaluation.ush" 2206
"../../../Engine/Shaders/Private/Substrate/Glint/GlintThirdParty.ush" 2207
"../../../Engine/Shaders/Private/BlueNoise.ush" 2208
"../../../Engine/Shaders/Private/SHCommon.ush" 2209
"../../../Engine/Shaders/Private/ShadingModelsSampling.ush" 2210
"../../../Engine/Shaders/Private/HairStrands/HairBsdfSample.ush" 2211
"../../../Engine/Shaders/Private/Substrate/SubstrateLegacyConversion.ush" 2212
"../../../Engine/Shaders/Private/DBufferDecalShared.ush" 2213
"../../../Engine/Plugins/FX/Niagara/Shaders/Private/NiagaraSortKeyGen.usf" 2214
"../../../Engine/Plugins/FX/Niagara/Shaders/Private/NiagaraGPURayTracingTransforms.usf" 2215
"../../../Engine/Plugins/FX/Niagara/Shaders/Private/NiagaraDrawIndirectArgsGen.usf" 2216
"../../../Engine/Plugins/FX/Niagara/Shaders/Private/NiagaraDispatchIndirectArgsGen.usf" 2217
"../../../Engine/Plugins/FX/Niagara/Shaders/Private/Stateless/NiagaraStatelessSimulationDefault.usf" 2218
"../../../Engine/Plugins/FX/Niagara/Shaders/Private/Stateless/NiagaraStatelessSimulationTemplate.ush" 2219
"../../../Engine/Plugins/FX/Niagara/Shaders/Private/Stateless/NiagaraStatelessCommon.ush" 2220
"../../../Engine/Plugins/FX/Niagara/Shaders/Shared/NiagaraStatelessDefinitions.h" 2221
"../../../Engine/Plugins/FX/Niagara/Shaders/Shared/NiagaraStatelessBuiltDistribution.h" 2222
"../../../Engine/Plugins/FX/Niagara/Shaders/Private/Stateless/NiagaraStatelessDistribution.ush" 2223
"../../../Engine/Plugins/FX/Niagara/Shaders/Private/Stateless/Modules/NiagaraStatelessModule_CalculateAccurateVelocity.ush" 2224
"../../../Engine/Plugins/FX/Niagara/Shaders/Private/Stateless/Modules/NiagaraStatelessModule_CameraOffset.ush" 2225
"../../../Engine/Plugins/FX/Niagara/Shaders/Private/Stateless/Modules/NiagaraStatelessModule_DynamicMaterialParameters.ush" 2226
"../../../Engine/Plugins/FX/Niagara/Shaders/Private/Stateless/Modules/NiagaraStatelessModule_InitializeParticle.ush" 2227
"../../../Engine/Plugins/FX/Niagara/Shaders/Private/Stateless/Modules/NiagaraStatelessModule_InitialMeshOrientation.ush" 2228
"../../../Engine/Plugins/FX/Niagara/Shaders/Private/Stateless/Modules/NiagaraStatelessModule_MeshIndex.ush" 2229
"../../../Engine/Plugins/FX/Niagara/Shaders/Private/Stateless/Modules/NiagaraStatelessModule_MeshRotationRate.ush" 2230
"../../../Engine/Plugins/FX/Niagara/Shaders/Private/Stateless/Modules/NiagaraStatelessModule_RotateAroundPoint.ush" 2231
"../../../Engine/Plugins/FX/Niagara/Shaders/Private/Stateless/Modules/NiagaraStatelessModule_ShapeLocation.ush" 2232
"../../../Engine/Plugins/FX/Niagara/Shaders/Private/Stateless/Modules/NiagaraStatelessModule_ScaleColor.ush" 2233
"../../../Engine/Plugins/FX/Niagara/Shaders/Private/Stateless/Modules/NiagaraStatelessModule_ScaleRibbonWidth.ush" 2234
"../../../Engine/Plugins/FX/Niagara/Shaders/Private/Stateless/Modules/NiagaraStatelessModule_ScaleSpriteSize.ush" 2235
"../../../Engine/Plugins/FX/Niagara/Shaders/Private/Stateless/Modules/NiagaraStatelessModule_ScaleSpriteSizeBySpeed.ush" 2236
"../../../Engine/Plugins/FX/Niagara/Shaders/Private/Stateless/Modules/NiagaraStatelessModule_ScaleMeshSize.ush" 2237
"../../../Engine/Plugins/FX/Niagara/Shaders/Private/Stateless/Modules/NiagaraStatelessModule_ScaleMeshSizebySpeed.ush" 2238
"../../../Engine/Plugins/FX/Niagara/Shaders/Private/Stateless/Modules/NiagaraStatelessModule_SolveVelocitiesAndForces.ush" 2239
"../../../Engine/Plugins/FX/Niagara/Shaders/Private/Stateless/Modules/NiagaraStatelessModule_SpriteFacingAndAlignment.ush" 2240
"../../../Engine/Plugins/FX/Niagara/Shaders/Private/Stateless/Modules/NiagaraStatelessModule_SpriteRotationRate.ush" 2241
"../../../Engine/Plugins/FX/Niagara/Shaders/Private/Stateless/Modules/NiagaraStatelessModule_SubUVAnimation.ush" 2242
"../../../Engine/Plugins/FX/Niagara/Shaders/Private/NiagaraBlendSVTsToDenseBuffer.usf" 2243
"../../../Engine/Plugins/FX/Niagara/Shaders/Private/NiagaraSVTToDenseBuffer.usf" 2244
"../../../Engine/Plugins/FX/Niagara/Shaders/Private/NiagaraFillIntBuffer.usf" 2245
"../../../Engine/Plugins/FX/Niagara/Shaders/Private/NiagaraComputeFreeIDs.usf" 2246
"../../../Engine/Plugins/FX/Niagara/Shaders/Private/NiagaraInitFreeIDBuffer.usf" 2247
"../../../Engine/Plugins/FX/Niagara/Shaders/Private/NiagaraEmitterInstanceShader.usf" 2248
"../../../Engine/Plugins/FX/Niagara/Shaders/Private/NiagaraShaderVersion.ush" 2249
"../../../Engine/Plugins/FX/Niagara/Shaders/Private/NiagaraPhysicsCommon.ush" 2250
"../../../Engine/Plugins/FX/Niagara/Shaders/Private/Ribbons/NiagaraRibbonAggregationApply.usf" 2251
"../../../Engine/Plugins/FX/Niagara/Shaders/Private/Ribbons/NiagaraRibbonCommon.ush" 2252
"../../../Engine/Plugins/FX/Niagara/Shaders/Private/Ribbons/NiagaraRibbonAggregationStep.usf" 2253
"../../../Engine/Plugins/FX/Niagara/Shaders/Private/Ribbons/NiagaraRibbonGenerateIndices.usf" 2254
"../../../Engine/Plugins/FX/Niagara/Shaders/Private/Ribbons/NiagaraRibbonInitializeIndices.usf" 2255
"../../../Engine/Plugins/FX/Niagara/Shaders/Private/Ribbons/NiagaraRibbonRibbonUVParamCalculation.usf" 2256
"../../../Engine/Plugins/FX/Niagara/Shaders/Private/Ribbons/NiagaraRibbonVertexReductionFinalization.usf" 2257
"../../../Engine/Plugins/FX/Niagara/Shaders/Private/Ribbons/NiagaraRibbonVertexReductionInitialization.usf" 2258
"../../../Engine/Plugins/FX/Niagara/Shaders/Private/Ribbons/NiagaraRibbonSortParticles.usf" 2259
"../../../Engine/Plugins/FX/Niagara/Shaders/Private/NiagaraLWCHelper.usf" 2260
"../../../Engine/Plugins/FX/Niagara/Shaders/Private/NiagaraUpdateMeshGPUSceneInstances.usf" 2261
"../../../Engine/Shaders/Private/GPUScene/GPUSceneWriter.ush" 2262
"../../../Engine/Plugins/FX/Niagara/Shaders/Private/NiagaraGenerateMips.usf" 2263
"../../../Engine/Plugins/FX/Niagara/Shaders/Private/NiagaraDebugDraw.usf" 2264
"../../../Engine/Plugins/FX/Niagara/Shaders/Private/NiagaraDebugDraw.ush" 2265
"../../../Engine/Plugins/FX/Niagara/Shaders/Private/NiagaraVisualizeTexture.usf" 2266
"../../../Engine/Plugins/FX/Niagara/Shaders/Private/NiagaraClearCounts.usf" 2267
"../../../Engine/Plugins/FX/Niagara/Shaders/Private/NiagaraBatchedElements.usf" 2268
"../../../Engine/Plugins/FX/Niagara/Shaders/Private/NiagaraRayTracingShaders.usf" 2269
"../../../Engine/Plugins/FX/Niagara/Shaders/Private/NiagaraAsyncGpuTraceCommon.ush" 2270
"../../../Engine/Shaders/Private/HashTable.ush" 2271
"../../../Engine/Shaders/Private/Hash.ush" 2272
"../../../Engine/Shaders/Private/RayTracing/VFXTraceRay.ush" 2273
"../../../Engine/Plugins/FX/Niagara/Shaders/Private/NiagaraRayMarchingShaders.usf" 2274
"../../../Engine/Plugins/FX/Niagara/Shaders/Private/NiagaraRayTraceCollisionGroupShaders.usf" 2275
"../../../Engine/Plugins/FX/Niagara/Shaders/Private/NiagaraAsyncGpuTraceUtils.usf" 2276
"../../../Engine/Plugins/Runtime/ComputeFramework/Shaders/Private/ComputeKernel.usf" 2277
"../../../Engine/Plugins/Runtime/ComputeFramework/Shaders/Private/ComputeKernelCommon.ush" 2278
"../../../Engine/Plugins/NNE/NNEDenoiser/Shaders/NNEDenoiserShadersTransferFunctionOidn.usf" 2279
"../../../Engine/Plugins/NNE/NNEDenoiser/Shaders/NNEDenoiserShadersMappedCopy.usf" 2280
"../../../Engine/Plugins/NNE/NNEDenoiser/Shaders/NNEDenoiserShadersDefaultIOProcess.usf" 2281
"../../../Engine/Plugins/NNE/NNEDenoiser/Shaders/NNEDenoiserShadersAutoExposureReduceFinal.usf" 2282
"../../../Engine/Plugins/NNE/NNEDenoiser/Shaders/NNEDenoiserShadersAutoExposureReduce.usf" 2283
"../../../Engine/Plugins/NNE/NNEDenoiser/Shaders/NNEDenoiserShadersAutoExposureDownsample.usf" 2284
"../../../Engine/Plugins/VirtualProduction/CameraCalibrationCore/Shaders/Private/CrosshairOverlay.usf" 2285
"../../../Engine/Plugins/VirtualProduction/CameraCalibrationCore/Shaders/Private/DisplacementMapBlending.usf" 2286
"../../../Engine/Plugins/VirtualProduction/CameraCalibrationCore/Shaders/Private/RecenterSTDisplacementMaps.usf" 2287
"../../../Engine/Plugins/VirtualProduction/CameraCalibrationCore/Shaders/Private/FillSTDisplacementMap.usf" 2288
"../../../Engine/Plugins/VirtualProduction/CameraCalibrationCore/Shaders/Private/InvertDisplacementMap.usf" 2289
"../../../Engine/Plugins/VirtualProduction/CameraCalibrationCore/Shaders/Private/CropDisplacementMap.usf" 2290
"../../../Engine/Plugins/VirtualProduction/CameraCalibrationCore/Shaders/Private/BlendDisplacementMaps.usf" 2291
"../../../Engine/Plugins/VirtualProduction/CameraCalibrationCore/Shaders/Private/DrawDisplacementMaps.usf" 2292
"../../../Engine/Plugins/VirtualProduction/CameraCalibrationCore/Shaders/Private/UndistortImagePoints.usf" 2293
"../../../Engine/Plugins/VirtualProduction/CameraCalibrationCore/Shaders/Private/DistortionSTMapProcessor.usf" 2294
"../../../Engine/Plugins/Media/WmfMedia/Shaders/Private/MediaHardwareVideoDecoding.usf" 2295
"../../../Engine/Shaders/Private/ColorUtils.ush" 2296
"../../../Engine/Plugins/Media/ImgMedia/Shaders/Private/ExrSwizzler.usf" 2297
"../../../Engine/Plugins/Experimental/NFORDenoise/Shaders/NFORDenoise.usf" 2298
"../../../Engine/Plugins/Experimental/NFORDenoise/Shaders/NFORRegressionCommon.ush" 2299
"../../../Engine/Plugins/Experimental/NFORDenoise/Shaders/NFORRegression.ush" 2300
"../../../Engine/Shaders/Private/VirtualTextureAdapter.usf" 2301
"../../../Engine/Shaders/Private/BlockCompressionCommon.ush" 2302
"../../../Engine/Shaders/Private/BCCompressionCommon.ush" 2303
"../../../Engine/Shaders/Private/TranslucentLightingShaders.usf" 2304
"../../../Engine/Shaders/Private/CubemapCommon.ush" 2305
"../../../Engine/Shaders/Private/VectorFieldCompositeShaders.usf" 2306
"../../../Engine/Shaders/Private/UpdateTextureShaders.usf" 2307
"../../../Engine/Shaders/Private/StereoLayerShader.usf" 2308
"../../../Engine/Shaders/Private/SparseVolumeTexture/UpdateSparseVolumeTexture.usf" 2309
"../../../Engine/Shaders/Private/MorphTargets.usf" 2310
"../../../Engine/Shaders/Private/SimpleElementColorChannelMaskPixelShader.usf" 2311
"../../../Engine/Shaders/Private/SimpleElementHitProxyPixelShader.usf" 2312
"../../../Engine/Shaders/Private/SimpleElementPixelShader.usf" 2313
"../../../Engine/Shaders/Private/IESLightProfilesCommon.ush" 2314
"../../../Engine/Shaders/Private/SimpleElementVertexShader.usf" 2315
"../../../Engine/Shaders/Private/ScreenPixelShaderOES.usf" 2316
"../../../Engine/Shaders/Private/ScreenVertexShader.usf" 2317
"../../../Engine/Shaders/Private/ScreenPixelShader.usf" 2318
"../../../Engine/Shaders/Private/SSProfilePreIntegratedMobile.usf" 2319
"../../../Engine/Shaders/Private/SpecularProfile.usf" 2320
"../../../Engine/Shaders/Private/Nanite/NaniteStreaming.usf" 2321
"../../../Engine/Shaders/Private/Nanite/NaniteStreaming.ush" 2322
"../../../Engine/Shaders/Private/Nanite/NaniteTranscode.usf" 2323
"../../../Engine/Shaders/Private/VolumetricLightmapStreaming.usf" 2324
"../../../Engine/Shaders/Private/PhysicsFieldReset.usf" 2325
"../../../Engine/Shaders/Private/PhysicsFieldBuilder.usf" 2326
"../../../Engine/Shaders/Private/PhysicsFieldEval.ush" 2327
"../../../Engine/Shaders/Private/ParticleSortKeyGen.usf" 2328
"../../../Engine/Shaders/Private/ParticleBoundsShader.usf" 2329
"../../../Engine/Shaders/Private/ParticleSimVisualizeShader.usf" 2330
"../../../Engine/Shaders/Private/ParticleInjectionShader.usf" 2331
"../../../Engine/Shaders/Private/ParticleSimulationShader.usf" 2332
"../../../Engine/Shaders/Private/ParticleCurveInjectionShader.usf" 2333
"../../../Engine/Shaders/Private/CopyUIntBuffer.usf" 2334
"../../../Engine/Shaders/Private/RadixSortShaders.usf" 2335
"../../../Engine/Shaders/Private/RecomputeTangentsPerVertexPass.usf" 2336
"../../../Engine/Shaders/Private/RecomputeTangentsCommon.ush" 2337
"../../../Engine/Shaders/Private/RecomputeTangentsPerTrianglePass.usf" 2338
"../../../Engine/Shaders/Private/GpuSkinCacheComputeShader.usf" 2339
"../../../Engine/Shaders/Private/HeightFieldAtlasManagement.usf" 2340
"../../../Engine/Shaders/Private/Landscape/LandscapeEditLayersUtils.usf" 2341
"../../../Engine/Shaders/Private/Landscape/LandscapeCommon.ush" 2342
"../../../Engine/Shaders/Private/Landscape/LandscapeEditLayersWeightmaps.usf" 2343
"../../../Engine/Shaders/Private/Landscape/LandscapeEditLayersHeightmaps.usf" 2344
"../../../Engine/Shaders/Private/Landscape/LandscapeLayersWeightmapsPS.usf" 2345
"../../../Engine/Shaders/Private/Landscape/LandscapeLayersHeightmapsPS.usf" 2346
"../../../Engine/Shaders/Private/LandscapeLayersCS.usf" 2347
"../../../Engine/Shaders/Private/LandscapeLayersPS.usf" 2348
"../../../Engine/Shaders/Private/LandscapeLayersVS.usf" 2349
"../../../Engine/Shaders/Private/LandscapePhysicalMaterial.usf" 2350
"../../../Engine/Shaders/Private/LandscapeGrassWeight.usf" 2351
"../../../Engine/Shaders/Private/Landscape/LandscapeCulling.usf" 2352
"../../../Engine/Shaders/Private/Nanite/NaniteHZBCull.ush" 2353
"../../../Engine/Shaders/Private/HZB.ush" 2354
"../../../Engine/Shaders/Private/Landscape/LandscapeMergeTexturesPS.usf" 2355
"../../../Engine/Shaders/Private/WideCustomResolveShaders.usf" 2356
"../../../Engine/Shaders/Private/WideCustomResolve_Wide.ush" 2357
"../../../Engine/Shaders/Private/WideCustomResolve_Wider.ush" 2358
"../../../Engine/Shaders/Private/WideCustomResolve_Widest.ush" 2359
"../../../Engine/Shaders/Private/WaterInfoTextureBlur.usf" 2360
"../../../Engine/Shaders/Private/WaterInfoTextureMerge.usf" 2361
"../../../Engine/Shaders/Private/PageTableUpdate.usf" 2362
"../../../Engine/Shaders/Private/VirtualTextureCompress.usf" 2363
"../../../Engine/Shaders/Private/ASTCCompressionCommon.ush" 2364
"../../../Engine/Shaders/Private/IntegerSequenceEncoding.ush" 2365
"../../../Engine/Shaders/Private/ETCCompressionCommon.ush" 2366
"../../../Engine/Shaders/Private/VirtualTextureMaterial.usf" 2367
"../../../Engine/Shaders/Private/PixelShaderOutputCommon.ush" 2368
"../../../Engine/Shaders/Private/ShaderOutputCommon.ush" 2369
"../../../Engine/Shaders/Private/VolumetricRenderTarget.usf" 2370
"../../../Engine/Shaders/Private/HeightFogCommon.ush" 2371
"../../../Engine/Shaders/Private/LocalFogVolumes/LocalFogVolumeCommon.ush" 2372
"../../../Engine/Shaders/Private/ReflectionEnvironmentShared.ush" 2373
"../../../Engine/Shaders/Private/VolumetricFogVoxelization.usf" 2374
"../../../Engine/Shaders/Private/VolumetricCloudMaterialPixelCommon.ush" 2375
"../../../Engine/Shaders/Private/VolumetricFogLightFunction.usf" 2376
"../../../Engine/Shaders/Private/LightFunctionCommon.ush" 2377
"../../../Engine/Shaders/Private/VolumetricFog.usf" 2378
"../../../Engine/Shaders/Private/DeferredLightingCommon.ush" 2379
"../../../Engine/Shaders/Private/DynamicLightingCommon.ush" 2380
"../../../Engine/Shaders/Private/CapsuleLightIntegrate.ush" 2381
"../../../Engine/Shaders/Private/CapsuleLightSampling.ush" 2382
"../../../Engine/Shaders/Private/RectLightIntegrate.ush" 2383
"../../../Engine/Shaders/Private/ScreenSpaceShadowRayCast.ush" 2384
"../../../Engine/Shaders/Private/LightFunctionAtlas/LightFunctionAtlasCommon.usf" 2385
"../../../Engine/Shaders/Private/HeterogeneousVolumes/HeterogeneousVolumesAdaptiveVolumetricShadowMapSampling.ush" 2386
"../../../Engine/Shaders/Private/HeterogeneousVolumes/HeterogeneousVolumesAdaptiveVolumetricShadowMapUtils.ush" 2387
"../../../Engine/Shaders/Private/HeterogeneousVolumes/HeterogeneousVolumesRayMarchingUtils.ush" 2388
"../../../Engine/Shaders/Private/HeterogeneousVolumes/HeterogeneousVolumesRayMarchingTypes.ush" 2389
"../../../Engine/Shaders/Private/PathTracing/Utilities/PathTracingRandomSequence.ush" 2390
"../../../Engine/Shaders/Private/HeterogeneousVolumes/HeterogeneousVolumesTracingUtils.ush" 2391
"../../../Engine/Shaders/Private/VelocityCommon.ush" 2392
"../../../Engine/Shaders/Private/HeterogeneousVolumes/HeterogeneousVolumesTransmittanceVolumeUtils.ush" 2393
"../../../Engine/Shaders/Private/ForwardShadowingCommon.ush" 2394
"../../../Engine/Shaders/Private/ShadowFilteringCommon.ush" 2395
"../../../Engine/Shaders/Private/PixelQuadMessagePassing.ush" 2396
"../../../Engine/Shaders/Private/VolumeLightingCommon.ush" 2397
"../../../Engine/Shaders/Private/ShadowProjectionCommon.ush" 2398
"../../../Engine/Shaders/Private/VolumeLightingCommonSampling.ush" 2399
"../../../Engine/Shaders/Private/Lumen/LumenTranslucencyVolumeShared.ush" 2400
"../../../Engine/Shaders/Private/Lumen/LumenRadianceCacheInterpolation.ush" 2401
"../../../Engine/Shaders/Private/HeterogeneousVolumes/HeterogeneousVolumesAdaptiveVolumetricShadowMapSampler.ush" 2402
"../../../Engine/Shaders/Private/LightGridCommon.ush" 2403
"../../../Engine/Shaders/Private/DistanceFieldAOShared.ush" 2404
"../../../Engine/Shaders/Private/IntersectionUtils.ush" 2405
"../../../Engine/Shaders/Private/VolumetricLightmapShared.ush" 2406
"../../../Engine/Shaders/Private/LightDataUniforms.ush" 2407
"../../../Engine/Shaders/Private/VirtualShadowMaps/VirtualShadowMapProjectionCommon.ush" 2408
"../../../Engine/Shaders/Private/VirtualShadowMaps/VirtualShadowMapPageAccessCommon.ush" 2409
"../../../Engine/Shaders/Shared/VirtualShadowMapDefinitions.h" 2410
"../../../Engine/Shaders/Shared/HLSLMathAliases.h" 2411
"../../../Engine/Shaders/Private/VirtualShadowMaps/VirtualShadowMapProjectionStructs.ush" 2412
"../../../Engine/Shaders/Private/VolumetricCloudCommon.ush" 2413
"../../../Engine/Shaders/Private/VolumetricCloud.usf" 2414
"../../../Engine/Shaders/Private/VisualizeVolumetricLightmap.usf" 2415
"../../../Engine/Shaders/Private/VirtualShadowMaps/VirtualShadowMapProjectionComposite.usf" 2416
"../../../Engine/Shaders/Private/LightShaderParameters.ush" 2417
"../../../Engine/Shaders/Private/VirtualShadowMaps/VirtualShadowMapMaskBitsCommon.ush" 2418
"../../../Engine/Shaders/Private/VirtualShadowMaps/VirtualShadowMapLightGrid.ush" 2419
"../../../Engine/Shaders/Private/VirtualShadowMaps/VirtualShadowMapProjection.usf" 2420
"../../../Engine/Shaders/Private/Visualization.ush" 2421
"../../../Engine/Shaders/Private/VirtualShadowMaps/VirtualShadowMapProjectionFilter.ush" 2422
"../../../Engine/Shaders/Private/VirtualShadowMaps/VirtualShadowMapProjectionDirectional.ush" 2423
"../../../Engine/Shaders/Private/VirtualShadowMaps/VirtualShadowMapSMRTCommon.ush" 2424
"../../../Engine/Shaders/Private/VirtualShadowMaps/VirtualShadowMapSMRTTemplate.ush" 2425
"../../../Engine/Shaders/Private/VirtualShadowMaps/VirtualShadowMapProjectionSpot.ush" 2426
"../../../Engine/Shaders/Private/VirtualShadowMaps/VirtualShadowMapTransmissionCommon.ush" 2427
"../../../Engine/Shaders/Private/VirtualShadowMaps/VirtualShadowMapScreenRayTrace.ush" 2428
"../../../Engine/Shaders/Private/VirtualShadowMaps/VirtualShadowMapStats.ush" 2429
"../../../Engine/Shaders/Private/HairStrands/HairStrandsVoxelPageCommon.ush" 2430
"../../../Engine/Shaders/Private/HairStrands/HairStrandsVoxelPageTraversal.ush" 2431
"../../../Engine/Shaders/Private/VirtualShadowMaps/VirtualShadowMapCacheGPUInvalidation.usf" 2432
"../../../Engine/Shaders/Private/VirtualShadowMaps/VirtualShadowMapPageCacheCommon.ush" 2433
"../../../Engine/Shaders/Private/VirtualShadowMaps/VirtualShadowMapCacheInvalidation.ush" 2434
"../../../Engine/Shaders/Private/VirtualShadowMaps/VirtualShadowMapPageOverlap.ush" 2435
"../../../Engine/Shaders/Private/ScreenSpaceDenoise/SSDDefinitions.ush" 2436
"../../../Engine/Shaders/Private/InstanceCulling/InstanceCullingLoadBalancer.ush" 2437
"../../../Engine/Shaders/Private/VirtualShadowMaps/VirtualShadowMapCacheLoadBalancer.usf" 2438
"../../../Engine/Shaders/Private/VirtualShadowMaps/VirtualShadowMapCopyStats.usf" 2439
"../../../Engine/Shaders/Private/VirtualShadowMaps/VirtualShadowMapDebug.usf" 2440
"../../../Engine/Shaders/Private/VirtualShadowMaps/Desaturate.usf" 2441
"../../../Engine/Shaders/Private/VirtualShadowMaps/VirtualShadowMapPhysicalPageManagement.usf" 2442
"../../../Engine/Shaders/Private/ReductionCommon.ush" 2443
"../../../Engine/Shaders/Private/GPUMessaging.ush" 2444
"../../../Engine/Shaders/Private/VirtualShadowMaps/VirtualShadowMapPerPageDispatch.ush" 2445
"../../../Engine/Shaders/Private/VirtualShadowMaps/VirtualShadowMapCompactViews.usf" 2446
"../../../Engine/Shaders/Shared/SceneCullingDefinitions.h" 2447
"../../../Engine/Shaders/Private/VirtualShadowMaps/VirtualShadowMapBuildPerPageDrawCommands.usf" 2448
"../../../Engine/Shaders/Private/Nanite/NaniteCullingCommon.ush" 2449
"../../../Engine/Shaders/Private/Nanite/NaniteCulling.ush" 2450
"../../../Engine/Shaders/Private/Nanite/NaniteHierarchyTraversalCommon.ush" 2451
"../../../Engine/Shaders/Private/InstanceCulling/InstanceCullingCommon.ush" 2452
"../../../Engine/Shaders/Shared/InstanceCullingDefinitions.h" 2453
"../../../Engine/Shaders/Private/VirtualShadowMaps/VirtualShadowMapPrintStats.usf" 2454
"../../../Engine/Shaders/Private/VirtualShadowMaps/VirtualShadowMapPageManagement.usf" 2455
"../../../Engine/Shaders/Private/VirtualShadowMaps/VirtualShadowMapPageMarking.usf" 2456
"../../../Engine/Shaders/Shared/SingleLayerWaterDefinitions.h" 2457
"../../../Engine/Shaders/Private/HairStrands/HairStrandsTileCommon.ush" 2458
"../../../Engine/Shaders/Private/Froxel/Froxel.ush" 2459
"../../../Engine/Shaders/Shared/FroxelDefinitions.h" 2460
"../../../Engine/Shaders/Private/DiaphragmDOF/DOFCommon.ush" 2461
"../../../Engine/Shaders/Private/VariableRateShading/VRSShadingRatePreview.usf" 2462
"../../../Engine/Shaders/Private/VariableRateShading/VRSShadingRateCommon.ush" 2463
"../../../Engine/Shaders/Private/VariableRateShading/VRSShadingRateCombine.usf" 2464
"../../../Engine/Shaders/Private/VariableRateShading/VRSShadingRateFoveated.usf" 2465
"../../../Engine/Shaders/Private/VariableRateShading/VRSShadingRateReproject.usf" 2466
"../../../Engine/Shaders/Private/VariableRateShading/VRSShadingRateCalculate.usf" 2467
"../../../Engine/Shaders/Private/TranslucencyUpsampling.usf" 2468
"../../../Engine/Shaders/Private/ComposeSeparateTranslucency.usf" 2469
"../../../Engine/Shaders/Private/SeparateTranslucency.ush" 2470
"../../../Engine/Shaders/Private/TranslucentLightInjectionShaders.usf" 2471
"../../../Engine/Shaders/Private/TranslucentShadowDepthShaders.usf" 2472
"../../../Engine/Shaders/Private/ShadowDepthCommon.ush" 2473
"../../../Engine/Shaders/Private/RayTracing/RayTracingTest.usf" 2474
"../../../Engine/Shaders/Private/PostprocessSubsurfaceTile.usf" 2475
"../../../Engine/Shaders/Private/PostProcessSubsurfaceCommon.ush" 2476
"../../../Engine/Shaders/Private/Substrate/SubstrateVisualize.usf" 2477
"../../../Engine/Shaders/Private/Substrate/SubstrateTile.ush" 2478
"../../../Engine/Shaders/Shared/SubstrateVisualizeDefinitions.h" 2479
"../../../Engine/Shaders/Private/Substrate/SubstrateVisualizeCommon.ush" 2480
"../../../Engine/Shaders/Private/SkyLightingDiffuseShared.ush" 2481
"../../../Engine/Shaders/Private/SkyLightingShared.ush" 2482
"../../../Engine/Shaders/Private/ClearCoatCommon.ush" 2483
"../../../Engine/Shaders/Private/ReflectionEnvironmentComposite.ush" 2484
"../../../Engine/Shaders/Private/Substrate/SubstrateLightingCommon.ush" 2485
"../../../Engine/Shaders/Private/Substrate/SubstrateRoughRefraction.usf" 2486
"../../../Engine/Shaders/Private/PathTracing/Material/PathTracingFresnel.ush" 2487
"../../../Engine/Shaders/Private/PathTracing/Material/PathTracingGlossy.ush" 2488
"../../../Engine/Shaders/Private/Substrate/SubstrateMaterialSampling.usf" 2489
"../../../Engine/Shaders/Private/Substrate/SubstrateMaterialSampling.ush" 2490
"../../../Engine/Shaders/Private/Lumen/LumenPosition.ush" 2491
"../../../Engine/Shaders/Private/Substrate/SubstrateTile.usf" 2492
"../../../Engine/Shaders/Private/Substrate/SubstrateMaterialClassification.usf" 2493
"../../../Engine/Shaders/Private/Substrate/SubstrateDBuffer.usf" 2494
"../../../Engine/Shaders/Private/StochasticLighting/StochasticLightingDenoising.usf" 2495
"../../../Engine/Shaders/Private/Lumen/LumenMaterial.ush" 2496
"../../../Engine/Shaders/Private/StochasticLighting/StochasticLightingCommon.ush" 2497
"../../../Engine/Shaders/Private/SplineMeshSceneTexture.usf" 2498
"../../../Engine/Shaders/Private/SparseVolumeTexture/VisualizeSparseVolumeTexture.usf" 2499
"../../../Engine/Shaders/Private/SkyAtmosphere.usf" 2500
"../../../Engine/Shaders/Private/Skinning/SkinnedMeshDebug.usf" 2501
"../../../Engine/Shaders/Private/Skinning/AnimBankEval.usf" 2502
"../../../Engine/Shaders/Private/SingleLayerWaterComposite.usf" 2503
"../../../Engine/Shaders/Private/Froxel/FroxelBuild.ush" 2504
"../../../Engine/Shaders/Private/SingleLayerWaterRefractionCulling.usf" 2505
"../../../Engine/Shaders/Private/ScreenSpaceShadows.usf" 2506
"../../../Engine/Shaders/Private/bend_sss_gpu.ush" 2507
"../../../Engine/Shaders/Private/ShadowFactorsUpsampleCommon.ush" 2508
"../../../Engine/Shaders/Private/FirstPersonSelfShadow.usf" 2509
"../../../Engine/Shaders/Private/HZBTracing.ush" 2510
"../../../Engine/Shaders/Private/ShadowProjectionVertexShader.usf" 2511
"../../../Engine/Shaders/Private/ShadowProjectionPixelShader.usf" 2512
"../../../Engine/Shaders/Private/MobileLightingCommon.ush" 2513
"../../../Engine/Shaders/Private/PlanarReflectionShared.ush" 2514
"../../../Engine/Shaders/Private/MobileSSR.ush" 2515
"../../../Engine/Shaders/Private/SSRT/SSRTRayCast.ush" 2516
"../../../Engine/Shaders/Private/ShadowPercentageCloserFiltering.ush" 2517
"../../../Engine/Shaders/Private/TransmissionThickness.ush" 2518
"../../../Engine/Shaders/Private/CopyShadowMaps.usf" 2519
"../../../Engine/Shaders/Private/ShadowDepthPixelShader.usf" 2520
"../../../Engine/Shaders/Private/ShadowDepthVertexShader.usf" 2521
"../../../Engine/Shaders/Private/ShadingEnergyConservationTable.usf" 2522
"../../../Engine/Shaders/Shared/PathTracingDefinitions.h" 2523
"../../../Engine/Shaders/Private/ShadingFurnaceTest.usf" 2524
"../../../Engine/Shaders/Private/Substrate/SubstrateDeferredLighting.ush" 2525
"../../../Engine/Shaders/Private/ShaderPrintDraw.usf" 2526
"../../../Engine/Shaders/Private/ShaderPrintDrawPrimitive.usf" 2527
"../../../Engine/Shaders/Private/DefaultSSRTiles.usf" 2528
"../../../Engine/Shaders/Private/ScreenSpaceReflectionTileCommons.ush" 2529
"../../../Engine/Shaders/Private/SSRT/SSRTDiffuseIndirect.usf" 2530
"../../../Engine/Shaders/Private/SSRT/SSRTTileClassificationBuffer.ush" 2531
"../../../Engine/Shaders/Private/SSRT/SSRTReflections.usf" 2532
"../../../Engine/Shaders/Private/ScreenSpaceDenoise/SSDPublic.ush" 2533
"../../../Engine/Shaders/Private/SSRT/SSRTTileClassification.usf" 2534
"../../../Engine/Shaders/Private/SSRT/SSRTPrevFrameReduction.usf" 2535
"../../../Engine/Shaders/Private/ScreenSpaceDenoise/SSDComposeHarmonics.usf" 2536
"../../../Engine/Shaders/Private/ScreenSpaceDenoise/SSDPublicHarmonics.ush" 2537
"../../../Engine/Shaders/Private/ScreenSpaceDenoise/SSDSignalFramework.ush" 2538
"../../../Engine/Shaders/Private/ScreenSpaceDenoise/SSDCommon.ush" 2539
"../../../Engine/Shaders/Private/SphericalGaussian.ush" 2540
"../../../Engine/Shaders/Public/WaveBroadcastIntrinsics.ush" 2541
"../../../Engine/Shaders/Private/ScreenSpaceDenoise/SSDMetadata.ush" 2542
"../../../Engine/Shaders/Private/ScreenSpaceDenoise/SSDSignalCore.ush" 2543
"../../../Engine/Shaders/Private/ScreenSpaceDenoise/DenoisingCommon.ush" 2544
"../../../Engine/Shaders/Private/ScreenSpaceDenoise/SSDSignalArray.ush" 2545
"../../../Engine/Shaders/Private/ScreenSpaceDenoise/SSDSignalBufferEncoding.ush" 2546
"../../../Engine/Shaders/Private/ScreenSpaceDenoise/SSDPublicBufferEncoding.ush" 2547
"../../../Engine/Shaders/Private/Lumen/LumenBufferEncoding.ush" 2548
"../../../Engine/Shaders/Private/ScreenSpaceDenoise/SSDTemporalAccumulation.usf" 2549
"../../../Engine/Shaders/Private/ScreenSpaceDenoise/SSDSpatialKernel.ush" 2550
"../../../Engine/Shaders/Private/ScreenSpaceDenoise/SSDSignalAccumulatorArray.ush" 2551
"../../../Engine/Shaders/Private/ScreenSpaceDenoise/SSDSignalAccumulator.ush" 2552
"../../../Engine/Shaders/Private/ScreenSpaceDenoise/SSDSignalCompression.ush" 2553
"../../../Engine/Shaders/Private/ScreenSpaceDenoise/SSDSpatialAccumulation.usf" 2554
"../../../Engine/Shaders/Private/ScreenSpaceDenoise/SSDInjest.usf" 2555
"../../../Engine/Shaders/Private/ScreenSpaceDenoise/SSDCompressMetadata.usf" 2556
"../../../Engine/Shaders/Private/DownsampleDepthPixelShader.usf" 2557
"../../../Engine/Shaders/Private/ScreenPass.usf" 2558
"../../../Engine/Shaders/Private/HZB.usf" 2559
"../../../Engine/Shaders/Private/OcclusionFeedbackShaders.usf" 2560
"../../../Engine/Shaders/Private/HZBOcclusion.usf" 2561
"../../../Engine/Shaders/Private/OcclusionQueryPixelShader.usf" 2562
"../../../Engine/Shaders/Private/OcclusionQueryVertexShader.usf" 2563
"../../../Engine/Shaders/Private/HitProxyCopy.usf" 2564
"../../../Engine/Shaders/Private/HitProxyPixelShader.usf" 2565
"../../../Engine/Shaders/Private/HitProxyVertexShader.usf" 2566
"../../../Engine/Shaders/Private/SceneCulling/SceneCullingDebugRender.usf" 2567
"../../../Engine/Shaders/Private/SceneCulling/SceneCulling.ush" 2568
"../../../Engine/Shaders/Private/SceneCulling/SceneCullingBuildExplicitBounds.usf" 2569
"../../../Engine/Shaders/Private/SceneCapturePixelShader.usf" 2570
"../../../Engine/Shaders/Private/RendererUtils.usf" 2571
"../../../Engine/Shaders/Private/RTWriteMaskDecode.usf" 2572
"../../../Engine/Shaders/Private/ReflectionEnvironmentShaders.usf" 2573
"../../../Engine/Shaders/Private/RectLightAtlas.usf" 2574
"../../../Engine/Shaders/Private/RayTracing/TraceRayInlineStatistics.usf" 2575
"../../../Engine/Shaders/Private/RayTracing/CompositeSkyLightPS.usf" 2576
"../../../Engine/Shaders/Private/RayTracing/GenerateSkyLightVisibilityRaysCS.usf" 2577
"../../../Engine/Shaders/Private/RayTracing/RayTracingSkyLightCommon.ush" 2578
"../../../Engine/Shaders/Private/RayTracing/SkyLightVisibilityRaysData.ush" 2579
"../../../Engine/Shaders/Private/Raytracing/RaytracingSkylightRGS.usf" 2580
"../../../Engine/Shaders/Private/HairStrands/HairStrandsRaytracing.ush" 2581
"../../../Engine/Shaders/Private/Raytracing/RayTracingSkyLightEvaluation.ush" 2582
"../../../Engine/Shaders/Private/Raytracing/RayTracingDeferredShadingCommon.ush" 2583
"../../../Engine/Shaders/Private/RayTracing/RayTracingOcclusionRGS.usf" 2584
"../../../Engine/Shaders/Private/RayTracing/RayTracingDirectionalLight.ush" 2585
"../../../Engine/Shaders/Private/RayTracing/RayTracingRectLight.ush" 2586
"../../../Engine/Shaders/Private/RayTracing/RayTracingSphereLight.ush" 2587
"../../../Engine/Shaders/Private/RayTracing/RayTracingCapsuleLight.ush" 2588
"../../../Engine/Shaders/Private/Raytracing/RayTracingFeedback.usf" 2589
"../../../Engine/Shaders/Shared/RayTracingDebugTypes.h" 2590
"../../../Engine/Shaders/Private/RayTracing/RayTracingPrimaryRays.usf" 2591
"../../../Engine/Shaders/Private/RayTracing/RayTracingLightingCommon.ush" 2592
"../../../Engine/Shaders/Private/RayTracing/RayTracingLightCullingCommon.ush" 2593
"../../../Engine/Shaders/Private/RayTracing/RayTracingMaterialDefaultHitShaders.usf" 2594
"../../../Engine/Shaders/Private/RayTracing/RayTracingMaterialHitShaders.usf" 2595
"../../../Engine/Shaders/Private/RayTracing/RayTracingShaderUtils.ush" 2596
"../../../Engine/Shaders/Private/RayTracing/RayTracingCalcInterpolants.ush" 2597
"../../../Engine/Shaders/Private/LightmapCommon.ush" 2598
"../../../Engine/Shaders/Private/Lumen/LumenHardwareRayTracingPayloadCommon.ush" 2599
"../../../Engine/Shaders/Shared/LumenDefinitions.h" 2600
"../../../Engine/Shaders/Private/Substrate/SubstrateExport.ush" 2601
"../../../Engine/Shaders/Private/RayTracing/RayTracingLightingMS.usf" 2602
"../../../Engine/Shaders/Private/Lumen/LumenDiffuseColorBoost.ush" 2603
"../../../Engine/Shaders/Private/RayTracing/RayTracingLightFunctionCommon.ush" 2604
"../../../Engine/Shaders/Private/RayTracing/RayTracingBuildLightGrid.usf" 2605
"../../../Engine/Shaders/Private/Raytracing/RayTracingInstanceBufferUtil.usf" 2606
"../../../Engine/Shaders/Private/RayTracing/RayTracingDynamicMesh.usf" 2607
"../../../Engine/Shaders/Private/RayTracing/RayTracingDefaultDecalHitShader.usf" 2608
"../../../Engine/Shaders/Private/RayTracing/RayTracingDecalMaterialShader.usf" 2609
"../../../Engine/Shaders/Private/PathTracing/PathTracingShaderUtils.ush" 2610
"../../../Engine/Shaders/Private/PathTracing/PathTracingCommon.ush" 2611
"../../../Engine/Shaders/Private/PathTracing/Material/PathTracingMaterialCommon.ush" 2612
"../../../Engine/Shaders/Private/PathTracing/Utilities/PathTracingRIS.ush" 2613
"../../../Engine/Shaders/Private/RayTracing/RayTracingBuildDecalGrid.usf" 2614
"../../../Engine/Shaders/Private/RayTracing/RayTracingDebugHitStatsUtils.usf" 2615
"../../../Engine/Shaders/Private/RayTracing/RayTracingDebugInstanceOverlap.usf" 2616
"../../../Engine/Shaders/Private/RayTracing/RayTracingDebugPicking.usf" 2617
"../../../Engine/Shaders/Private/RayTracing/RayTracingDebugUtils.ush" 2618
"../../../Engine/Shaders/Private/RayTracing/RayTracingDebugTraversal.usf" 2619
"../../../Engine/Shaders/Private/RayTracing/RayTracingDeferredMaterials.ush" 2620
"../../../Engine/Shaders/Shared/ThirdParty/AMD/ags_shader_intrinsics_dx12.h" 2621
"../../../Engine/Shaders/Shared/RayTracingDebugDefinitions.h" 2622
"../../../Engine/Shaders/Private/RayTracing/RayTracingDebugHitStatsCHS.usf" 2623
"../../../Engine/Shaders/Private/RayTracing/RayTracingDebugHitStats.usf" 2624
"../../../Engine/Shaders/Private/RayTracing/RayTracingDebugMS.usf" 2625
"../../../Engine/Shaders/Private/RayTracing/RayTracingDebugCHS.usf" 2626
"../../../Engine/Shaders/Private/RayTracing/RayTracingDebug.usf" 2627
"../../../Engine/Shaders/Private/RayTracing/RayTracingBuiltInShaders.usf" 2628
"../../../Engine/Shaders/Private/RayTracing/RayTracingBarycentrics.usf" 2629
"../../../Engine/Shaders/Private/RayTracing/RayTracingAmbientOcclusionRGS.usf" 2630
"../../../Engine/Shaders/Private/VisualizeShadingModels.usf" 2631
"../../../Engine/Shaders/Private/MotionBlur/VisualizeMotionVectors.usf" 2632
"../../../Engine/Shaders/Private/TemporalSuperResolution/TSRVisualize.usf" 2633
"../../../Engine/Shaders/Private/TemporalSuperResolution/TSRColorSpace.ush" 2634
"../../../Engine/Shaders/Private/TemporalSuperResolution/TSRCommon.ush" 2635
"../../../Engine/Shaders/Public/DualPixelVectorization.ush" 2636
"../../../Engine/Shaders/Private/TemporalSuperResolution/TSRReprojectionField.ush" 2637
"../../../Engine/Shaders/Private/TemporalSuperResolution/TSRResolveHistory.usf" 2638
"../../../Engine/Shaders/Private/TemporalSuperResolution/TSRConvolutionNetwork.ush" 2639
"../../../Engine/Shaders/Private/TemporalSuperResolution/TSRKernels.ush" 2640
"../../../Engine/Shaders/Public/LaneVectorization.ush" 2641
"../../../Engine/Shaders/Private/TemporalSuperResolution/TSRUpdateHistory.usf" 2642
"../../../Engine/Shaders/Private/TemporalSuperResolution/TSRSpatialAntiAliasing.ush" 2643
"../../../Engine/Shaders/Private/TemporalSuperResolution/TSRSpatialAntiAliasing.usf" 2644
"../../../Engine/Shaders/Private/TemporalSuperResolution/TSRRejectShading.usf" 2645
"../../../Engine/Shaders/Private/TemporalSuperResolution/TSRShadingAnalysis.ush" 2646
"../../../Engine/Shaders/Private/TemporalSuperResolution/TSRConvolutionNetworkPass.ush" 2647
"../../../Engine/Shaders/Private/TemporalSuperResolution/TSRDecimateHistory.usf" 2648
"../../../Engine/Shaders/Private/TemporalSuperResolution/TSRDepthVelocityAnalysis.ush" 2649
"../../../Engine/Shaders/Private/TemporalSuperResolution/TSRClosestOccluder.ush" 2650
"../../../Engine/Shaders/Private/TemporalSuperResolution/TSRWeightRelaxation.usf" 2651
"../../../Engine/Shaders/Private/TemporalSuperResolution/TSRThinGeometryCommon.ush" 2652
"../../../Engine/Shaders/Private/TemporalSuperResolution/TSRDetectThinGeometry.usf" 2653
"../../../Engine/Shaders/Private/TemporalSuperResolution/TSRDilateVelocity.usf" 2654
"../../../Engine/Shaders/Private/MotionBlur/MotionBlurVelocityFlatten.ush" 2655
"../../../Engine/Shaders/Private/MotionBlur/MotionBlurCommon.ush" 2656
"../../../Engine/Shaders/Private/TemporalSuperResolution/TSRClearPrevTextures.usf" 2657
"../../../Engine/Shaders/Private/TemporalSuperResolution/TSRMeasureCoverage.usf" 2658
"../../../Engine/Shaders/Private/TemporalSuperResolution/TSRMeasureFlickeringLuma.usf" 2659
"../../../Engine/Shaders/Private/TemporalAA.usf" 2660
"../../../Engine/Shaders/Private/FilterPixelShader.usf" 2661
"../../../Engine/Shaders/Private/FilterVertexShader.usf" 2662
"../../../Engine/Shaders/Private/VisualizeVirtualTexture.usf" 2663
"../../../Engine/Shaders/Private/PostProcessVisualizeBuffer.usf" 2664
"../../../Engine/Shaders/Private/PostProcessVisualizeLocalExposure.usf" 2665
"../../../Engine/Shaders/Private/PostProcessHistogramCommon.ush" 2666
"../../../Engine/Shaders/Private/TonemapCommon.ush" 2667
"../../../Engine/Shaders/Private/ACES/ACESCommon.ush" 2668
"../../../Engine/Shaders/Private/ACES/ACESOutputTransform.ush" 2669
"../../../Engine/Shaders/Private/ACES/ACESUtilities.ush" 2670
"../../../Engine/Shaders/Private/ACES/ACESTonescale.ush" 2671
"../../../Engine/Shaders/Private/ACES/ACESDisplayEncoding.ush" 2672
"../../../Engine/Shaders/Private/ACES/ACES_v1.3.ush" 2673
"../../../Engine/Shaders/Private/PostProcessVisualizeLevelInstance.usf" 2674
"../../../Engine/Shaders/Private/PostProcessVisualizeHDR.usf" 2675
"../../../Engine/Shaders/Private/ShaderComplexityApplyPixelShader.usf" 2676
"../../../Engine/Shaders/Private/QuadOverdraw.ush" 2677
"../../../Engine/Shaders/Private/PostProcessUpscale.usf" 2678
"../../../Engine/Shaders/Private/PostProcessTonemap.usf" 2679
"../../../Engine/Shaders/Private/PostProcessing/FilmGrainPackConstants.usf" 2680
"../../../Engine/Shaders/Private/PostProcessing/FilmGrainReduce.usf" 2681
"../../../Engine/Shaders/Private/PostProcessTestImage.usf" 2682
"../../../Engine/Shaders/Private/PostProcessSubsurface.usf" 2683
"../../../Engine/Shaders/Private/SeparableSSS.ush" 2684
"../../../Engine/Shaders/Private/SubsurfaceBurleyNormalized.ush" 2685
"../../../Engine/Shaders/Private/PostProcessSelectionOutline.usf" 2686
"../../../Engine/Shaders/Private/MotionBlur/MotionBlurVisualize.usf" 2687
"../../../Engine/Shaders/Private/MotionBlur/MotionBlurApply.usf" 2688
"../../../Engine/Shaders/Private/MotionBlur/MotionBlurFilterTileClassify.usf" 2689
"../../../Engine/Shaders/Private/MotionBlur/MotionBlurTileScatter.usf" 2690
"../../../Engine/Shaders/Private/MotionBlur/MotionBlurTileGather.usf" 2691
"../../../Engine/Shaders/Private/MotionBlur/MotionBlurVelocityFlatten.usf" 2692
"../../../Engine/Shaders/Private/PostProcessMobile.usf" 2693
"../../../Engine/Shaders/Private/PostProcessMitchellNetravali.usf" 2694
"../../../Engine/Shaders/Private/PostProcessMaterialShaders.usf" 2695
"../../../Engine/Shaders/Private/NeuralPostProcessCommon.usf" 2696
"../../../Engine/Shaders/Private/PostProcessLocalExposure.usf" 2697
"../../../Engine/Shaders/Private/PostProcessLensFlares.usf" 2698
"../../../Engine/Shaders/Private/PostProcessGBufferHints.usf" 2699
"../../../Engine/Shaders/Private/PostProcessHMD.usf" 2700
"../../../Engine/Shaders/Private/Histogram.usf" 2701
"../../../Engine/Shaders/Private/PostProcessHistogramReduce.usf" 2702
"../../../Engine/Shaders/Private/PostProcessHistogram.usf" 2703
"../../../Engine/Shaders/Private/Bloom/BloomFinalizeApplyConstants.usf" 2704
"../../../Engine/Shaders/Private/Bloom/BloomCommon.ush" 2705
"../../../Engine/Shaders/Private/Bloom/BloomResizeKernel.usf" 2706
"../../../Engine/Shaders/Private/Bloom/BloomDownsampleKernel.usf" 2707
"../../../Engine/Shaders/Private/Bloom/BloomClampKernel.usf" 2708
"../../../Engine/Shaders/Private/Bloom/BloomPackKernelConstants.usf" 2709
"../../../Engine/Shaders/Private/Bloom/BloomSumScatterDispersionEnergy.usf" 2710
"../../../Engine/Shaders/Private/Bloom/BloomReduceKernelSurvey.usf" 2711
"../../../Engine/Shaders/Private/Bloom/BloomSurveyKernelCenterEnergy.usf" 2712
"../../../Engine/Shaders/Private/Bloom/BloomSurveyMaxScatterDispersion.usf" 2713
"../../../Engine/Shaders/Private/Bloom/BloomFindKernelCenter.usf" 2714
"../../../Engine/Shaders/Private/PostProcessEyeAdaptation.usf" 2715
"../../../Engine/Shaders/Private/TranslucencyVolumeCommon.ush" 2716
"../../../Engine/Shaders/Private/PostProcessEyeAdaptationUtils.usf" 2717
"../../../Engine/Shaders/Private/PostProcessDownsample.usf" 2718
"../../../Engine/Shaders/Private/PostProcessDOF.usf" 2719
"../../../Engine/Shaders/Private/PostProcessDeviceEncodingOnly.usf" 2720
"../../../Engine/Shaders/Private/PostProcessCompositePrimitives.usf" 2721
"../../../Engine/Shaders/Private/PostProcessCombineLUTs.usf" 2722
"../../../Engine/Shaders/Private/PostProcessVisualizeDOF.usf" 2723
"../../../Engine/Shaders/Private/PostProcessBloom.usf" 2724
"../../../Engine/Shaders/Private/PostProcessAmbientOcclusionMobile.usf" 2725
"../../../Engine/Shaders/Private/PostProcessAmbientOcclusionCommon.ush" 2726
"../../../Engine/Shaders/Private/FXAAShader.usf" 2727
"../../../Engine/Shaders/Private/Fxaa3_11.ush" 2728
"../../../Engine/Shaders/Private/PaniniProjection.usf" 2729
"../../../Engine/Shaders/Private/DiaphragmDOF/DOFRecombine.usf" 2730
"../../../Engine/Shaders/Private/DiaphragmDOF/DOFHybridScatterPixelShader.usf" 2731
"../../../Engine/Shaders/Private/DiaphragmDOF/DOFHybridScatterCommon.ush" 2732
"../../../Engine/Shaders/Private/DiaphragmDOF/DOFVignetteCommon.ush" 2733
"../../../Engine/Shaders/Private/DiaphragmDOF/DOFHybridScatterVertexShader.usf" 2734
"../../../Engine/Shaders/Private/DiaphragmDOF/DOFPostfiltering.usf" 2735
"../../../Engine/Shaders/Private/DiaphragmDOF/DOFGatherTileSuggest.ush" 2736
"../../../Engine/Shaders/Private/DiaphragmDOF/DOFCocTileCommon.ush" 2737
"../../../Engine/Shaders/Private/DiaphragmDOF/DOFGatherPass.usf" 2738
"../../../Engine/Shaders/Private/DiaphragmDOF/DOFGatherCommon.ush" 2739
"../../../Engine/Shaders/Private/DiaphragmDOF/DOFGatherAccumulator.ush" 2740
"../../../Engine/Shaders/Private/DiaphragmDOF/DOFGatherKernel.ush" 2741
"../../../Engine/Shaders/Private/DiaphragmDOF/DOFBokehLUT.usf" 2742
"../../../Engine/Shaders/Private/DiaphragmDOF/DOFHybridScatterCompilation.usf" 2743
"../../../Engine/Shaders/Private/DiaphragmDOF/DOFReduce.usf" 2744
"../../../Engine/Shaders/Private/DiaphragmDOF/DOFDownsample.ush" 2745
"../../../Engine/Shaders/Private/DiaphragmDOF/DOFHybridScatterCompilation.ush" 2746
"../../../Engine/Shaders/Private/DiaphragmDOF/DOFDownsample.usf" 2747
"../../../Engine/Shaders/Private/DiaphragmDOF/DOFCocTileDilate.usf" 2748
"../../../Engine/Shaders/Private/DiaphragmDOF/DOFCocTileFlatten.usf" 2749
"../../../Engine/Shaders/Private/DiaphragmDOF/DOFSetup.usf" 2750
"../../../Engine/Shaders/Private/Tools/DebugAlphaChannel.usf" 2751
"../../../Engine/Shaders/Private/PostProcessAlphaInvert.usf" 2752
"../../../Engine/Shaders/Private/PlanarReflectionShaders.usf" 2753
"../../../Engine/Shaders/Private/PhysicsFieldVisualizer.usf" 2754
"../../../Engine/Shaders/Private/PathTracing/PathTracingSpatialTemporalDenoising.usf" 2755
"../../../Engine/Shaders/Private/ColorDifference.ush" 2756
"../../../Engine/Shaders/Private/PathTracing/PathTracingCompositingPixelShader.usf" 2757
"../../../Engine/Shaders/Private/PathTracing/PathTracingAdaptiveUtils.ush" 2758
"../../../Engine/Shaders/Private/PathTracing/PathTracingDefaultHitShader.usf" 2759
"../../../Engine/Shaders/Private/PathTracing/PathTracingGPULightmassMaterialHitShader.usf" 2760
"../../../Engine/Shaders/Private/PathTracing/PathTracingMaterialHitShader.usf" 2761
"../../../Engine/Shaders/Private/PathTracing/Material/PathTracingSubstrateCommon.ush" 2762
"../../../Engine/Shaders/Private/PathTracing/PathTracingLightingMissShader.usf" 2763
"../../../Engine/Shaders/Private/PathTracing/PathTracingMissShader.usf" 2764
"../../../Engine/Shaders/Private/PathTracing/PathTracingAdaptiveStart.usf" 2765
"../../../Engine/Shaders/Private/PathTracing/PathTracingBuildAdaptiveError.usf" 2766
"../../../Engine/Shaders/Private/PathTracing/PathTracingVolumetricCloudMaterialShader.usf" 2767
"../../../Engine/Shaders/Private/PathTracing/Volume/PathTracingCloudsMaterialCommon.ush" 2768
"../../../Engine/Shaders/Private/PathTracing/Volume/PathTracingVolumeCommon.ush" 2769
"../../../Engine/Shaders/Private/PathTracing/Volume/PathTracingCloudsCommon.ush" 2770
"../../../Engine/Shaders/Private/PathTracing/Volume/PathTracingFog.ush" 2771
"../../../Engine/Shaders/Private/PathTracing/Volume/PathTracingAtmosphere.ush" 2772
"../../../Engine/Shaders/Private/PathTracing/Volume/PathTracingAtmosphereCommon.ush" 2773
"../../../Engine/Shaders/Private/PathTracing/Volume/PathTracingVolumeSampling.ush" 2774
"../../../Engine/Shaders/Private/PathTracing/PathTracingBuildCloudAccelerationMap.usf" 2775
"../../../Engine/Shaders/Private/PathTracing/PathTracingBuildAtmosphereLUT.usf" 2776
"../../../Engine/Shaders/Private/PathTracing/PathTracingSwizzleScanlines.usf" 2777
"../../../Engine/Shaders/Private/PathTracing/PathTracingInitExtinctionCoefficient.usf" 2778
"../../../Engine/Shaders/Private/PathTracing/PathTracingCopyDepth.usf" 2779
"../../../Engine/Shaders/Private/PathTracing/PathTracingDebug.usf" 2780
"../../../Engine/Shaders/Private/RayTracing/RayTracingDecalGrid.ush" 2781
"../../../Engine/Shaders/Private/PathTracing/Material/PathTracingMaterialSampling.ush" 2782
"../../../Engine/Shaders/Private/PathTracing/Material/PathTracingLambert.ush" 2783
"../../../Engine/Shaders/Private/PathTracing/Material/PathTracingSubstrate.ush" 2784
"../../../Engine/Shaders/Private/PathTracing/Material/PathTracingSubstrateFoliage.ush" 2785
"../../../Engine/Shaders/Private/PathTracing/Material/PathTracingSubstrateSolidGlass.ush" 2786
"../../../Engine/Shaders/Private/PathTracing/Material/PathTracingSubstrateThinGlass.ush" 2787
"../../../Engine/Shaders/Private/PathTracing/Material/PathTracingSolidGlass.ush" 2788
"../../../Engine/Shaders/Private/PathTracing/Material/PathTracingEnergyConservation.ush" 2789
"../../../Engine/Shaders/Private/PathTracing/Material/PathTracingThinGlass.ush" 2790
"../../../Engine/Shaders/Private/PathTracing/Material/PathTracingDefaultLit.ush" 2791
"../../../Engine/Shaders/Private/PathTracing/Material/PathTracingClearCoat.ush" 2792
"../../../Engine/Shaders/Private/PathTracing/Material/PathTracingTwoSidedFoliage.ush" 2793
"../../../Engine/Shaders/Private/PathTracing/Material/PathTracingCloth.ush" 2794
"../../../Engine/Shaders/Private/PathTracing/Material/PathTracingSubsurfaceProfile.ush" 2795
"../../../Engine/Shaders/Private/PathTracing/Material/PathTracingEye.ush" 2796
"../../../Engine/Shaders/Private/PathTracing/Material/PathTracingHair.ush" 2797
"../../../Engine/Shaders/Private/PathTracing/Material/PathTracingMedium.ush" 2798
"../../../Engine/Shaders/Private/PathTracing/Light/PathTracingLightSampling.ush" 2799
"../../../Engine/Shaders/Private/PathTracing/Light/PathTracingLightCommon.ush" 2800
"../../../Engine/Shaders/Private/PathTracing/Light/PathTracingDirectionalLight.ush" 2801
"../../../Engine/Shaders/Private/PathTracing/Light/PathTracingPointLight.ush" 2802
"../../../Engine/Shaders/Private/PathTracing/Light/PathTracingCapsuleLight.ush" 2803
"../../../Engine/Shaders/Private/PathTracing/Light/PathTracingRectLight.ush" 2804
"../../../Engine/Shaders/Private/PathTracing/Light/PathTracingSkyLight.ush" 2805
"../../../Engine/Shaders/Private/PathTracing/Light/PathTracingLightGrid.ush" 2806
"../../../Engine/Shaders/Private/PathTracing/PathTracing.usf" 2807
"../../../Engine/Shaders/Private/PathTracing/PathTracingCore.ush" 2808
"../../../Engine/Shaders/Private/HeterogeneousVolumes/HeterogeneousVolumesVoxelGridTypes.ush" 2809
"../../../Engine/Shaders/Private/PathTracing/Volume/PathTracingVolume.ush" 2810
"../../../Engine/Shaders/Private/PathTracing/Volume/PathTracingClouds.ush" 2811
"../../../Engine/Shaders/Private/PathTracing/Volume/PathTracingHeterogeneousVolumes.ush" 2812
"../../../Engine/Shaders/Private/HeterogeneousVolumes/HeterogeneousVolumesVoxelGridTraversal.ush" 2813
"../../../Engine/Shaders/Private/HeterogeneousVolumes/HeterogeneousVolumesVoxelGridUtils.ush" 2814
"../../../Engine/Shaders/Private/HeterogeneousVolumes/HeterogeneousVolumesFrustumVoxelGridUtils.ush" 2815
"../../../Engine/Shaders/Private/PathTracing/PathTracingBuildLightGrid.usf" 2816
"../../../Engine/Shaders/Private/PathTracing/PathTracingSkylightMISCompensation.usf" 2817
"../../../Engine/Shaders/Private/PathTracing/PathTracingSkylightPrepare.usf" 2818
"../../../Engine/Shaders/Private/OIT/OITSorting.usf" 2819
"../../../Engine/Shaders/Private/OITCombine.usf" 2820
"../../../Engine/Shaders/Private/OITCommon.ush" 2821
"../../../Engine/Shaders/Private/Nanite/Voxel/RasterizeBricks.usf" 2822
"../../../Engine/Shaders/Private/Nanite/Voxel/Brick.ush" 2823
"../../../Engine/Shaders/Private/Nanite/Voxel/Voxel.ush" 2824
"../../../Engine/Shaders/Private/Nanite/Voxel/ScatterBricks.usf" 2825
"../../../Engine/Shaders/Private/Nanite/Voxel/TileBricks.usf" 2826
"../../../Engine/Shaders/Private/Nanite/Voxel/AutoVoxel.usf" 2827
"../../../Engine/Shaders/Private/Nanite/NaniteDebugViews.usf" 2828
"../../../Engine/Shaders/Private/Nanite/NaniteEditorCommon.ush" 2829
"../../../Engine/Shaders/Private/BinarySearch.ush" 2830
"../../../Engine/Shaders/Private/Nanite/NaniteDepthDecode.usf" 2831
"../../../Engine/Shaders/Private/HTileEncoding.ush" 2832
"../../../Engine/Shaders/Private/Nanite/NaniteVisualize.usf" 2833
"../../../Engine/Shaders/Private/Nanite/NaniteStreamOut.usf" 2834
"../../../Engine/Shaders/Private/Nanite/NaniteHierarchyTraversal.ush" 2835
"../../../Engine/Shaders/Private/Nanite/NaniteSkinningUpdateViewData.usf" 2836
"../../../Engine/Shaders/Private/Skinning/TransformProviders.usf" 2837
"../../../Engine/Shaders/Private/Nanite/NaniteShadeBinning.usf" 2838
"../../../Engine/Shaders/Private/Nanite/NaniteShadeCommon.ush" 2839
"../../../Engine/Shaders/Private/Nanite/NaniteFastClear.usf" 2840
"../../../Engine/Shaders/Private/Nanite/NaniteExportGBuffer.usf" 2841
"../../../Engine/Shaders/Private/Nanite/NaniteClusterCulling.usf" 2842
"../../../Engine/Shaders/Private/Nanite/NanitePrintStats.usf" 2843
"../../../Engine/Shaders/Private/Nanite/NaniteRasterizer.usf" 2844
"../../../Engine/Shaders/Private/Nanite/NaniteRasterizationCommon.ush" 2845
"../../../Engine/Shaders/Private/Nanite/NaniteRasterizer.ush" 2846
"../../../Engine/Shaders/Private/Nanite/NaniteWritePixel.ush" 2847
"../../../Engine/Shaders/Private/Nanite/NaniteTessellation.ush" 2848
"../../../Engine/Shaders/Private/WorkDistribution.ush" 2849
"../../../Engine/Shaders/Private/Nanite/NaniteDice.ush" 2850
"../../../Engine/Shaders/Private/ShaderBundleWorkGraphCommon.ush" 2851
"../../../Engine/Shaders/Public/RootConstants.ush" 2852
"../../../Engine/Shaders/Public/Platform/D3D/D3DRootConstants.ush" 2853
"../../../Engine/Shaders/Private/Nanite/NaniteSplit.usf" 2854
"../../../Engine/Shaders/Private/Nanite/NaniteRasterBinning.usf" 2855
"../../../Engine/Shaders/Private/Nanite/NaniteInstanceCulling.usf" 2856
"../../../Engine/Shaders/Private/Nanite/NaniteImposter.ush" 2857
"../../../Engine/Shaders/Private/Nanite/NaniteInstanceHierarchyCulling.usf" 2858
"../../../Engine/Shaders/Private/WorkGroupLoadBalancer.ush" 2859
"../../../Engine/Shaders/Private/Nanite/NanitePrimitiveFilter.usf" 2860
"../../../Engine/Shaders/Private/Nanite/NaniteRasterClear.usf" 2861
"../../../Engine/Shaders/Private/Nanite/NaniteDepthExport.usf" 2862
"../../../Engine/Shaders/Private/Nanite/NaniteEmitShadow.usf" 2863
"../../../Engine/Shaders/Private/MobileDeferredUtils.usf" 2864
"../../../Engine/Shaders/Private/MobileLocalLightsBuffer.usf" 2865
"../../../Engine/Shaders/Private/MobileFog.usf" 2866
"../../../Engine/Shaders/Private/DistortApplyScreenPS.usf" 2867
"../../../Engine/Shaders/Private/MobileDeferredShading.usf" 2868
"../../../Engine/Shaders/Private/MobileBasePassPixelShader.usf" 2869
"../../../Engine/Shaders/Private/MobileBasePassCommon.ush" 2870
"../../../Engine/Shaders/Private/BasePassCommon.ush" 2871
"../../../Engine/Shaders/Private/ShadingModelsMaterial.ush" 2872
"../../../Engine/Shaders/Private/ThinTranslucentCommon.ush" 2873
"../../../Engine/Shaders/Private/SingleLayerWaterShading.ush" 2874
"../../../Engine/Shaders/Private/DistortionCommon.ush" 2875
"../../../Engine/Shaders/Private/Substrate/SubstrateMobileForwardLighting.ush" 2876
"../../../Engine/Shaders/Private/MobileBasePassVertexShader.usf" 2877
"../../../Engine/Shaders/Private/MeshEdges.usf" 2878
"../../../Engine/Shaders/Private/MegaLights/MegaLightsVSMTracing.usf" 2879
"../../../Engine/Shaders/Private/MegaLights/MegaLights.ush" 2880
"../../../Engine/Shaders/Shared/MegaLightsDefinitions.h" 2881
"../../../Engine/Shaders/Private/HairStrands/HairStrandsVisibilityUtils.ush" 2882
"../../../Engine/Shaders/Private/MegaLights/MegaLightsRayTracing.ush" 2883
"../../../Engine/Shaders/Private/MegaLights/MegaLightsRayTracing.usf" 2884
"../../../Engine/Shaders/Private/DistanceField/GlobalDistanceFieldUtils.ush" 2885
"../../../Engine/Shaders/Private/Lumen/LumenScreenTracing.ush" 2886
"../../../Engine/Shaders/Private/MegaLights/MegaLightsVolumeRayTracing.usf" 2887
"../../../Engine/Shaders/Private/MegaLights/MegaLightsVolume.ush" 2888
"../../../Engine/Shaders/Private/MegaLights/MegaLightsVolumeHardwareRayTracing.usf" 2889
"../../../Engine/Shaders/Private/Lumen/LumenHardwareRayTracingCommon.ush" 2890
"../../../Engine/Shaders/Private/RayTracing/RayTracingReflectionEnvironment.ush" 2891
"../../../Engine/Shaders/Private/Lumen/LumenHardwareRayTracingPlatformCommon.ush" 2892
"../../../Engine/Shaders/Private/Lumen/LumenReflectionsCombine.ush" 2893
"../../../Engine/Shaders/Private/Lumen/LumenTracingCommon.ush" 2894
"../../../Engine/Shaders/Private/Lumen/SurfaceCache/LumenSurfaceCacheSampling.ush" 2895
"../../../Engine/Shaders/Private/Lumen/SurfaceCache/LumenSurfaceCache.ush" 2896
"../../../Engine/Shaders/Private/Lumen/LumenCardCommon.ush" 2897
"../../../Engine/Shaders/Private/Lumen/LumenCardTileShadowDownsampleFactor.ush" 2898
"../../../Engine/Shaders/Private/MegaLights/MegaLightsHardwareRayTracing.usf" 2899
"../../../Engine/Shaders/Private/MegaLights/MegaLights.usf" 2900
"../../../Engine/Shaders/Private/MegaLights/MegaLightsShading.ush" 2901
"../../../Engine/Shaders/Private/MegaLights/MegaLightsFilterVisibleLightHash.usf" 2902
"../../../Engine/Shaders/Private/MegaLights/MegaLightsDenoiserSpatial.usf" 2903
"../../../Engine/Shaders/Private/Lumen/LumenReflectionDenoiserCommon.ush" 2904
"../../../Engine/Shaders/Private/MegaLights/MegaLightsDenoiserTemporal.usf" 2905
"../../../Engine/Shaders/Private/MegaLights/MegaLightsShading.usf" 2906
"../../../Engine/Shaders/Private/StochasticLighting/StochasticLightingUpsample.ush" 2907
"../../../Engine/Shaders/Private/MegaLights/MegaLightsVisibleLightHash.usf" 2908
"../../../Engine/Shaders/Private/MegaLights/MegaLightsVolumeShading.usf" 2909
"../../../Engine/Shaders/Private/MegaLights/MegaLightsSampling.usf" 2910
"../../../Engine/Shaders/Private/MegaLights/MegaLightsSampling.ush" 2911
"../../../Engine/Shaders/Private/MegaLights/MegaLightsVolumeSampling.usf" 2912
"../../../Engine/Shaders/Private/MaterialCache/MaterialCacheABufferPages.usf" 2913
"../../../Engine/Shaders/Private/MaterialCache/MaterialCacheShade.usf" 2914
"../../../Engine/Shaders/Private/MaterialCache/MaterialCacheUnwrapNaniteShade.usf" 2915
"../../../Engine/Shaders/Private/MaterialCache/MaterialCacheUnwrapPixelShader.usf" 2916
"../../../Engine/Shaders/Private/MaterialCache/MaterialCacheUnwrapVertexShader.usf" 2917
"../../../Engine/Shaders/Private/Lumen/LumenVisualizeRadianceCache.usf" 2918
"../../../Engine/Shaders/Private/Lumen/LumenRadianceCacheCommon.ush" 2919
"../../../Engine/Shaders/Private/Lumen/LumenVisualizeHardwareRayTracing.usf" 2920
"../../../Engine/Shaders/Private/Lumen/LumenVisualize.ush" 2921
"../../../Engine/Shaders/Private/Lumen/LumenHairTracing.ush" 2922
"../../../Engine/Shaders/Private/Lumen/LumenVisualize.usf" 2923
"../../../Engine/Shaders/Private/Lumen/LumenSoftwareRayTracing.ush" 2924
"../../../Engine/Shaders/Private/DistanceField/GlobalDistanceFieldObjectGrid.ush" 2925
"../../../Engine/Shaders/Private/DistanceFieldLightingShared.ush" 2926
"../../../Engine/Shaders/Private/Lumen/LumenVisualizeTraces.ush" 2927
"../../../Engine/Shaders/Private/Lumen/LumenTranslucencyVolumeLighting.usf" 2928
"../../../Engine/Shaders/Private/Lumen/LumenRadianceCacheMarkCommon.ush" 2929
"../../../Engine/Shaders/Private/Lumen/LumenTranslucencyVolumeLightingShared.ush" 2930
"../../../Engine/Shaders/Private/Lumen/LumenScreenProbeCommon.ush" 2931
"../../../Engine/Shaders/Private/RayTracing/RayGenUtils.ush" 2932
"../../../Engine/Shaders/Private/Lumen/LumenRadianceCacheTracingCommon.ush" 2933
"../../../Engine/Shaders/Private/Lumen/LumenTranslucencyVolumeHardwareRayTracing.usf" 2934
"../../../Engine/Shaders/Private/Lumen/LumenTranslucencyRadianceCacheMarkShaders.usf" 2935
"../../../Engine/Shaders/Private/Lumen/SurfaceCache/LumenSurfaceCache.usf" 2936
"../../../Engine/Shaders/Private/Lumen/LumenShortRangeAOHardwareRayTracing.usf" 2937
"../../../Engine/Shaders/Private/Lumen/LumenScreenSpaceBentNormal.ush" 2938
"../../../Engine/Shaders/Private/Lumen/LumenScreenSpaceBentNormal.usf" 2939
"../../../Engine/Shaders/Private/Lumen/LumenScreenProbeTracing.usf" 2940
"../../../Engine/Shaders/Private/Lumen/LumenScreenProbeTracingCommon.ush" 2941
"../../../Engine/Shaders/Private/Lumen/LumenFloatQuantization.ush" 2942
"../../../Engine/Shaders/Private/Lumen/LumenScreenProbeImportanceSampling.usf" 2943
"../../../Engine/Shaders/Private/Lumen/LumenScreenProbeImportanceSamplingShared.ush" 2944
"../../../Engine/Shaders/Private/Lumen/LumenScreenProbeHardwareRayTracing.usf" 2945
"../../../Engine/Shaders/Private/Lumen/LumenScreenProbeDebug.usf" 2946
"../../../Engine/Shaders/Private/Lumen/LumenScreenProbeGather.usf" 2947
"../../../Engine/Shaders/Private/Lumen/LumenScreenProbeGatherTemporal.usf" 2948
"../../../Engine/Shaders/Private/Lumen/LumenScreenProbeFiltering.usf" 2949
"../../../Engine/Shaders/Private/Lumen/LumenSceneLighting.usf" 2950
"../../../Engine/Shaders/Private/Lumen/LumenCardTile.ush" 2951
"../../../Engine/Shaders/Private/Lumen/LumenSceneLighting.ush" 2952
"../../../Engine/Shaders/Private/Lumen/Radiosity/LumenRadiosity.ush" 2953
"../../../Engine/Shaders/Private/Lumen/LumenSceneLightingDebug.usf" 2954
"../../../Engine/Shaders/Private/Lumen/LumenScene.usf" 2955
"../../../Engine/Shaders/Private/Lumen/LumenSceneDirectLightingHardwareRayTracing.usf" 2956
"../../../Engine/Shaders/Private/Lumen/LumenSceneDirectLightingStochastic.ush" 2957
"../../../Engine/Shaders/Private/Lumen/LumenReflectionCommon.ush" 2958
"../../../Engine/Shaders/Private/Lumen/LumenSceneDirectLighting.ush" 2959
"../../../Engine/Shaders/Private/Lumen/LumenSceneDebugHardwareRayTracing.usf" 2960
"../../../Engine/Shaders/Private/Lumen/LumenSceneDirectLightingStochastic.usf" 2961
"../../../Engine/Shaders/Private/Lumen/LumenSceneDirectLightingSoftwareRayTracing.usf" 2962
"../../../Engine/Shaders/Private/DistanceFieldShadowingShared.ush" 2963
"../../../Engine/Shaders/Private/Lumen/LumenSceneDirectLightingPerLightShadowCommon.ush" 2964
"../../../Engine/Shaders/Private/Lumen/LumenSceneDirectLightingShadowMask.usf" 2965
"../../../Engine/Shaders/Private/Lumen/LumenSceneDirectLighting.usf" 2966
"../../../Engine/Shaders/Private/Lumen/LumenSceneDirectLightingCulling.usf" 2967
"../../../Engine/Shaders/Private/Lumen/LumenCardComputeShader.usf" 2968
"../../../Engine/Shaders/Private/Lumen/LumenCardBasePass.ush" 2969
"../../../Engine/Shaders/Private/Lumen/LumenCardPixelShader.usf" 2970
"../../../Engine/Shaders/Private/Lumen/LumenCardVertexShader.usf" 2971
"../../../Engine/Shaders/Private/Lumen/LumenReSTIRGather.usf" 2972
"../../../Engine/Shaders/Private/Lumen/LumenReflectionTracing.usf" 2973
"../../../Engine/Shaders/Private/Lumen/LumenReflectionDenoiserSpatial.usf" 2974
"../../../Engine/Shaders/Private/Lumen/LumenReflectionDenoiserClear.usf" 2975
"../../../Engine/Shaders/Private/Lumen/LumenReflectionDenoiserTemporal.usf" 2976
"../../../Engine/Shaders/Private/Lumen/LumenReflectionResolve.usf" 2977
"../../../Engine/Shaders/Private/Lumen/LumenReflections.usf" 2978
"../../../Engine/Shaders/Private/Lumen/RayTracedTranslucency.usf" 2979
"../../../Engine/Shaders/Private/Lumen/LumenReflectionHardwareRayTracing.usf" 2980
"../../../Engine/Shaders/Private/Lumen/Radiosity/LumenVisualizeRadiosityProbes.usf" 2981
"../../../Engine/Shaders/Private/Lumen/Radiosity/LumenRadiosity.usf" 2982
"../../../Engine/Shaders/Private/Lumen/Radiosity/LumenRadiosityHardwareRayTracing.usf" 2983
"../../../Engine/Shaders/Private/Lumen/Radiosity/LumenRadiosityCulling.usf" 2984
"../../../Engine/Shaders/Private/Lumen/LumenRadianceCacheHardwareRayTracing.usf" 2985
"../../../Engine/Shaders/Private/Lumen/LumenRadianceCache.usf" 2986
"../../../Engine/Shaders/Private/Lumen/LumenRadianceCacheUpdate.ush" 2987
"../../../Engine/Shaders/Private/Lumen/LumenRadianceCacheDebug.usf" 2988
"../../../Engine/Shaders/Private/Lumen/LumenRadianceCacheUpdate.usf" 2989
"../../../Engine/Shaders/Private/Lumen/LumenMeshSDFCulling.usf" 2990
"../../../Engine/Shaders/Private/HybridIndirectLighting.ush" 2991
"../../../Engine/Shaders/Private/MeshDistanceFieldCommon.ush" 2992
"../../../Engine/Shaders/Private/Lumen/LumenIrradianceFieldGather.usf" 2993
"../../../Engine/Shaders/Private/Lumen/LumenHardwareRayTracingMaterials.usf" 2994
"../../../Engine/Shaders/Private/Lumen/LumenFrontLayerTranslucency.usf" 2995
"../../../Engine/Shaders/Private/LocalFogVolumes/LocalFogVolumeSplat.usf" 2996
"../../../Engine/Shaders/Private/LocalFogVolumes/LocalFogVolumeTiledCulling.usf" 2997
"../../../Engine/Shaders/Private/LightShaftShader.usf" 2998
"../../../Engine/Shaders/Private/StationaryLightOverlapShaders.usf" 2999
"../../../Engine/Shaders/Private/DeferredLightPixelShaders.usf" 3000
"../../../Engine/Shaders/Private/DeferredLightVertexShaders.usf" 3001
"../../../Engine/Shaders/Private/LightMapDensityShader.usf" 3002
"../../../Engine/Shaders/Private/LightGridInjection.usf" 3003
"../../../Engine/Shaders/Shared/LightGridDefinitions.h" 3004
"../../../Engine/Shaders/Private/LightFunctionPixelShader.usf" 3005
"../../../Engine/Shaders/Private/LightFunctionVertexShader.usf" 3006
"../../../Engine/Shaders/Private/LightFunctionAtlas/LightFunctionAtlasRender.usf" 3007
"../../../Engine/Shaders/Private/InstanceCulling/InstanceCullingOcclusionQuery.usf" 3008
"../../../Engine/Shaders/Private/InstanceCulling/InstanceCullingSetup.ush" 3009
"../../../Engine/Shaders/Private/InstanceCulling/BuildInstanceDrawCommands.usf" 3010
"../../../Engine/Shaders/Private/InstanceCulling/InstanceCompactionCommon.ush" 3011
"../../../Engine/Shaders/Private/SceneDataMobileWriter.ush" 3012
"../../../Engine/Shaders/Private/InstanceCulling/CompactVisibleInstances.usf" 3013
"../../../Engine/Shaders/Private/ReflectionEnvironmentPixelShader.usf" 3014
"../../../Engine/Shaders/Private/AmbientCubemapComposite.usf" 3015
"../../../Engine/Shaders/Private/DiffuseIndirectComposite.usf" 3016
"../../../Engine/Shaders/Private/IESAtlas.usf" 3017
"../../../Engine/Shaders/Private/HeterogeneousVolumes/HeterogeneousVolumesVoxelGridShadows.usf" 3018
"../../../Engine/Shaders/Private/HeterogeneousVolumes/HeterogeneousVolumesStochasticFiltering.ush" 3019
"../../../Engine/Shaders/Private/HeterogeneousVolumes/HeterogeneousVolumesVoxelGridRenderingUtils.ush" 3020
"../../../Engine/Shaders/Private/HeterogeneousVolumes/HeterogeneousVolumesLightingUtils.ush" 3021
"../../../Engine/Shaders/Private/HeterogeneousVolumes/HeterogeneousVolumesVoxelGridRendering.usf" 3022
"../../../Engine/Shaders/Private/HeterogeneousVolumes/HeterogeneousVolumesVoxelGridPipeline.usf" 3023
"../../../Engine/Shaders/Private/HeterogeneousVolumes/HeterogeneousVolumesMaterialBakingPipeline.usf" 3024
"../../../Engine/Shaders/Private/HeterogeneousVolumes/HeterogeneousVolumesLiveShadingUtils.ush" 3025
"../../../Engine/Shaders/Private/HeterogeneousVolumes/HeterogeneousVolumesFrustumVoxelGrid.usf" 3026
"../../../Engine/Shaders/Private/HeterogeneousVolumes/HeterogeneousVolumesSparseVoxelPipeline.usf" 3027
"../../../Engine/Shaders/Private/HeterogeneousVolumes/HeterogeneousVolumesSparseVoxelUtils.ush" 3028
"../../../Engine/Shaders/Private/HeterogeneousVolumes/HeterogeneousVolumesSparseVoxelUniformBufferUtils.ush" 3029
"../../../Engine/Shaders/Private/HeterogeneousVolumes/HeterogeneousVolumesPreshadingPipeline.usf" 3030
"../../../Engine/Shaders/Private/HeterogeneousVolumes/HeterogeneousVolumesLiveShadingShadows.usf" 3031
"../../../Engine/Shaders/Private/HeterogeneousVolumes/HeterogeneousVolumesLiveShadingGlobalPipeline.usf" 3032
"../../../Engine/Shaders/Private/HeterogeneousVolumes/HeterogeneousVolumesLiveShadingPipeline.usf" 3033
"../../../Engine/Shaders/Private/HeterogeneousVolumes/HeterogeneousVolumesHardwareRayTracing.usf" 3034
"../../../Engine/Shaders/Private/HeterogeneousVolumes/HeterogeneousVolumesAmbientOcclusionPipeline.usf" 3035
"../../../Engine/Shaders/Private/HeterogeneousVolumes/HeterogeneousVolumesComposite.usf" 3036
"../../../Engine/Shaders/Private/HdrCustomResolveShaders.usf" 3037
"../../../Engine/Shaders/Private/HairStrands/RenderCurveRaster.usf" 3038
"../../../Engine/Shaders/Private/HairStrands/HairStrandsVoxelRasterCompute.usf" 3039
"../../../Engine/Shaders/Private/HairStrands/HairStrandsHitProxy.usf" 3040
"../../../Engine/Shaders/Private/HairStrands/HairStrandsVisibilityRasterComputeNaive.usf" 3041
"../../../Engine/Shaders/Private/HairStrands/HairStrandsVisibilityRasterHW.usf" 3042
"../../../Engine/Shaders/Private/HairStrands/HairStrandsVisibilityRasterCompute.usf" 3043
"../../../Engine/Shaders/Private/HairStrands/HairStrandsVisibilityRasterClassification.usf" 3044
"../../../Engine/Shaders/Private/HairStrands/HairStrandsCoverage.usf" 3045
"../../../Engine/Shaders/Private/HairStrands/HairStrandsVisibilityDepthPS.usf" 3046
"../../../Engine/Shaders/Private/HairStrands/HairStrandsVisibilityTransmittanceDepthPS.usf" 3047
"../../../Engine/Shaders/Private/HairStrands/HairStrandsVisibilityFillOpaqueDepthPS.usf" 3048
"../../../Engine/Shaders/Private/HairStrands/HairStrandsVisibilityCompactionComputeRaster.usf" 3049
"../../../Engine/Shaders/Private/HairStrands/HairStrandsVisibilityCompaction.usf" 3050
"../../../Engine/Shaders/Private/HairStrands/HairStrandsVisibilityCopyIndirectArg.usf" 3051
"../../../Engine/Shaders/Private/HairStrands/HairStrandsVisibilityClearPS.usf" 3052
"../../../Engine/Shaders/Private/HairStrands/HairStrandsVisibilityPS.usf" 3053
"../../../Engine/Shaders/Private/HairStrands/HairStrandsVisibilityVS.usf" 3054
"../../../Engine/Shaders/Private/HairStrands/HairStrandsVelocity.usf" 3055
"../../../Engine/Shaders/Private/HairStrands/HairStrandsVisibilityComputeSampleCoverage.usf" 3056
"../../../Engine/Shaders/Private/HairStrands/HairStrandsMaterialPS.usf" 3057
"../../../Engine/Shaders/Private/HairStrands/HairStrandsMaterialCommon.ush" 3058
"../../../Engine/Shaders/Private/HairStrands/HairStrandsMaterialVS.usf" 3059
"../../../Engine/Shaders/Private/HairStrands/HairStrandsLightSample.usf" 3060
"../../../Engine/Shaders/Private/HairStrands/HairStrandsDeepShadowMask.usf" 3061
"../../../Engine/Shaders/Private/HairStrands/HairStrandsDeepTransmittanceMask.usf" 3062
"../../../Engine/Shaders/Private/HairStrands/HairStrandsVisibilityTile.usf" 3063
"../../../Engine/Shaders/Private/HairStrands/HairStrandsDeepShadowPS.usf" 3064
"../../../Engine/Shaders/Private/HairStrands/HairStrandsDeepShadowVS.usf" 3065
"../../../Engine/Shaders/Private/HairStrands/HairStrandsAABB.usf" 3066
"../../../Engine/Shaders/Private/HairStrands/HairStrandsLUT.usf" 3067
"../../../Engine/Shaders/Private/HairStrands/HairStrandsForwardRaster.usf" 3068
"../../../Engine/Shaders/Private/HairStrands/HairStrandsForwardCulling.usf" 3069
"../../../Engine/Shaders/Private/HairStrands/HairStrandsEnvironmentLighting.usf" 3070
"../../../Engine/Shaders/Private/HairStrands/HairStrandsEnvironmentAO.usf" 3071
"../../../Engine/Shaders/Private/HairStrands/HairStrandsDeepShadowAllocation.usf" 3072
"../../../Engine/Shaders/Private/HairStrands/HairStrandsVoxelDebug.usf" 3073
"../../../Engine/Shaders/Private/HairStrands/HairStrandsComposition.usf" 3074
"../../../Engine/Shaders/Private/HairStrands/HairStrandsGBufferCommon.ush" 3075
"../../../Engine/Shaders/Private/GPUScene/GPUSceneDataManagement.usf" 3076
"../../../Engine/Shaders/Private/GPUSceneDebugRender.usf" 3077
"../../../Engine/Shaders/Private/GPUFeedbackCompaction.usf" 3078
"../../../Engine/Shaders/Private/GPUFastFourierTransform.usf" 3079
"../../../Engine/Shaders/Private/GPUFastFourierTransform2DCore.ush" 3080
"../../../Engine/Shaders/Private/GPUFastFourierTransformCore.ush" 3081
"../../../Engine/Shaders/Private/GPUBenchmark.usf" 3082
"../../../Engine/Shaders/Private/DistanceField/GlobalDistanceFieldDebug.usf" 3083
"../../../Engine/Shaders/Private/DistanceField/GlobalDistanceFieldUpdate.ush" 3084
"../../../Engine/Shaders/Private/DistanceField/GlobalDistanceFieldMip.usf" 3085
"../../../Engine/Shaders/Private/DistanceField/GlobalDistanceField.usf" 3086
"../../../Engine/Shaders/Private/DistanceField/GlobalDistanceFieldCompositeObjects.usf" 3087
"../../../Engine/Shaders/Private/DistanceField/GlobalDistanceFieldHeightfields.usf" 3088
"../../../Engine/Shaders/Private/HeightfieldLightingShared.ush" 3089
"../../../Engine/Shaders/Private/GenerateConservativeDepth.usf" 3090
"../../../Engine/Shaders/Private/HeightFogPixelShader.usf" 3091
"../../../Engine/Shaders/Private/HeightFogVertexShader.usf" 3092
"../../../Engine/Shaders/Private/DistortFiltering.usf" 3093
"../../../Engine/Shaders/Private/DistortAccumulatePS.usf" 3094
"../../../Engine/Shaders/Private/DistortAccumulateVS.usf" 3095
"../../../Engine/Shaders/Private/DistanceFieldVisualization.usf" 3096
"../../../Engine/Shaders/Private/DistanceFieldStreaming.usf" 3097
"../../../Engine/Shaders/Private/DistanceFieldShadowing.usf" 3098
"../../../Engine/Shaders/Private/DistanceFieldScreenGridLighting.usf" 3099
"../../../Engine/Shaders/Private/DistanceFieldObjectCulling.usf" 3100
"../../../Engine/Shaders/Private/DistanceFieldLightingPost.usf" 3101
"../../../Engine/Shaders/Private/DitheredTransitionStencil.usf" 3102
"../../../Engine/Shaders/Private/CopyDepthTexture.usf" 3103
"../../../Engine/Shaders/Private/CopyDepthTextureCS.usf" 3104
"../../../Engine/Shaders/Private/DeferredDecal.usf" 3105
"../../../Engine/Shaders/Private/DecalCommon.ush" 3106
"../../../Engine/Shaders/Private/DebugViewModeVertexShader.usf" 3107
"../../../Engine/Shaders/Private/DebugViewModeCommon.ush" 3108
"../../../Engine/Shaders/Private/DebugViewModePixelShader.usf" 3109
"../../../Engine/Shaders/Private/DebugProbes.usf" 3110
"../../../Engine/Shaders/Private/MeshDecals.usf" 3111
"../../../Engine/Shaders/Private/PostProcessAmbientOcclusion.usf" 3112
"../../../Engine/Shaders/Private/ClusteredDeferredShadingPixelShader.usf" 3113
"../../../Engine/Shaders/Private/ClusteredDeferredShadingVertexShader.usf" 3114
"../../../Engine/Shaders/Private/CapsuleShadowShaders.usf" 3115
"../../../Engine/Shaders/Private/BasePassPixelShader.usf" 3116
"../../../Engine/Shaders/Private/ForwardLightingCommon.ush" 3117
"../../../Engine/Shaders/Private/Substrate/SubstrateForwardLighting.ush" 3118
"../../../Engine/Shaders/Private/ComputeShaderOutputCommon.ush" 3119
"../../../Engine/Shaders/Private/BasePassVertexShader.usf" 3120
"../../../Engine/Shaders/Private/BasePassVertexCommon.ush" 3121
"../../../Engine/Shaders/Private/SimpleElementVolumeTexturePreviewPixelShader.usf" 3122
"../../../Engine/Shaders/Private/SimpleElementTexture2DPreviewPixelShader.usf" 3123
"../../../Engine/Shaders/Private/meshpaintdilatepixelshader.usf" 3124
"../../../Engine/Shaders/Private/meshpaintdilatevertexshader.usf" 3125
"../../../Engine/Shaders/Private/MeshPaintPixelShader.usf" 3126
"../../../Engine/Shaders/Private/MeshPaintVertexShader.usf" 3127
"../../../Engine/Shaders/Private/SlateElementPixelShader.usf" 3128
"../../../Engine/Shaders/Private/SlateShaderCommon.ush" 3129
"../../../Engine/Shaders/Private/SlateMaskingShader.usf" 3130
"../../../Engine/Shaders/Private/SlateVertexShader.usf" 3131
"../../../Engine/Shaders/Private/CompositeUIPixelShader.usf" 3132
"../../../Engine/Shaders/Private/ColorDeficiency.ush" 3133
"../../../Engine/Shaders/Private/SlatePostProcessColorDeficiencyPixelShader.usf" 3134
"../../../Engine/Shaders/Private/SlatePostProcessPixelShader.usf" 3135
"../../../Engine/Shaders/Private/Tools/VisualizeTexture.usf" 3136
"../../../Engine/Shaders/Private/UpdateDescriptorHandle.usf" 3137
"../../../Engine/Shaders/Private/ByteBuffer.usf" 3138
"../../../Engine/Shaders/Private/ShaderBundleWorkGraphDispatch.usf" 3139
"../../../Engine/Shaders/Private/ShaderBundleDispatch.usf" 3140
"../../../Engine/Shaders/Private/ResolveVertexShader.usf" 3141
"../../../Engine/Shaders/Private/ResolvePixelShader.usf" 3142
"../../../Engine/Shaders/Private/Tools/SetupIndirectArgs.usf" 3143
"../../../Engine/Shaders/Private/ClearReplacementShaders.usf" 3144
"../../../Engine/Shaders/Private/Tools/DrawTexture.usf" 3145
"../../../Engine/Shaders/Private/RayTracing/RayTracingValidation.usf" 3146
"../../../Engine/Shaders/Private/RenderGraphUtilities.usf" 3147
"../../../Engine/Shaders/Private/OneColorShader.usf" 3148
"../../../Engine/Shaders/Private/OculusShaders.usf" 3149
"../../../Engine/Shaders/Private/MediaShaders.usf" 3150
"../../../Engine/Shaders/Private/GPUMessaging.usf" 3151
"../../../Engine/Shaders/Private/Tools/GPUDebugCrashUtils.usf" 3152
"../../../Engine/Shaders/Private/NullPixelShader.usf" 3153
"../../../Engine/Shaders/Private/ComputeGenerateMips.usf" 3154
"../../../Engine/Shaders/Private/Tools/DumpTexture.usf" 3155
"../../../Engine/Shaders/Private/CopyTextureShaders.usf" 3156
"../../../Engine/Shaders/Private/Tools/FullscreenVertexShader.usf" 3157
"../../../Engine/Shaders/Private/RayTracing/RayTracingDispatchDesc.usf" 3158
"../../../Engine/Shaders/Private/Bink.usf" 3159
"../../../Engine/Shaders/Private/VelocityShader.usf" 3160
"../../../Engine/Shaders/Private/DepthOnlyPixelShader.usf" 3161
"../../../Engine/Shaders/Private/PositionOnlyDepthVertexShader.usf" 3162
"../../../Engine/Shaders/Private/DepthOnlyVertexShader.usf" 3163
"../../../Engine/Shaders/Private/AnisotropyPassShader.usf" 3164
"D:/Pliki program?w (x86)/hooy/ProjectMegaSample/ProjectMegaSample/Content/MAIN_LEVEL.umap" 3165
"/Engine/EngineResources/WhiteSquareTexture" 3166
"../../../Engine/Content/EngineResources/WhiteSquareTexture.uasset" 3167
"/Engine/EngineResources/GradientTexture0" 3168
"../../../Engine/Content/EngineResources/GradientTexture0.uasset" 3169
"/Engine/EngineResources/Black" 3170
"../../../Engine/Content/EngineResources/Black.uasset" 3171
"/Engine/EditorResources/S_Actor" 3172
"../../../Engine/Content/EditorResources/S_Actor.uasset" 3173
"/Engine/EngineFonts/RobotoDistanceField" 3174
"../../../Engine/Content/EngineFonts/RobotoDistanceField.uasset" 3175
"/Engine/EngineMaterials/DefaultTextMaterialOpaque" 3176
"../../../Engine/Content/EngineMaterials/DefaultTextMaterialOpaque.uasset" 3177
"/Engine/Functions/Engine_MaterialFunctions01/Shading/PowerToRoughness" 3178
"../../../Engine/Content/Functions/Engine_MaterialFunctions01/Shading/PowerToRoughness.uasset" 3179
"/Engine/Functions/Engine_MaterialFunctions01/Shading/ConvertFromDiffSpec" 3180
"../../../Engine/Content/Functions/Engine_MaterialFunctions01/Shading/ConvertFromDiffSpec.uasset" 3181
"/Engine/EngineMaterials/WorldGridMaterial" 3182
"../../../Engine/Content/EngineMaterials/WorldGridMaterial.uasset" 3183
"../../../Engine/Content/Functions/Engine_MaterialFunctions01/Opacity/CameraDepthFade.uasset" 3184
"../../../Engine/Content/EngineMaterials/T_Default_Material_Grid_M.uasset" 3185
"../../../Engine/Content/EngineMaterials/T_Default_Material_Grid_N.uasset" 3186
"/Engine/EngineMaterials/DefaultDeferredDecalMaterial" 3187
"../../../Engine/Content/EngineMaterials/DefaultDeferredDecalMaterial.uasset" 3188
"../../../Engine/Content/EngineMaterials/DefaultDiffuse.uasset" 3189
"/Engine/EngineMaterials/DefaultLightFunctionMaterial" 3190
"../../../Engine/Content/EngineMaterials/DefaultLightFunctionMaterial.uasset" 3191
"/Engine/EngineMaterials/DefaultPostProcessMaterial" 3192
"../../../Engine/Content/EngineMaterials/DefaultPostProcessMaterial.uasset" 3193
"../../../Engine/Content/Functions/Engine_MaterialFunctions02/Utility/BreakOutFloat2Components.uasset" 3194
"/Engine/EditorResources/S_Trigger" 3195
"../../../Engine/Content/EditorResources/S_Trigger.uasset" 3196
"/Engine/EditorResources/S_BoxReflectionCapture" 3197
"../../../Engine/Content/EditorResources/S_BoxReflectionCapture.uasset" 3198
"/Engine/EngineResources/DefaultTexture" 3199
"../../../Engine/Content/EngineResources/DefaultTexture.uasset" 3200
"/Engine/EditorResources/S_TriggerBox" 3201
"../../../Engine/Content/EditorResources/S_TriggerBox.uasset" 3202
"/Engine/EditorResources/S_TriggerCapsule" 3203
"../../../Engine/Content/EditorResources/S_TriggerCapsule.uasset" 3204
"/Engine/EditorResources/S_TriggerSphere" 3205
"../../../Engine/Content/EditorResources/S_TriggerSphere.uasset" 3206
"/Engine/EngineDamageTypes/DmgTypeBP_Environmental" 3207
"../../../Engine/Content/EngineDamageTypes/DmgTypeBP_Environmental.uasset" 3208
"/Engine/EngineMeshes/Sphere" 3209
"../../../Engine/Content/EngineMeshes/Sphere.uasset" 3210
"/Engine/EngineResources/DefaultTextureCube" 3211
"../../../Engine/Content/EngineResources/DefaultTextureCube.uasset" 3212
"/Engine/EngineResources/DefaultVolumeTexture" 3213
"../../../Engine/Content/EngineResources/DefaultVolumeTexture.uasset" 3214
"../../../Engine/Content/EngineResources/DefaultVolumeTexture2D.uasset" 3215
"/Engine/VREditor/TransformGizmo/SM_Sequencer_Node" 3216
"../../../Engine/Content/VREditor/TransformGizmo/SM_Sequencer_Node.uasset" 3217
"../../../Engine/Content/VREditor/TransformGizmo/Main.uasset" 3218
"../../../Engine/Content/VREditor/TransformGizmo/Xray.uasset" 3219
"/Engine/EditorResources/S_Solver" 3220
"../../../Engine/Content/EditorResources/S_Solver.uasset" 3221
"/Engine/EngineDebugMaterials/VolumeToRender" 3222
"../../../Engine/Content/EngineDebugMaterials/VolumeToRender.uasset" 3223
"/Engine/EngineDebugMaterials/M_VolumeRenderSphereTracePP" 3224
"../../../Engine/Content/EngineDebugMaterials/M_VolumeRenderSphereTracePP.uasset" 3225
"../../../Engine/Content/Functions/Engine_MaterialFunctions02/Utility/CameraDirectionVector.uasset" 3226
"/Engine/EditorMeshes/Camera/SM_CraneRig_Base" 3227
"../../../Engine/Content/EditorMeshes/Camera/SM_CraneRig_Base.uasset" 3228
"../../../Engine/Content/EditorMaterials/Camera/MI_CineMat_Rig.uasset" 3229
"../../../Engine/Content/EditorMaterials/Camera/CineMat.uasset" 3230
"/Engine/EditorMeshes/Camera/SM_CraneRig_Arm" 3231
"../../../Engine/Content/EditorMeshes/Camera/SM_CraneRig_Arm.uasset" 3232
"/Engine/EditorMeshes/Camera/SM_CraneRig_Mount" 3233
"../../../Engine/Content/EditorMeshes/Camera/SM_CraneRig_Mount.uasset" 3234
"/Engine/EditorMeshes/Camera/SM_CraneRig_Body" 3235
"../../../Engine/Content/EditorMeshes/Camera/SM_CraneRig_Body.uasset" 3236
"/Engine/EditorMeshes/Camera/SM_RailRig_Track" 3237
"../../../Engine/Content/EditorMeshes/Camera/SM_RailRig_Track.uasset" 3238
"/Engine/EditorMeshes/Camera/SM_RailRig_Mount" 3239
"../../../Engine/Content/EditorMeshes/Camera/SM_RailRig_Mount.uasset" 3240
"/Engine/EditorLandscapeResources/SplineEditorMesh" 3241
"../../../Engine/Content/EditorLandscapeResources/SplineEditorMesh.uasset" 3242
"../../../Engine/Content/EditorLandscapeResources/SplineEditorMeshMat.uasset" 3243
"/Engine/BasicShapes/Cube" 3244
"../../../Engine/Content/BasicShapes/Cube.uasset" 3245
"/CameraCalibrationCore/Materials/M_DefaultOddSquare" 3246
"../../Plugins/VirtualProduction/CameraCalibrationCore/Content/Materials/M_DefaultOddSquare.uasset" 3247
"/CameraCalibrationCore/Materials/M_DefaultEvenSquare" 3248
"../../Plugins/VirtualProduction/CameraCalibrationCore/Content/Materials/M_DefaultEvenSquare.uasset" 3249
"/HairStrands/Materials/HairDebugMaterial" 3250
"../../Plugins/Runtime/HairStrands/Content/Materials/HairDebugMaterial.uasset" 3251
"../../../Engine/Content/Functions/Engine_MaterialFunctions02/Utility/MakeFloat2.uasset" 3252
"../../../Engine/Content/Functions/Engine_MaterialFunctions02/Utility/MakeFloat3.uasset" 3253
"../../../Engine/Content/EngineMaterials/HairColorMap.uasset" 3254
"../../../Engine/Content/EngineMaterials/HairDebugColor.uasset" 3255
"../../Plugins/Runtime/HairStrands/Content/Materials/HairGroupColors.uasset" 3256
"/HairStrands/Materials/HairDefaultMaterial" 3257
"../../Plugins/Runtime/HairStrands/Content/Materials/HairDefaultMaterial.uasset" 3258
"/HairStrands/Materials/HairCardsDefaultMaterial" 3259
"../../Plugins/Runtime/HairStrands/Content/Materials/HairCardsDefaultMaterial.uasset" 3260
"/HairStrands/Materials/HairMeshesDefaultMaterial" 3261
"../../Plugins/Runtime/HairStrands/Content/Materials/HairMeshesDefaultMaterial.uasset" 3262
"/Engine/EngineMaterials/Widget3DPassThrough_Translucent" 3263
"../../../Engine/Content/EngineMaterials/Widget3DPassThrough_Translucent.uasset" 3264
"../../../Engine/Content/EngineMaterials/Widget3DPassThrough.uasset" 3265
"/Engine/EngineMaterials/Widget3DPassThrough_Translucent_OneSided" 3266
"../../../Engine/Content/EngineMaterials/Widget3DPassThrough_Translucent_OneSided.uasset" 3267
"/Engine/EngineMaterials/Widget3DPassThrough_Opaque" 3268
"../../../Engine/Content/EngineMaterials/Widget3DPassThrough_Opaque.uasset" 3269
"/Engine/EngineMaterials/Widget3DPassThrough_Opaque_OneSided" 3270
"../../../Engine/Content/EngineMaterials/Widget3DPassThrough_Opaque_OneSided.uasset" 3271
"/Engine/EngineMaterials/Widget3DPassThrough_Masked" 3272
"../../../Engine/Content/EngineMaterials/Widget3DPassThrough_Masked.uasset" 3273
"/Engine/EngineMaterials/Widget3DPassThrough_Masked_OneSided" 3274
"../../../Engine/Content/EngineMaterials/Widget3DPassThrough_Masked_OneSided.uasset" 3275
"/Engine/VREditor/ViewportInteractionAssetContainerData" 3276
"../../../Engine/Content/VREditor/ViewportInteractionAssetContainerData.uasset" 3277
"../../../Engine/Content/VREditor/SnapGrid/SnapGridMaterial.uasset" 3278
"../../../Engine/Content/VREditor/TransformGizmo/TransformGizmoMaterial_Inst.uasset" 3279
"../../../Engine/Content/VREditor/TransformGizmo/TranslucentTransformGizmoMaterial_Inst.uasset" 3280
"../../../Engine/Content/VREditor/SnapGrid/SnapGridPlaneMesh.uasset" 3281
"../../../Engine/Content/VREditor/Sounds/UI/Drop_Item_From_ContentBrowser.uasset" 3282
"../../../Engine/Content/VREditor/Sounds/UI/Gizmo_Handle_Clicked.uasset" 3283
"../../../Engine/Content/VREditor/Sounds/UI/Object_PickUp.uasset" 3284
"../../../Engine/Content/VREditor/Sounds/UI/Object_Snaps_To_Another_Actor.uasset" 3285
"../../../Engine/Content/VREditor/Sounds/UI/Object_Snaps_To_Grid.uasset" 3286
"../../../Engine/Content/VREditor/Sounds/UI/Scaling_Down.uasset" 3287
"../../../Engine/Content/VREditor/Sounds/UI/Scaling_Up.uasset" 3288
"../../../Engine/Content/VREditor/Sounds/UI/Selection_Changes.uasset" 3289
"../../../Engine/Content/VREditor/TransformGizmo/PlaneTranslationHandle.uasset" 3290
"../../../Engine/Content/VREditor/TransformGizmo/RotationHandleFull.uasset" 3291
"../../../Engine/Content/VREditor/TransformGizmo/RotationHandleIndicator.uasset" 3292
"../../../Engine/Content/VREditor/TransformGizmo/RotationHandleQuarter.uasset" 3293
"../../../Engine/Content/VREditor/TransformGizmo/StartRotationHandleIndicator.uasset" 3294
"../../../Engine/Content/VREditor/TransformGizmo/TransformGizmoFreeRotation.uasset" 3295
"../../../Engine/Content/VREditor/TransformGizmo/TranslateArrowHandle.uasset" 3296
"../../../Engine/Content/VREditor/TransformGizmo/UniformScaleHandle.uasset" 3297
"../../../Engine/Content/Functions/Engine_MaterialFunctions02/Math/Transform3x3Matrix.uasset" 3298
"../../../Engine/Content/Functions/Engine_MaterialFunctions02/SplitComponents.uasset" 3299
"../../../Engine/Content/VREditor/TransformGizmo/TransformGizmoMaterial.uasset" 3300
"../../../Engine/Content/VREditor/TransformGizmo/TranslucentTransformGizmoMaterial.uasset" 3301
"../../../Engine/Content/Functions/Engine_MaterialFunctions02/Utility/BreakOutFloat3Components.uasset" 3302
"../../../Engine/Content/VREditor/LaserPointer/VR_LaserPower_01.uasset" 3303
"/Engine/VREditor/TransformGizmo/BoundingBoxCorner" 3304
"../../../Engine/Content/VREditor/TransformGizmo/BoundingBoxCorner.uasset" 3305
"/Engine/VREditor/TransformGizmo/BoundingBoxEdge" 3306
"../../../Engine/Content/VREditor/TransformGizmo/BoundingBoxEdge.uasset" 3307
"/Engine/ArtTools/RenderToTexture/Meshes/S_1_Unit_Plane" 3308
"../../../Engine/Content/ArtTools/RenderToTexture/Meshes/S_1_Unit_Plane.uasset" 3309
"/Engine/EngineDebugMaterials/M_SimpleUnlitTranslucent" 3310
"../../../Engine/Content/EngineDebugMaterials/M_SimpleUnlitTranslucent.uasset" 3311
"/Engine/EngineFonts/Roboto" 3312
"../../../Engine/Content/EngineFonts/Roboto.uasset" 3313
"../../../Engine/Content/EngineFonts/Faces/DroidSansFallback.uasset" 3314
"../../../Engine/Content/EngineFonts/Faces/RobotoBold.uasset" 3315
"../../../Engine/Content/EngineFonts/Faces/RobotoBoldItalic.uasset" 3316
"../../../Engine/Content/EngineFonts/Faces/RobotoItalic.uasset" 3317
"../../../Engine/Content/EngineFonts/Faces/RobotoLight.uasset" 3318
"../../../Engine/Content/EngineFonts/Faces/RobotoRegular.uasset" 3319
"/Engine/EditorMaterials/ParticleSystems/PSysThumbnail_NoImage" 3320
"../../../Engine/Content/EditorMaterials/ParticleSystems/PSysThumbnail_NoImage.uasset" 3321
"/Engine/EditorMaterials/ParticleSystems/PSysThumbnail_OOD" 3322
"../../../Engine/Content/EditorMaterials/ParticleSystems/PSysThumbnail_OOD.uasset" 3323
"/Engine/EngineResources/LandscapeVisibilityLayerInfo" 3324
"../../../Engine/Content/EngineResources/LandscapeVisibilityLayerInfo.uasset" 3325
"../../../Engine/Content/Internationalization/icudt64l/coll/en.res" 3326
"/ACLPlugin/ACLAnimBoneCompressionSettings" 3327
"../../Plugins/Animation/ACLPlugin/Content/ACLAnimBoneCompressionSettings.uasset" 3328
"/Engine/Animation/DefaultRecorderBoneCompression" 3329
"../../../Engine/Content/Animation/DefaultRecorderBoneCompression.uasset" 3330
"/ACLPlugin/ACLAnimCurveCompressionSettings" 3331
"../../Plugins/Animation/ACLPlugin/Content/ACLAnimCurveCompressionSettings.uasset" 3332
"/Engine/Animation/DefaultVariableFrameStrippingSettings" 3333
"../../../Engine/Content/Animation/DefaultVariableFrameStrippingSettings.uasset" 3334
"/ControlRig/Controls/ControlRigXRayMaterial" 3335
"../../Plugins/Animation/ControlRig/Content/Controls/ControlRigXRayMaterial.uasset" 3336
"/ControlRig/Controls/DefaultGizmoLibraryNormalized" 3337
"../../Plugins/Animation/ControlRig/Content/Controls/DefaultGizmoLibraryNormalized.uasset" 3338
"/Paper2D/MaskedUnlitSpriteMaterial" 3339
"../../Plugins/2D/Paper2D/Content/MaskedUnlitSpriteMaterial.uasset" 3340
"../../Plugins/2D/Paper2D/Content/DefaultSpriteMaterial.uasset" 3341
"../../Plugins/2D/Paper2D/Content/PlaceholderTextures/DummySpriteTexture.uasset" 3342
"/Paper2D/OpaqueUnlitSpriteMaterial" 3343
"../../Plugins/2D/Paper2D/Content/OpaqueUnlitSpriteMaterial.uasset" 3344
"/Paper2D/DefaultPaperTerrainMaterial" 3345
"../../Plugins/2D/Paper2D/Content/DefaultPaperTerrainMaterial.uasset" 3346
"../../Plugins/2D/Paper2D/Content/DummySprite.uasset" 3347
"/ControlRig/M_Manip" 3348
"../../Plugins/Animation/ControlRig/Content/M_Manip.uasset" 3349
"../../../Engine/Content/Functions/Engine_MaterialFunctions02/WorldPositionOffset/CameraOffset.uasset" 3350
"/AudioWidgets/Resources/ScrubHandleDown_Clamped" 3351
"../../Plugins/Runtime/AudioWidgets/Content/Resources/ScrubHandleDown_Clamped.uasset" 3352
"/MediaPlate/SM_MediaPlateScreen" 3353
"../../Plugins/Media/MediaPlate/Content/SM_MediaPlateScreen.uasset" 3354
"/SpeedTreeImporter/SpeedTree9/SpeedTreeMaster" 3355
"../../Plugins/Editor/SpeedTreeImporter/Content/SpeedTree9/SpeedTreeMaster.uasset" 3356
"../../../Engine/Content/Functions/Engine_MaterialFunctions02/ObjectLocalBounds.uasset" 3357
"../../../Engine/Content/Functions/Engine_MaterialFunctions02/SafeNormalize.uasset" 3358
"../../../Engine/Content/Functions/Engine_MaterialFunctions02/Utility/VectorLength.uasset" 3359
"../../../Engine/Content/Functions/Engine_MaterialFunctions02/UVs/BoundingBoxBased_0-1_UVW.uasset" 3360
"../../../Engine/Content/Functions/Engine_MaterialFunctions02/WorldPositionOffset/ObjectScale.uasset" 3361
"../../Plugins/Editor/SpeedTreeImporter/Content/SpeedTree9/SpeedTreeBranchMotion.uasset" 3362
"../../Plugins/Editor/SpeedTreeImporter/Content/SpeedTree9/SpeedTreeCameraFacing.uasset" 3363
"../../Plugins/Editor/SpeedTreeImporter/Content/SpeedTree9/SpeedTreeWind.uasset" 3364
"../../Plugins/Editor/SpeedTreeImporter/Content/SpeedTree9/SpeedTreeWindMotion.uasset" 3365
"../../Plugins/Editor/SpeedTreeImporter/Content/SpeedTree9/UnpackDirection.uasset" 3366
"../../Plugins/Editor/SpeedTreeImporter/Content/SpeedTree9/UnpackInteger3.uasset" 3367
"../../Plugins/Editor/SpeedTreeImporter/Content/SpeedTree9/Empty.uasset" 3368
"../../Plugins/Editor/SpeedTreeImporter/Content/SpeedTree9/EmptyNormal.uasset" 3369
"../../Plugins/Editor/SpeedTreeImporter/Content/SpeedTree9/game_wind_noise.uasset" 3370
"/SpeedTreeImporter/SpeedTree9/SpeedTreeBillboardMaster" 3371
"../../Plugins/Editor/SpeedTreeImporter/Content/SpeedTree9/SpeedTreeBillboardMaster.uasset" 3372
"../../Plugins/Editor/SpeedTreeImporter/Content/SpeedTree9/SpeedTreeBillboard.uasset" 3373
"/Engine/BasicShapes/BasicShapeMaterial" 3374
"../../../Engine/Content/BasicShapes/BasicShapeMaterial.uasset" 3375
"/Engine/EditorMaterials/Dataflow/DataflowVertexMaterial" 3376
"../../../Engine/Content/EditorMaterials/Dataflow/DataflowVertexMaterial.uasset" 3377
"/Engine/EditorMaterials/Dataflow/DataflowTwoSidedVertexMaterial" 3378
"../../../Engine/Content/EditorMaterials/Dataflow/DataflowTwoSidedVertexMaterial.uasset" 3379
"/Engine/EditorLandscapeResources/LayerVisMaterial" 3380
"../../../Engine/Content/EditorLandscapeResources/LayerVisMaterial.uasset" 3381
"../../../Engine/Content/EditorLandscapeResources/WhiteSquareTexture.uasset" 3382
"/Engine/EditorLandscapeResources/SelectBrushMaterial_Selected" 3383
"../../../Engine/Content/EditorLandscapeResources/SelectBrushMaterial_Selected.uasset" 3384
"../../../Engine/Content/EditorLandscapeResources/SelectBrushMaterial.uasset" 3385
"../../../Engine/Content/Functions/Engine_MaterialFunctions03/Math/WithinRangeFloat2.uasset" 3386
"../../../Engine/Content/EditorLandscapeResources/DefaultAlphaTexture.uasset" 3387
"/Engine/EditorLandscapeResources/SelectBrushMaterial_SelectedRegion" 3388
"../../../Engine/Content/EditorLandscapeResources/SelectBrushMaterial_SelectedRegion.uasset" 3389
"/Engine/EditorLandscapeResources/MaskBrushMaterial_MaskedRegion" 3390
"../../../Engine/Content/EditorLandscapeResources/MaskBrushMaterial_MaskedRegion.uasset" 3391
"../../../Engine/Content/EditorLandscapeResources/MaskBrushMaterial.uasset" 3392
"/Engine/EditorLandscapeResources/ColorMaskBrushMaterial_MaskedRegion" 3393
"../../../Engine/Content/EditorLandscapeResources/ColorMaskBrushMaterial_MaskedRegion.uasset" 3394
"../../../Engine/Content/EditorLandscapeResources/ColorMaskBrushMaterial.uasset" 3395
"/Engine/EditorLandscapeResources/LandscapeDirtyMaterial" 3396
"../../../Engine/Content/EditorLandscapeResources/LandscapeDirtyMaterial.uasset" 3397
"/Engine/EditorLandscapeResources/LandscapeLayerUsageMaterial" 3398
"../../../Engine/Content/EditorLandscapeResources/LandscapeLayerUsageMaterial.uasset" 3399
"../../../Engine/Content/Functions/Engine_MaterialFunctions01/Debug/DebugIntValues.uasset" 3400
"../../../Engine/Content/Functions/Engine_MaterialFunctions01/Texturing/ScaleUVsByCenter.uasset" 3401
"../../../Engine/Content/Functions/Engine_MaterialFunctions02/WorldPositionOffset/LocalPosition.uasset" 3402
"../../../Engine/Content/Functions/Engine_MaterialFunctions01/Texturing/TextureCropping.uasset" 3403
"../../../Engine/Content/Functions/Engine_MaterialFunctions02/ExampleContent/DebugNumberStrip.uasset" 3404
"C:/Users/Mateusz/AppData/Local/UnrealEngine/Editor/UInteractiveToolsPresetCollectionAsset_DefaultCollection.json" 3405
"/Engine/EngineMaterials/NaniteHiddenSectionMaterial" 3406
"../../../Engine/Content/EngineMaterials/NaniteHiddenSectionMaterial.uasset" 3407
"/Engine/EngineMaterials/RemoveSurfaceMaterial" 3408
"../../../Engine/Content/EngineMaterials/RemoveSurfaceMaterial.uasset" 3409
"/Engine/EngineDebugMaterials/DebugMeshMaterial" 3410
"../../../Engine/Content/EngineDebugMaterials/DebugMeshMaterial.uasset" 3411
"/Engine/EngineMaterials/EmissiveMeshMaterial" 3412
"../../../Engine/Content/EngineMaterials/EmissiveMeshMaterial.uasset" 3413
"../../../Engine/Content/EngineMaterials/DefaultWhiteGrid_Low.uasset" 3414
"/Engine/EngineMaterials/M_InvalidLightmapSettings" 3415
"../../../Engine/Content/EngineMaterials/M_InvalidLightmapSettings.uasset" 3416
"../../../Engine/Content/EngineMaterials/InvalidLightmapSettings.uasset" 3417
"/Engine/EngineMaterials/GizmoMaterial" 3418
"../../../Engine/Content/EngineMaterials/GizmoMaterial.uasset" 3419
"/Engine/EngineMaterials/PhAT_JointLimitMaterial" 3420
"../../../Engine/Content/EngineMaterials/PhAT_JointLimitMaterial.uasset" 3421
"/Engine/EngineMaterials/FlattenMaterial" 3422
"../../../Engine/Content/EngineMaterials/FlattenMaterial.uasset" 3423
"../../../Engine/Content/EngineMaterials/BaseFlattenDiffuseMap.uasset" 3424
"../../../Engine/Content/EngineMaterials/BaseFlattenEmissiveMap.uasset" 3425
"../../../Engine/Content/EngineMaterials/BaseFlattenGrayscaleMap.uasset" 3426
"../../../Engine/Content/EngineMaterials/BaseFlattenLinearColor.uasset" 3427
"../../../Engine/Content/EngineMaterials/BaseFlattenNormalMap.uasset" 3428
"../../../Engine/Content/Functions/Engine_MaterialFunctions02/PivotPainter2/Black_1x1_EXR_Texture.uasset" 3429
"/Engine/EngineMaterials/FlattenMaterial_VT" 3430
"../../../Engine/Content/EngineMaterials/FlattenMaterial_VT.uasset" 3431
"../../../Engine/Content/EngineMaterials/BaseFlattenDiffuseMap_VT.uasset" 3432
"../../../Engine/Content/EngineMaterials/BaseFlattenEmissiveMap_VT.uasset" 3433
"../../../Engine/Content/EngineMaterials/BaseFlattenGrayscaleMap_VT.uasset" 3434
"../../../Engine/Content/EngineMaterials/BaseFlattenLinearColor_VT.uasset" 3435
"../../../Engine/Content/EngineMaterials/BaseFlattenNormalMap_VT.uasset" 3436
"../../../Engine/Content/EngineMaterials/Black_1x1_EXR_Texture_VT.uasset" 3437
"/Engine/EngineMaterials/FlattenMaterial_WS_Normal_VT" 3438
"../../../Engine/Content/EngineMaterials/FlattenMaterial_WS_Normal_VT.uasset" 3439
"/Engine/EngineMaterials/Good64x64TilingNoiseHighFreq" 3440
"../../../Engine/Content/EngineMaterials/Good64x64TilingNoiseHighFreq.uasset" 3441
"/Engine/EngineMaterials/DefaultBokeh" 3442
"../../../Engine/Content/EngineMaterials/DefaultBokeh.uasset" 3443
"/Engine/EngineMaterials/MiniFont" 3444
"../../../Engine/Content/EngineMaterials/MiniFont.uasset" 3445
"/Engine/EngineMaterials/WeightMapPlaceholderTexture" 3446
"../../../Engine/Content/EngineMaterials/WeightMapPlaceholderTexture.uasset" 3447
"/Engine/EngineMaterials/WeightMapArrayPlaceholderTexture" 3448
"../../../Engine/Content/EngineMaterials/WeightMapArrayPlaceholderTexture.uasset" 3449
"/Engine/EngineMaterials/DefaultWhiteGrid" 3450
"../../../Engine/Content/EngineMaterials/DefaultWhiteGrid.uasset" 3451
"/Engine/EngineMaterials/PreintegratedSkinBRDF" 3452
"../../../Engine/Content/EngineMaterials/PreintegratedSkinBRDF.uasset" 3453
"/Engine/EngineMaterials/LTC/GGX_LTCAmp" 3454
"../../../Engine/Content/EngineMaterials/LTC/GGX_LTCAmp.uasset" 3455
"/Engine/EngineMaterials/LTC/GGX_LTCMat" 3456
"../../../Engine/Content/EngineMaterials/LTC/GGX_LTCMat.uasset" 3457
"/Engine/EngineMaterials/EnergyConservation/GGX_ReflectionEnergy" 3458
"../../../Engine/Content/EngineMaterials/EnergyConservation/GGX_ReflectionEnergy.uasset" 3459
"/Engine/EngineMaterials/EnergyConservation/GGX_TransmissionEnergyArray" 3460
"../../../Engine/Content/EngineMaterials/EnergyConservation/GGX_TransmissionEnergyArray.uasset" 3461
"/Engine/EngineMaterials/EnergyConservation/SheenLegacy_Energy" 3462
"../../../Engine/Content/EngineMaterials/EnergyConservation/SheenLegacy_Energy.uasset" 3463
"/Engine/EngineMaterials/DefaultPhysicalMaterial" 3464
"../../../Engine/Content/EngineMaterials/DefaultPhysicalMaterial.uasset" 3465
"/Engine/EngineMaterials/DefaultDestructiblePhysicalMaterial" 3466
"../../../Engine/Content/EngineMaterials/DefaultDestructiblePhysicalMaterial.uasset" 3467
"C:/Users/Mateusz/AppData/Local/UnrealEngine/Editor/ProjectEditorRecords.json" 3468
"/Niagara/ParameterDefinitions/SpriteRenderer" 3469
"../../Plugins/FX/Niagara/Content/ParameterDefinitions/SpriteRenderer.uasset" 3470
"/Niagara/ParameterDefinitions/RibbonRenderer" 3471
"../../Plugins/FX/Niagara/Content/ParameterDefinitions/RibbonRenderer.uasset" 3472
"/Niagara/ParameterDefinitions/MeshRenderer" 3473
"../../Plugins/FX/Niagara/Content/ParameterDefinitions/MeshRenderer.uasset" 3474
"/Niagara/ParameterDefinitions/LightRenderer" 3475
"../../Plugins/FX/Niagara/Content/ParameterDefinitions/LightRenderer.uasset" 3476
"/Niagara/ParameterDefinitions/DecalRenderer" 3477
"../../Plugins/FX/Niagara/Content/ParameterDefinitions/DecalRenderer.uasset" 3478
"/Niagara/ParameterDefinitions/CoreParameters" 3479
"../../Plugins/FX/Niagara/Content/ParameterDefinitions/CoreParameters.uasset" 3480
"/DeformerGraph/Deformers/DG_LinearBlendSkin_Morph_Cloth" 3481
"../../Plugins/Animation/DeformerGraph/Content/Deformers/DG_LinearBlendSkin_Morph_Cloth.uasset" 3482
"../../Plugins/Animation/DeformerGraph/Content/DeformerFunctions/DG_Function_LinearBlendSkin_Morph_Cloth.uasset" 3483
"/DeformerGraph/Deformers/DG_LinearBlendSkin_Morph_Cloth_RecomputeNormals" 3484
"../../Plugins/Animation/DeformerGraph/Content/Deformers/DG_LinearBlendSkin_Morph_Cloth_RecomputeNormals.uasset" 3485
"../../Plugins/Animation/DeformerGraph/Content/DeformerFunctions/DG_Function_ComputeNormalsTangents.uasset" 3486
"../../Plugins/Animation/DeformerGraph/Content/DeformerFunctions/DG_Function_LinearBlendSkin_Morph_Cloth_PositionOnly.uasset" 3487
"/Engine/EditorResources/SequenceRecorder/Countdown" 3488
"../../../Engine/Content/EditorResources/SequenceRecorder/Countdown.uasset" 3489
"/Engine/EditorResources/SequenceRecorder/RecordingIndicator" 3490
"../../../Engine/Content/EditorResources/SequenceRecorder/RecordingIndicator.uasset" 3491
"/Engine/EditorMaterials/PhAT_UnselectedMaterial" 3492
"../../../Engine/Content/EditorMaterials/PhAT_UnselectedMaterial.uasset" 3493
"/Engine/EditorMaterials/PhAT_NoCollisionMaterial" 3494
"../../../Engine/Content/EditorMaterials/PhAT_NoCollisionMaterial.uasset" 3495
"/Engine/EngineFonts/DroidSansMono" 3496
"../../../Engine/Content/EngineFonts/DroidSansMono.uasset" 3497
"../../../Engine/Content/EngineFonts/Faces/DroidSansMono.uasset" 3498
"/Engine/BasicShapes/Sphere" 3499
"../../../Engine/Content/BasicShapes/Sphere.uasset" 3500
"../../../Engine/Content/EngineMaterials/DefaultMaterial.uasset" 3501
"/Engine/BasicShapes/Cylinder" 3502
"../../../Engine/Content/BasicShapes/Cylinder.uasset" 3503
"/Engine/BasicShapes/Cone" 3504
"../../../Engine/Content/BasicShapes/Cone.uasset" 3505
"/Engine/BasicShapes/Plane" 3506
"../../../Engine/Content/BasicShapes/Plane.uasset" 3507
"../../../Engine/Documentation/Source/Shared/Types/ABrush/ABrush.INT.udn" 3508
"../../../Engine/Content/Internationalization/icudt64l/brkitr/root.res" 3509
"../../../Engine/Content/Internationalization/icudt64l/brkitr/char.brk" 3510
"../../../Engine/Content/Internationalization/icudt64l/brkitr/word.brk" 3511
"/Engine/EditorResources/S_Terrain" 3512
"../../../Engine/Content/EditorResources/S_Terrain.uasset" 3513
"../../../Engine/Plugins/FX/Niagara/Shaders/Private/NiagaraDataInterfaceTexture2DArrayTemplate.ush" 3514
"../../../Engine/Plugins/FX/Niagara/Shaders/Private/NiagaraDataInterfaceActorComponentTemplate.ush" 3515
"../../../Engine/Plugins/FX/Niagara/Shaders/Private/NiagaraDataInterfaceArrayTemplate.ush" 3516
"../../../Engine/Plugins/FX/Niagara/Shaders/Private/NiagaraDataInterfaceArrayRWTemplate.ush" 3517
"../../../Engine/Plugins/FX/Niagara/Shaders/Private/NiagaraDataInterfaceAsyncGpuTrace.ush" 3518
"../../../Engine/Plugins/FX/Niagara/Shaders/Private/NiagaraDataInterfaceAsyncGpuTraceTemplate.ush" 3519
"../../../Engine/Plugins/FX/Niagara/Shaders/Private/NiagaraDataInterfaceCamera.ush" 3520
"../../../Engine/Plugins/Experimental/ChaosNiagara/Shaders/NiagaraDataInterfaceChaosDestruction.ush" 3521
"../../../Engine/Plugins/FX/Niagara/Shaders/Private/NiagaraDataInterfaceCollisionQuery.ush" 3522
"D:/Pliki program?w (x86)/hooy/ProjectMegaSample/ProjectMegaSample/Intermediate/ShaderAutogen/PCD3D_SM5/AutogenShaderHeaders.ush" 3523
"../../../Engine/Plugins/FX/Niagara/Shaders/Private/NiagaraDataInterfaceCollisionQueryTemplate.ush" 3524
"../../../Engine/Plugins/FX/Niagara/Shaders/Private/NiagaraDataInterfaceCurveTemplate.ush" 3525
"../../../Engine/Plugins/FX/Niagara/Shaders/Private/NiagaraDataInterfaceCubeTextureTemplate.ush" 3526
"../../../Engine/Plugins/FX/Niagara/Shaders/Private/DataChannel/NiagaraDataInterfaceDataChannelCommon.ush" 3527
"../../../Engine/Plugins/FX/Niagara/Shaders/Private/DataChannel/NiagaraDataInterfaceDataChannelTemplateCommon.ush" 3528
"../../../Engine/Plugins/FX/Niagara/Shaders/Private/DataChannel/NiagaraDataInterfaceDataChannelTemplateReadCommon.ush" 3529
"../../../Engine/Plugins/FX/Niagara/Shaders/Private/DataChannel/NiagaraDataInterfaceDataChannelTemplate_Read.ush" 3530
"../../../Engine/Plugins/FX/Niagara/Shaders/Private/DataChannel/NiagaraDataInterfaceDataChannelTemplate_Consume.ush" 3531
"../../../Engine/Plugins/FX/Niagara/Shaders/Private/DataChannel/NiagaraDataInterfaceDataChannelTemplateWriteCommon.ush" 3532
"../../../Engine/Plugins/FX/Niagara/Shaders/Private/DataChannel/NiagaraDataInterfaceDataChannelTemplate_Append.ush" 3533
"../../../Engine/Plugins/FX/Niagara/Shaders/Private/NiagaraDataInterfaceDataTableTemplate.ush" 3534
"../../../Engine/Plugins/FX/Niagara/Shaders/Private/NiagaraDataInterfaceDebugDraw.ush" 3535
"../../../Engine/Plugins/FX/Niagara/Shaders/Private/NiagaraDataInterfaceDebugDrawTemplate.ush" 3536
"../../../Engine/Plugins/FX/Niagara/Shaders/Private/NiagaraDataInterfaceDynamicMeshTemplate.ush" 3537
"../../../Engine/Plugins/FX/Niagara/Shaders/Private/NiagaraDataInterfaceEmitterPropertiesTemplate.ush" 3538
"../../../Engine/Plugins/FX/Niagara/Shaders/Private/NiagaraDataInterfaceExportTemplate.ush" 3539
"../../../Engine/Plugins/FX/Niagara/Shaders/Private/NiagaraDataInterfaceGBufferTemplate.ush" 3540
"../../../Engine/Plugins/Experimental/ChaosNiagara/Shaders/NiagaraDataInterfaceGeometryCollection.ush" 3541
"../../../Engine/Plugins/FX/Niagara/Shaders/Private/NiagaraTransformUtils.ush" 3542
"../../../Engine/Plugins/Runtime/HairStrands/Shaders/Private/NiagaraStrandsExternalForce.ush" 3543
"../../../Engine/Plugins/Runtime/HairStrands/Shaders/Private/NiagaraHookeSpringMaterial.ush" 3544
"../../../Engine/Plugins/Runtime/HairStrands/Shaders/Private/NiagaraAngularSpringMaterial.ush" 3545
"../../../Engine/Plugins/Runtime/HairStrands/Shaders/Private/NiagaraConstantVolumeMaterial.ush" 3546
"../../../Engine/Plugins/Runtime/HairStrands/Shaders/Private/NiagaraCosseratRodMaterial.ush" 3547
"../../../Engine/Plugins/Runtime/HairStrands/Shaders/Private/NiagaraStaticCollisionConstraint.ush" 3548
"../../../Engine/Plugins/Runtime/HairStrands/Shaders/Private/NiagaraDataInterfaceHairStrands.ush" 3549
"../../../Engine/Plugins/Runtime/HairStrands/Shaders/Private/NiagaraDataInterfaceHairStrandsTemplate.ush" 3550
"../../../Engine/Plugins/FX/Niagara/Shaders/Private/NiagaraDataInterfaceIntRenderTarget2D.ush" 3551
"../../../Engine/Plugins/FX/Niagara/Shaders/Private/NiagaraDataInterfaceLandscape.ush" 3552
"../../../Engine/Plugins/FX/Niagara/Shaders/Private/NiagaraDataInterfaceMemoryBufferTemplate.ush" 3553
"../../../Engine/Plugins/FX/Niagara/Shaders/Private/NiagaraDataInterfaceMeshRendererInfoTemplate.ush" 3554
"../../../Engine/Plugins/FX/Niagara/Shaders/Private/NiagaraDataInterfaceOcclusion.ush" 3555
"../../../Engine/Plugins/FX/Niagara/Shaders/Private/NiagaraDataInterfacePhysicsAsset.ush" 3556
"../../../Engine/Plugins/Experimental/ChaosNiagara/Shaders/NiagaraDataInterfacePhysicsField.ush" 3557
"../../../Engine/Plugins/FX/Niagara/Shaders/Private/NiagaraDataInterfacePlatformSetTemplate.ush" 3558
"../../../Engine/Plugins/Runtime/HairStrands/Shaders/Private/NiagaraDataInterfaceVelocityGrid.ush" 3559
"../../../Engine/Plugins/Runtime/HairStrands/Shaders/Private/NiagaraDataInterfaceVelocityGridTemplate.ush" 3560
"../../../Engine/Plugins/Runtime/HairStrands/Shaders/Private/NiagaraDataInterfacePressureGrid.ush" 3561
"../../../Engine/Plugins/Runtime/HairStrands/Shaders/Private/NiagaraDataInterfacePressureGridTemplate.ush" 3562
"../../../Engine/Plugins/FX/Niagara/Shaders/Private/NiagaraDataInterfaceRenderTarget2DTemplate.ush" 3563
"../../../Engine/Plugins/FX/Niagara/Shaders/Private/NiagaraDataInterfaceRenderTarget2DArrayTemplate.ush" 3564
"../../../Engine/Plugins/FX/Niagara/Shaders/Private/NiagaraDataInterfaceRenderTargetCubeTemplate.ush" 3565
"../../../Engine/Plugins/FX/Niagara/Shaders/Private/NiagaraDataInterfaceRenderTargetVolumeTemplate.ush" 3566
"../../../Engine/Plugins/FX/Niagara/Shaders/Private/NiagaraDataInterfaceRigidMeshCollisionQuery.ush" 3567
"../../../Engine/Plugins/FX/Niagara/Shaders/Private/NiagaraDistanceFieldQueries.ush" 3568
"../../../Engine/Plugins/FX/Niagara/Shaders/Private/NiagaraDataInterfaceSceneCapture2DTemplate.ush" 3569
"../../../Engine/Plugins/FX/Niagara/Shaders/Private/NiagaraDataInterfaceSimCacheReaderTemplate.ush" 3570
"../../../Engine/Plugins/FX/Niagara/Shaders/Private/NiagaraDataInterfaceSimpleCounterTemplate.ush" 3571
"../../../Engine/Plugins/FX/Niagara/Shaders/Private/NiagaraDataInterfaceSkeletalMesh.ush" 3572
"../../../Engine/Plugins/FX/Niagara/Shaders/Private/NiagaraBaryCentricUtils.ush" 3573
"../../../Engine/Plugins/FX/Niagara/Shaders/Private/NiagaraDataInterfaceSkeletalMeshTemplate.ush" 3574
"../../../Engine/Plugins/FX/Niagara/Shaders/Private/NiagaraDataInterfaceSocketReaderTemplate.ush" 3575
"../../../Engine/Plugins/FX/Niagara/Shaders/Private/NiagaraDataInterfaceSparseVolumeTextureTemplate.ush" 3576
"../../../Engine/Plugins/FX/Niagara/Shaders/Private/NiagaraDataInterfaceSplineTemplate.ush" 3577
"../../../Engine/Plugins/FX/Niagara/Shaders/Private/NiagaraDataInterfaceSpriteRendererInfoTemplate.ush" 3578
"../../../Engine/Plugins/FX/Niagara/Shaders/Private/NiagaraDataInterfaceStaticMeshTemplate.ush" 3579
"../../../Engine/Plugins/FX/Niagara/Shaders/Private/NiagaraDataInterfaceTextureTemplate.ush" 3580
"../../../Engine/Plugins/FX/Niagara/Shaders/Private/NiagaraDataInterfaceVirtualTexture.ush" 3581
"../../../Engine/Plugins/FX/Niagara/Shaders/Private/NiagaraDataInterfaceVirtualTextureTemplate.ush" 3582
"../../../Engine/Plugins/FX/Niagara/Shaders/Private/NiagaraDataInterfaceVolumeCache.ush" 3583
"../../../Engine/Plugins/FX/Niagara/Shaders/Private/NiagaraDataInterfaceVolumeTextureTemplate.ush" 3584
"../../../../hooy/ProjectMegaSample/ProjectMegaSample/Intermediate/ShaderAutogen/PCD3D_SM5/AutogenShaderHeaders.ush" 3585
"D:/Pliki program?w (x86)/hooy/ProjectMegaSample/ProjectMegaSample/Content/Sound/jetengine_1.uasset" 3586
"D:/Pliki program?w (x86)/hooy/ProjectMegaSample/ProjectMegaSample/Content/Cinematics/LS_Ship.uasset" 3587
"D:/Pliki program?w (x86)/hooy/ProjectMegaSample/ProjectMegaSample/Content/SoulCity/Environment/Meshes/Building_Slum/SM_Slums_Pipe_05d.uasset" 3588
"D:/Pliki program?w (x86)/hooy/ProjectMegaSample/ProjectMegaSample/Content/Blueprints/BP_HackableObject_Crenar.uasset" 3589
"D:/Pliki program?w (x86)/hooy/ProjectMegaSample/ProjectMegaSample/Content/_WeaponsPacks/MilitaryWeapDark/Sound/RocketLauncher/wavs/RocketLauncher_Explosion04.uasset" 3590
"D:/Pliki program?w (x86)/hooy/ProjectMegaSample/ProjectMegaSample/Content/Sound/Dubbing/carlos_hack1v1.uasset" 3591
"D:/Pliki program?w (x86)/hooy/ProjectMegaSample/ProjectMegaSample/Content/Sound/Dubbing/carlos_hack2v1.uasset" 3592
"D:/Pliki program?w (x86)/hooy/ProjectMegaSample/ProjectMegaSample/Content/_WeaponsPacks/MilitaryWeapSilver/Sound/RocketLauncher/Wavs/RocketLauncher_Explosion04.uasset" 3593
"D:/Pliki program?w (x86)/hooy/ProjectMegaSample/ProjectMegaSample/Content/SoulCity/Environment/Meshes/Building_Slum/SM_Slums_Pipe_05e_LOD02.uasset" 3594
"D:/Pliki program?w (x86)/hooy/ProjectMegaSample/ProjectMegaSample/Content/_GENERATED/Mateusz/CubeGridToolOutput_03BDFD20.uasset" 3595
"D:/Pliki program?w (x86)/hooy/ProjectMegaSample/ProjectMegaSample/Content/Sound/Dubbing/gruby_hack2v1.uasset" 3596
"D:/Pliki program?w (x86)/hooy/ProjectMegaSample/ProjectMegaSample/Content/Sound/SA_Ship.uasset" 3597
"D:/Pliki program?w (x86)/hooy/ProjectMegaSample/ProjectMegaSample/Content/Fab/Old_Metal_Lock/old_metal_lock/Textures/old_metal_lock_texture_2.uasset" 3598
"D:/Pliki program?w (x86)/hooy/ProjectMegaSample/ProjectMegaSample/Content/Sound/Dubbing/iksu_wokal_DUPECZKA_modified_v0_1.uasset" 3599
"D:/Pliki program?w (x86)/hooy/ProjectMegaSample/ProjectMegaSample/Content/Sound/Dubbing/iksu_hack2v1.uasset" 3600
"D:/Pliki program?w (x86)/hooy/ProjectMegaSample/ProjectMegaSample/Content/Fab/Old_Metal_Lock/old_metal_lock/Textures/old_metal_lock_texture_0.uasset" 3601
"D:/Pliki program?w (x86)/hooy/ProjectMegaSample/ProjectMegaSample/Content/Fab/Old_Metal_Lock/old_metal_lock/Materials/Metal_Lock_Material.uasset" 3602
"D:/Pliki program?w (x86)/hooy/ProjectMegaSample/ProjectMegaSample/Content/_GENERATED/Mateusz/CubeGridToolOutput_709EF94C.uasset" 3603
"D:/Pliki program?w (x86)/hooy/ProjectMegaSample/ProjectMegaSample/Content/Fab/Old_Metal_Lock/old_metal_lock/Textures/old_metal_lock_texture_1.uasset" 3604
"D:/Pliki program?w (x86)/hooy/ProjectMegaSample/ProjectMegaSample/Content/_WeaponsPacks/MilitaryWeapDark/FX/Materials/M_Debris_Tileable_01.uasset" 3605
"D:/Pliki program?w (x86)/hooy/ProjectMegaSample/ProjectMegaSample/Content/Sound/Dubbing/kono_hack2v1.uasset" 3606
"D:/Pliki program?w (x86)/hooy/ProjectMegaSample/ProjectMegaSample/Content/_WeaponsPacks/MilitaryWeapDark/FX/Textures/T_RockSmall_01.uasset" 3607
"D:/Pliki program?w (x86)/hooy/ProjectMegaSample/ProjectMegaSample/Content/Fab/Old_Metal_Lock/old_metal_lock/StaticMeshes/old_metal_lock.uasset" 3608
"/Game/Sound/jetengine_1" 3609
"D:/Pliki program?w (x86)/hooy/ProjectMegaSample/ProjectMegaSample/Content/_WeaponsPacks/MilitaryWeapDark/FX/Materials/M_Smoke_8x8_B_01_Inst.uasset" 3610
"D:/Pliki program?w (x86)/hooy/ProjectMegaSample/ProjectMegaSample/Content/_WeaponsPacks/MilitaryWeapDark/FX/Textures/T_Debris_Tileable_01.uasset" 3611
"D:/Pliki program?w (x86)/hooy/ProjectMegaSample/ProjectMegaSample/Content/_WeaponsPacks/MilitaryWeapDark/FX/Materials/M_Shockwave_Refraction_01.uasset" 3612
"D:/Pliki program?w (x86)/hooy/ProjectMegaSample/ProjectMegaSample/Content/_WeaponsPacks/MilitaryWeapDark/FX/Materials/M_RockSmall_01.uasset" 3613
"D:/Pliki program?w (x86)/hooy/ProjectMegaSample/ProjectMegaSample/Content/_WeaponsPacks/MilitaryWeapDark/FX/Textures/T_Explosion_8x8_Density_01.uasset" 3614
"D:/Pliki program?w (x86)/hooy/ProjectMegaSample/ProjectMegaSample/Content/_WeaponsPacks/MilitaryWeapDark/FX/Textures/T_Explosion_Macro_01.uasset" 3615
"D:/Pliki program?w (x86)/hooy/ProjectMegaSample/ProjectMegaSample/Content/_WeaponsPacks/MilitaryWeapDark/FX/Textures/T_Explosion_8x8_Temperature_01.uasset" 3616
"D:/Pliki program?w (x86)/hooy/ProjectMegaSample/ProjectMegaSample/Content/_WeaponsPacks/MilitaryWeapDark/FX/Textures/T_Shockwave_NormalMap_01.uasset" 3617
"D:/Pliki program?w (x86)/hooy/ProjectMegaSample/ProjectMegaSample/Content/_WeaponsPacks/MilitaryWeapDark/FX/Textures/T_Explosion_8x8_Erode_01.uasset" 3618
"/Game/_WeaponsPacks/MilitaryWeapDark/Sound/RocketLauncher/wavs/RocketLauncher_Explosion04" 3619
"/Game/Blueprints/BP_HackableObject_Crenar" 3620
"../../../../hooy/ProjectMegaSample/ProjectMegaSample/Content/Blueprints/BP_ContenerDestructable.uasset" 3621
"../../../../hooy/ProjectMegaSample/ProjectMegaSample/Content/Blueprints/BP_HackableObject_Base.uasset" 3622
"../../../../hooy/ProjectMegaSample/ProjectMegaSample/Content/Blueprints/Interfaces/BPI_HackEffect.uasset" 3623
"../../../../hooy/ProjectMegaSample/ProjectMegaSample/Content/Blueprints/Interfaces/BPI_ObjectReference.uasset" 3624
"../../../../hooy/ProjectMegaSample/ProjectMegaSample/Content/_SplineVFX/Demo/Geometry/Meshes/1M_Cube.uasset" 3625
"../../../../hooy/ProjectMegaSample/ProjectMegaSample/Content/UI/W_InteractionPrompt.uasset" 3626
"../../../Engine/Content/EditorBlueprintResources/StandardMacros.uasset" 3627
"../../../../hooy/ProjectMegaSample/ProjectMegaSample/Content/Blueprints/DamageSystem/BPI_Damagable.uasset" 3628
"../../../../hooy/ProjectMegaSample/ProjectMegaSample/Content/Blueprints/Interfaces/BPI_ExplosionReactor.uasset" 3629
"../../../../hooy/ProjectMegaSample/ProjectMegaSample/Content/_WeaponsPacks/MilitaryWeapDark/FX/P_Grenade_Explosion_01.uasset" 3630
"../../../../hooy/ProjectMegaSample/ProjectMegaSample/Content/Blueprints/DamageSystem/E_DamagerResponse.uasset" 3631
"../../../../hooy/ProjectMegaSample/ProjectMegaSample/Content/Blueprints/DamageSystem/E_DamageType.uasset" 3632
"../../../../hooy/ProjectMegaSample/ProjectMegaSample/Content/Blueprints/DamageSystem/S_DamageInfo.uasset" 3633
"../../../../hooy/ProjectMegaSample/ProjectMegaSample/Content/Blueprints/Enemy/BP_Enemy_Ranged.uasset" 3634
"../../../../hooy/ProjectMegaSample/ProjectMegaSample/Content/Blueprints/Interfaces/BPI_Hackable.uasset" 3635
"../../../../hooy/ProjectMegaSample/ProjectMegaSample/Content/Blueprints/MainCharacter/BP_MainCharacter.uasset" 3636
"../../../../hooy/ProjectMegaSample/ProjectMegaSample/Content/StaminaSystem/BPC_StaminaSystem.uasset" 3637
"../../../../hooy/ProjectMegaSample/ProjectMegaSample/Content/Fab/Retrofuturistic_Computer/retrofuturistic_computer/StaticMeshes/retrofuturistic_computer.uasset" 3638
"../../../../hooy/ProjectMegaSample/ProjectMegaSample/Content/Sound/Bluezone_BC0295_sci_fi_weapon_texture_007.uasset" 3639
"../../../../hooy/ProjectMegaSample/ProjectMegaSample/Content/Sound/UIData_Technology_Scanner_05_DDUMAIS_MCSFX.uasset" 3640
"../../../../hooy/ProjectMegaSample/ProjectMegaSample/Content/_SplineVFX/Demo/Geometry/Meshes/CubeMaterial.uasset" 3641
"../../../../hooy/ProjectMegaSample/ProjectMegaSample/Content/_WeaponsPacks/MilitaryWeapDark/FX/Materials/M_Debris_Tileable_01.uasset" 3642
"../../../../hooy/ProjectMegaSample/ProjectMegaSample/Content/_WeaponsPacks/MilitaryWeapDark/FX/Materials/M_Ember_Speed_01.uasset" 3643
"../../../../hooy/ProjectMegaSample/ProjectMegaSample/Content/_WeaponsPacks/MilitaryWeapDark/FX/Materials/M_GlowSphere_01.uasset" 3644
"../../../../hooy/ProjectMegaSample/ProjectMegaSample/Content/_WeaponsPacks/MilitaryWeapDark/FX/Materials/M_LightRay_01.uasset" 3645
"../../../../hooy/ProjectMegaSample/ProjectMegaSample/Content/_WeaponsPacks/MilitaryWeapDark/FX/Materials/M_RockSmall_01.uasset" 3646
"../../../../hooy/ProjectMegaSample/ProjectMegaSample/Content/_WeaponsPacks/MilitaryWeapDark/FX/Materials/M_Shockwave_Refraction_01.uasset" 3647
"../../../../hooy/ProjectMegaSample/ProjectMegaSample/Content/_WeaponsPacks/MilitaryWeapDark/FX/Materials/M_SmokeRibbon_01.uasset" 3648
"../../../../hooy/ProjectMegaSample/ProjectMegaSample/Content/_WeaponsPacks/MilitaryWeapDark/FX/Materials/M_RocketExplosion_8x8_A_01_Inst.uasset" 3649
"../../../../hooy/ProjectMegaSample/ProjectMegaSample/Content/_WeaponsPacks/MilitaryWeapDark/FX/Materials/M_Smoke_8x8_B_01_Inst.uasset" 3650
"../../../../hooy/ProjectMegaSample/ProjectMegaSample/Content/_WeaponsPacks/MilitaryWeapDark/FX/Meshes/St_Sphere_01.uasset" 3651
"../../../../hooy/ProjectMegaSample/ProjectMegaSample/Content/_AnimationLibrary/ALS/ALS_CLF_GetUp_Back_Montage_2H.uasset" 3652
"../../../../hooy/ProjectMegaSample/ProjectMegaSample/Content/_AnimationLibrary/Lyra/AM_MM_Pistol_Fire.uasset" 3653
"../../../../hooy/ProjectMegaSample/ProjectMegaSample/Content/Blueprints/Enemy/BP_Enemy_Base.uasset" 3654
"../../../../hooy/ProjectMegaSample/ProjectMegaSample/Content/AI/BehaviorTrees/BT_Enemy_Ranged.uasset" 3655
"../../../../hooy/ProjectMegaSample/ProjectMegaSample/Content/AI/AIC_Enemy_Base.uasset" 3656
"../../../../hooy/ProjectMegaSample/ProjectMegaSample/Content/AI/BPI_EnemyAI.uasset" 3657
"../../../../hooy/ProjectMegaSample/ProjectMegaSample/Content/Blueprints/DamageSystem/BPC_DamageSystem.uasset" 3658
"../../../../hooy/ProjectMegaSample/ProjectMegaSample/Content/Blueprints/Weapons/BP_Bullet_Trace.uasset" 3659
"../../../../hooy/ProjectMegaSample/ProjectMegaSample/Content/Blueprints/Weapons/BP_Weapon_Base.uasset" 3660
"../../../../hooy/ProjectMegaSample/ProjectMegaSample/Content/Characters/Mannequins/Materials/Instances/Manny/MI_Manny_01.uasset" 3661
"../../../../hooy/ProjectMegaSample/ProjectMegaSample/Content/Characters/Mannequins/Materials/Instances/Manny/MI_Manny_02.uasset" 3662
"../../../../hooy/ProjectMegaSample/ProjectMegaSample/Content/_WeaponsPacks/MilitaryWeapDark/Weapons/Pistols_B.uasset" 3663
"../../../../hooy/ProjectMegaSample/ProjectMegaSample/Content/AI/Enums/E_AIState.uasset" 3664
"../../../../hooy/ProjectMegaSample/ProjectMegaSample/Content/AI/Enums/E_MovementSpeed.uasset" 3665
"../../../../hooy/ProjectMegaSample/ProjectMegaSample/Content/Blueprints/AnimationBlueprints/ABP_MainCharacter_Pistol.uasset" 3666
"../../../../hooy/ProjectMegaSample/ProjectMegaSample/Content/Blueprints/AnimationBlueprints/ABP_MainCharacter_Unarmed.uasset" 3667
"../../../../hooy/ProjectMegaSample/ProjectMegaSample/Content/_AnimationLibrary/GASP/Anim_GettingUp_Montage.uasset" 3668
"../../../../hooy/ProjectMegaSample/ProjectMegaSample/Content/_AnimationLibrary/GASP/Anim_Vault_Montage.uasset" 3669
"../../../../hooy/ProjectMegaSample/ProjectMegaSample/Content/_AnimationLibrary/Lyra/MM_Pistol_Melee_Additive_Montage.uasset" 3670
"../../../../hooy/ProjectMegaSample/ProjectMegaSample/Content/_AnimationLibrary/Mixamo/Magic_Heal_Montage.uasset" 3671
"../../../../hooy/ProjectMegaSample/ProjectMegaSample/Content/Blueprints/Barrel/BP_ExplosiveBarrel.uasset" 3672
"../../../../hooy/ProjectMegaSample/ProjectMegaSample/Content/Blueprints/Barrel/BP_ExplosiveBarrel_Projectile.uasset" 3673
"../../../../hooy/ProjectMegaSample/ProjectMegaSample/Content/Blueprints/BP_GrapplingPoint.uasset" 3674
"../../../../hooy/ProjectMegaSample/ProjectMegaSample/Content/Blueprints/Camera/BP_CameraShake.uasset" 3675
"../../../../hooy/ProjectMegaSample/ProjectMegaSample/Content/Blueprints/Enemy/DetectionSystem/BPI_Detection.uasset" 3676
"../../../../hooy/ProjectMegaSample/ProjectMegaSample/Content/Blueprints/Interfaces/BPI_PlayerVector.uasset" 3677
"../../../../hooy/ProjectMegaSample/ProjectMegaSample/Content/Blueprints/Interfaces/I_Interact.uasset" 3678
"../../../../hooy/ProjectMegaSample/ProjectMegaSample/Content/Blueprints/Interfaces/I_MainCharacter_Interface.uasset" 3679
"../../../../hooy/ProjectMegaSample/ProjectMegaSample/Content/WeaponSystem/Pickups/BP_WeaponPickup.uasset" 3680
"../../../../hooy/ProjectMegaSample/ProjectMegaSample/Content/WeaponSystem/Weapons/BP_BigPistol.uasset" 3681
"../../../../hooy/ProjectMegaSample/ProjectMegaSample/Content/WeaponSystem/Weapons/BP_Pistol.uasset" 3682
"../../../../hooy/ProjectMegaSample/ProjectMegaSample/Content/WeaponSystem/Weapons/BP_SilencedPistol.uasset" 3683
"../../../../hooy/ProjectMegaSample/ProjectMegaSample/Content/WeaponSystem/Weapons/BP_WeaponMaster.uasset" 3684
"../../../../hooy/ProjectMegaSample/ProjectMegaSample/Content/Blueprints/C_DistanceDamageCurve.uasset" 3685
"../../../../hooy/ProjectMegaSample/ProjectMegaSample/Content/Blueprints/C_FallDamageCurve.uasset" 3686
"../../../../hooy/ProjectMegaSample/ProjectMegaSample/Content/Input/IA_Aim.uasset" 3687
"../../../../hooy/ProjectMegaSample/ProjectMegaSample/Content/Input/IA_Crouch.uasset" 3688
"../../../../hooy/ProjectMegaSample/ProjectMegaSample/Content/Input/IA_Dash.uasset" 3689
"../../../../hooy/ProjectMegaSample/ProjectMegaSample/Content/Input/IA_Fire.uasset" 3690
"../../../../hooy/ProjectMegaSample/ProjectMegaSample/Content/Input/IA_Hack.uasset" 3691
"../../../../hooy/ProjectMegaSample/ProjectMegaSample/Content/Input/IA_Interact.uasset" 3692
"../../../../hooy/ProjectMegaSample/ProjectMegaSample/Content/Input/IA_Jump.uasset" 3693
"../../../../hooy/ProjectMegaSample/ProjectMegaSample/Content/Input/IA_Look.uasset" 3694
"../../../../hooy/ProjectMegaSample/ProjectMegaSample/Content/Input/IA_Melee.uasset" 3695
"../../../../hooy/ProjectMegaSample/ProjectMegaSample/Content/Input/IA_Move.uasset" 3696
"../../../../hooy/ProjectMegaSample/ProjectMegaSample/Content/Input/IA_PauseGame.uasset" 3697
"../../../../hooy/ProjectMegaSample/ProjectMegaSample/Content/Input/IA_Reload.uasset" 3698
"../../../../hooy/ProjectMegaSample/ProjectMegaSample/Content/Input/IA_Sprint.uasset" 3699
"../../../../hooy/ProjectMegaSample/ProjectMegaSample/Content/Input/IMC_Main.uasset" 3700
"../../../../hooy/ProjectMegaSample/ProjectMegaSample/Content/_WeaponsPacks/MilitaryWeapDark/Weapons/Materials/M_AssaultRifle_01.uasset" 3701
"../../../../hooy/ProjectMegaSample/ProjectMegaSample/Content/VFXy_Klaudii/NS_BarrelExplosion_Projectile.uasset" 3702
"../../../../hooy/ProjectMegaSample/ProjectMegaSample/Content/VFXy_Klaudii/NS_MuzzleFlash.uasset" 3703
"../../../../hooy/ProjectMegaSample/ProjectMegaSample/Content/_WeaponsPacks/MilitaryWeapDark/FX/P_AssaultRifle_MuzzleFlash.uasset" 3704
"../../../../hooy/ProjectMegaSample/ProjectMegaSample/Content/_WeaponsPacks/MilitaryWeapDark/Sound/Attenuation/WeaponHandling_att.uasset" 3705
"../../../../hooy/ProjectMegaSample/ProjectMegaSample/Content/_WeaponsPacks/MilitaryWeapDark/Sound/GrenadeLauncher/Wavs/GrenadeLauncher_Explosion01.uasset" 3706
"../../../../hooy/ProjectMegaSample/ProjectMegaSample/Content/Audio/Kerenzikov_enter.uasset" 3707
"../../../../hooy/ProjectMegaSample/ProjectMegaSample/Content/Audio/Kerenzikov_exit.uasset" 3708
"../../../../hooy/ProjectMegaSample/ProjectMegaSample/Content/Audio/Weapons/pistol_empty.uasset" 3709
"../../../../hooy/ProjectMegaSample/ProjectMegaSample/Content/Characters/Mannequins/Meshes/SKM_Manny.uasset" 3710
"../../../../hooy/ProjectMegaSample/ProjectMegaSample/Content/Fab/Tactical_Knife/tactical_knife/StaticMeshes/tactical_knife.uasset" 3711
"../../../../hooy/ProjectMegaSample/ProjectMegaSample/Content/Sound/doublejump_sfx_v2.uasset" 3712
"../../../../hooy/ProjectMegaSample/ProjectMegaSample/Content/Sound/Dubbing/death_npc/death_npc1.uasset" 3713
"../../../../hooy/ProjectMegaSample/ProjectMegaSample/Content/Sound/Dubbing/death_npc/death_npc2.uasset" 3714
"../../../../hooy/ProjectMegaSample/ProjectMegaSample/Content/Sound/Dubbing/death_npc/death_npc3.uasset" 3715
"../../../../hooy/ProjectMegaSample/ProjectMegaSample/Content/Sound/Dubbing/death_npc/death_npc5.uasset" 3716
"../../../../hooy/ProjectMegaSample/ProjectMegaSample/Content/Sound/Dubbing/death_npc/death_npc6.uasset" 3717
"../../../../hooy/ProjectMegaSample/ProjectMegaSample/Content/Sound/Dubbing/death_npc/death_npc7.uasset" 3718
"../../../../hooy/ProjectMegaSample/ProjectMegaSample/Content/Sound/Dubbing/death_npc/death_npc8.uasset" 3719
"../../../../hooy/ProjectMegaSample/ProjectMegaSample/Content/Sound/Dubbing/dmg_player/dmg_player1.uasset" 3720
"../../../../hooy/ProjectMegaSample/ProjectMegaSample/Content/Sound/Dubbing/dmg_player/dmg_player2.uasset" 3721
"../../../../hooy/ProjectMegaSample/ProjectMegaSample/Content/Sound/Dubbing/dmg_player/dmg_player3.uasset" 3722
"../../../../hooy/ProjectMegaSample/ProjectMegaSample/Content/Sound/Dubbing/dmg_player/dmg_player4.uasset" 3723
"../../../../hooy/ProjectMegaSample/ProjectMegaSample/Content/Sound/Dubbing/dmg_player/dmg_player5.uasset" 3724
"../../../../hooy/ProjectMegaSample/ProjectMegaSample/Content/Sound/Dubbing/dmg_player/dmg_player6.uasset" 3725
"../../../../hooy/ProjectMegaSample/ProjectMegaSample/Content/Sound/Dubbing/dmg_player/dmg_player7.uasset" 3726
"../../../../hooy/ProjectMegaSample/ProjectMegaSample/Content/Sound/Dubbing/dmg_player/dmg_player8.uasset" 3727
"../../../../hooy/ProjectMegaSample/ProjectMegaSample/Content/Sound/Dubbing/jump1.uasset" 3728
"../../../../hooy/ProjectMegaSample/ProjectMegaSample/Content/Sound/Dubbing/ledge_grab1.uasset" 3729
"../../../../hooy/ProjectMegaSample/ProjectMegaSample/Content/Sound/grapplingHook.uasset" 3730
"../../../../hooy/ProjectMegaSample/ProjectMegaSample/Content/Sound/metslBarrelShot2.uasset" 3731
"../../../../hooy/ProjectMegaSample/ProjectMegaSample/Content/StaminaSystem/F_MovementSpeed.uasset" 3732
"../../../../hooy/ProjectMegaSample/ProjectMegaSample/Content/StaminaSystem/WBP_HealthBar.uasset" 3733
"../../../../hooy/ProjectMegaSample/ProjectMegaSample/Content/StaminaSystem/WBP_HUD.uasset" 3734
"../../../../hooy/ProjectMegaSample/ProjectMegaSample/Content/UI/W_DynamicCrosshair.uasset" 3735
"../../../../hooy/ProjectMegaSample/ProjectMegaSample/Content/UI/W_PauseMenu.uasset" 3736
"../../../../hooy/ProjectMegaSample/ProjectMegaSample/Content/VFX/Realistic_Starter_VFX_Pack_Vol2/Particles/Hit/P_Concrete.uasset" 3737
"../../../../hooy/ProjectMegaSample/ProjectMegaSample/Content/WeaponSystem/WBP_AmmoAmount.uasset" 3738
"../../../../hooy/ProjectMegaSample/ProjectMegaSample/Content/WeaponSystem/Weapons/E_WeaponClass.uasset" 3739
"../../../../hooy/ProjectMegaSample/ProjectMegaSample/Content/WeaponSystem/Weapons/E_WeaponName.uasset" 3740
"../../../../hooy/ProjectMegaSample/ProjectMegaSample/Content/WeaponSystem/Weapons/E_WeaponType.uasset" 3741
"../../../../hooy/ProjectMegaSample/ProjectMegaSample/Content/Fab/Retrofuturistic_Computer/retrofuturistic_computer/Materials/Computer_midtech.uasset" 3742
"../../../../hooy/ProjectMegaSample/ProjectMegaSample/Content/_WeaponsPacks/MilitaryWeapDark/FX/Textures/T_Debris_Tileable_01.uasset" 3743
"../../../../hooy/ProjectMegaSample/ProjectMegaSample/Content/_WeaponsPacks/MilitaryWeapDark/FX/Textures/T_Pistol_Smoke_2x2_A.uasset" 3744
"../../../../hooy/ProjectMegaSample/ProjectMegaSample/Content/_WeaponsPacks/MilitaryWeapDark/FX/Textures/T_Ember_01.uasset" 3745
"../../../Engine/Content/Functions/Engine_MaterialFunctions02/Fresnel_Function.uasset" 3746
"../../../../hooy/ProjectMegaSample/ProjectMegaSample/Content/_WeaponsPacks/MilitaryWeapDark/FX/Textures/T_LightRay_01.uasset" 3747
"../../../../hooy/ProjectMegaSample/ProjectMegaSample/Content/_WeaponsPacks/MilitaryWeapDark/FX/Textures/T_RockSmall_01.uasset" 3748
"../../../../hooy/ProjectMegaSample/ProjectMegaSample/Content/_WeaponsPacks/MilitaryWeapDark/FX/Textures/T_Shockwave_NormalMap_01.uasset" 3749
"../../../../hooy/ProjectMegaSample/ProjectMegaSample/Content/_WeaponsPacks/MilitaryWeapDark/FX/Textures/T_SmokeRibbon_01.uasset" 3750
"../../../../hooy/ProjectMegaSample/ProjectMegaSample/Content/_WeaponsPacks/MilitaryWeapDark/FX/Materials/M_Explosion_8x8_A_01.uasset" 3751
"../../../../hooy/ProjectMegaSample/ProjectMegaSample/Content/_WeaponsPacks/MilitaryWeapDark/FX/Materials/M_Smoke_8x8_B_01.uasset" 3752
"../../../../hooy/ProjectMegaSample/ProjectMegaSample/Content/_AnimationLibrary/ALS/ALS_CLF_GetUp_Back.uasset" 3753
"../../../../hooy/ProjectMegaSample/ProjectMegaSample/Content/Characters/Mannequins/Meshes/SK_Mannequin.uasset" 3754
"../../../../hooy/ProjectMegaSample/ProjectMegaSample/Content/_AnimationLibrary/Lyra/MM_Pistol_Fire.uasset" 3755
"../../../../hooy/ProjectMegaSample/ProjectMegaSample/Content/_AnimationLibrary/Lyra/MM_Pistol_Idle_Hipfire.uasset" 3756
"../../../../hooy/ProjectMegaSample/ProjectMegaSample/Content/Audio/Weapons/pistol_colt.uasset" 3757
"../../../../hooy/ProjectMegaSample/ProjectMegaSample/Content/Blueprints/AnimationBlueprints/ABP_Enemy_Armed_Pistol.uasset" 3758
"../../../../hooy/ProjectMegaSample/ProjectMegaSample/Content/_AnimationLibrary/Lyra/AM_MM_Pistol_Equip.uasset" 3759
"../../../../hooy/ProjectMegaSample/ProjectMegaSample/Content/_AnimationLibrary/Lyra/MM_Pistol_Fire_Montage.uasset" 3760
"../../../../hooy/ProjectMegaSample/ProjectMegaSample/Content/AI/BehaviorTrees/BT_Enemy_Base.uasset" 3761
"../../../../hooy/ProjectMegaSample/ProjectMegaSample/Content/AI/BP_PatrolRoute.uasset" 3762
"../../../../hooy/ProjectMegaSample/ProjectMegaSample/Content/Blueprints/BP_Sniper.uasset" 3763
"../../../../hooy/ProjectMegaSample/ProjectMegaSample/Content/Blueprints/Interfaces/BPI_AIControllerReference.uasset" 3764
"../../../../hooy/ProjectMegaSample/ProjectMegaSample/Content/UI/BP_DamageIND.uasset" 3765
"../../../../hooy/ProjectMegaSample/ProjectMegaSample/Content/SoulCity/Environment/Materials/Building/MI_Signs_Emissive_Yellow.uasset" 3766
"../../../../hooy/ProjectMegaSample/ProjectMegaSample/Content/Blueprints/DamageSystem/W_HealthBar.uasset" 3767
"../../../../hooy/ProjectMegaSample/ProjectMegaSample/Content/Blueprints/Enemy/DetectionSystem/W_DetectionBar.uasset" 3768
"../../../../hooy/ProjectMegaSample/ProjectMegaSample/Content/Sound/Dubbing/death_npc/death_npc4.uasset" 3769
"../../../../hooy/ProjectMegaSample/ProjectMegaSample/Content/UI/W_InteractionPrompt_GrabBody.uasset" 3770
"../../../../hooy/ProjectMegaSample/ProjectMegaSample/Content/VFX/Realistic_Starter_VFX_Pack_Vol2/Particles/Blood/P_Blood_Splat_Cone.uasset" 3771
"../../../../hooy/ProjectMegaSample/ProjectMegaSample/Content/AI/BehaviorTrees/SubTrees/BT_SubTree_Investigating.uasset" 3772
"../../../../hooy/ProjectMegaSample/ProjectMegaSample/Content/AI/BehaviorTrees/SubTrees/BT_SubTree_Patrol.uasset" 3773
"../../../../hooy/ProjectMegaSample/ProjectMegaSample/Content/AI/BehaviorTrees/SubTrees/BT_SubTree_Seeking.uasset" 3774
"../../../../hooy/ProjectMegaSample/ProjectMegaSample/Content/AI/BehaviorTrees/BB_Enemy_Base.uasset" 3775
"../../../../hooy/ProjectMegaSample/ProjectMegaSample/Content/AI/BehaviorTrees/BTD_CanSeeTarget.uasset" 3776
"../../../../hooy/ProjectMegaSample/ProjectMegaSample/Content/AI/Decorators/BTD_IsHealthBelowThresold.uasset" 3777
"../../../../hooy/ProjectMegaSample/ProjectMegaSample/Content/AI/Decorators/BTD_IsWithinIdealRange.uasset" 3778
"../../../../hooy/ProjectMegaSample/ProjectMegaSample/Content/AI/Tasks/BTT_ClearFocus.uasset" 3779
"../../../../hooy/ProjectMegaSample/ProjectMegaSample/Content/AI/Tasks/BTT_DefaultAttack.uasset" 3780
"../../../../hooy/ProjectMegaSample/ProjectMegaSample/Content/AI/Tasks/BTT_FocusTarget.uasset" 3781
"../../../../hooy/ProjectMegaSample/ProjectMegaSample/Content/AI/Tasks/BTT_Heal.uasset" 3782
"../../../../hooy/ProjectMegaSample/ProjectMegaSample/Content/AI/Tasks/BTT_MoveToIdealRange.uasset" 3783
"../../../../hooy/ProjectMegaSample/ProjectMegaSample/Content/AI/Tasks/BTT_SetMovSpeed.uasset" 3784
"../../../../hooy/ProjectMegaSample/ProjectMegaSample/Content/AI/Tasks/BTT_SetStateAsPassive.uasset" 3785
"../../../../hooy/ProjectMegaSample/ProjectMegaSample/Content/AI/Tasks/BTT_WeaponEquip.uasset" 3786
"../../../../hooy/ProjectMegaSample/ProjectMegaSample/Content/AI/EQS/EQS_FindCover.uasset" 3787
"../../../../hooy/ProjectMegaSample/ProjectMegaSample/Content/AI/EQS/EQS_FindIdealRangedLocation.uasset" 3788
"../../../../hooy/ProjectMegaSample/ProjectMegaSample/Content/AI/EQS/EQS_Strafe.uasset" 3789
"../../../../hooy/ProjectMegaSample/ProjectMegaSample/Content/AI/BP_EnemyManager.uasset" 3790
"../../../../hooy/ProjectMegaSample/ProjectMegaSample/Content/Blueprints/C_DistanceDetectionCurve.uasset" 3791
"../../../../hooy/ProjectMegaSample/ProjectMegaSample/Content/AI/Enums/E_AISense.uasset" 3792
"../../../../hooy/ProjectMegaSample/ProjectMegaSample/Content/Sound/alert_v3.uasset" 3793
"../../../../hooy/ProjectMegaSample/ProjectMegaSample/Content/_WeaponsPacks/MilitaryWeapDark/FX/P_AssaultRifle_Tracer_01.uasset" 3794
"../../../../hooy/ProjectMegaSample/ProjectMegaSample/Content/Characters/Mannequins/Materials/M_Mannequin.uasset" 3795
"../../../../hooy/ProjectMegaSample/ProjectMegaSample/Content/Characters/Mannequins/Textures/Manny/T_Manny_01_ASAOPMASK_MSK.uasset" 3796
"../../../../hooy/ProjectMegaSample/ProjectMegaSample/Content/Characters/Mannequins/Textures/Manny/T_Manny_01_BN.uasset" 3797
"../../../../hooy/ProjectMegaSample/ProjectMegaSample/Content/Characters/Mannequins/Textures/Manny/T_Manny_01_CCRCCPlastic_MSK.uasset" 3798
"../../../../hooy/ProjectMegaSample/ProjectMegaSample/Content/Characters/Mannequins/Textures/Manny/T_Manny_01_D.uasset" 3799
"../../../../hooy/ProjectMegaSample/ProjectMegaSample/Content/Characters/Mannequins/Textures/Manny/T_Manny_01_MSR_MSK.uasset" 3800
"../../../../hooy/ProjectMegaSample/ProjectMegaSample/Content/Characters/Mannequins/Textures/Manny/T_Manny_01_N.uasset" 3801
"../../../../hooy/ProjectMegaSample/ProjectMegaSample/Content/Characters/Mannequins/Textures/Manny/T_Manny_01_Tan.uasset" 3802
"../../../../hooy/ProjectMegaSample/ProjectMegaSample/Content/Characters/Mannequins/Textures/Manny/T_Manny_02_ASAOPMASK_MSK.uasset" 3803
"../../../../hooy/ProjectMegaSample/ProjectMegaSample/Content/Characters/Mannequins/Textures/Manny/T_Manny_02_BN.uasset" 3804
"../../../../hooy/ProjectMegaSample/ProjectMegaSample/Content/Characters/Mannequins/Textures/Manny/T_Manny_02_CCRCCPlastic_MSK.uasset" 3805
"../../../../hooy/ProjectMegaSample/ProjectMegaSample/Content/Characters/Mannequins/Textures/Manny/T_Manny_02_D.uasset" 3806
"../../../../hooy/ProjectMegaSample/ProjectMegaSample/Content/Characters/Mannequins/Textures/Manny/T_Manny_02_MSR_MSK.uasset" 3807
"../../../../hooy/ProjectMegaSample/ProjectMegaSample/Content/Characters/Mannequins/Textures/Manny/T_Manny_02_N.uasset" 3808
"../../../../hooy/ProjectMegaSample/ProjectMegaSample/Content/Characters/Mannequins/Textures/Manny/T_Manny_02_Tan.uasset" 3809
"../../../../hooy/ProjectMegaSample/ProjectMegaSample/Content/_WeaponsPacks/MilitaryWeapDark/Weapons/Materials/M_Pistol_01.uasset" 3810
"../../../../hooy/ProjectMegaSample/ProjectMegaSample/Content/_WeaponsPacks/MilitaryWeapDark/Weapons/Pistols_B_PhysicsAsset.uasset" 3811
"../../../../hooy/ProjectMegaSample/ProjectMegaSample/Content/_WeaponsPacks/MilitaryWeapDark/Weapons/Pistols_B_Skeleton.uasset" 3812
"../../../../hooy/ProjectMegaSample/ProjectMegaSample/Content/_AnimationLibrary/Lyra/MM_BigPistol_Aiming_ADS.uasset" 3813
"../../../../hooy/ProjectMegaSample/ProjectMegaSample/Content/_AnimationLibrary/Lyra/MM_Katana_Idle.uasset" 3814
"../../../../hooy/ProjectMegaSample/ProjectMegaSample/Content/_AnimationLibrary/Lyra/MM_Pistol_Aiming_ADS.uasset" 3815
"../../../../hooy/ProjectMegaSample/ProjectMegaSample/Content/_AnimationLibrary/Lyra/MM_Pistol_Crouch_Idle.uasset" 3816
"../../../../hooy/ProjectMegaSample/ProjectMegaSample/Content/_AnimationLibrary/Lyra/MM_Pistol_Crouch_Walk_Fwd.uasset" 3817
"../../../../hooy/ProjectMegaSample/ProjectMegaSample/Content/_AnimationLibrary/Lyra/MM_Pistol_Equip.uasset" 3818
"../../../../hooy/ProjectMegaSample/ProjectMegaSample/Content/_AnimationLibrary/Lyra/MM_Pistol_Equip_Crouch.uasset" 3819
"../../../../hooy/ProjectMegaSample/ProjectMegaSample/Content/_AnimationLibrary/Lyra/MM_Pistol_Melee.uasset" 3820
"../../../../hooy/ProjectMegaSample/ProjectMegaSample/Content/_AnimationLibrary/Lyra/MM_Pistol_Reload.uasset" 3821
"../../../../hooy/ProjectMegaSample/ProjectMegaSample/Content/_AnimationLibrary/Lyra/MM_SilencedPistol_Aiming.uasset" 3822
"../../../../hooy/ProjectMegaSample/ProjectMegaSample/Content/_AnimationLibrary/Mixamo/Climbing_Full_UE.uasset" 3823
"../../../../hooy/ProjectMegaSample/ProjectMegaSample/Content/Characters/Mannequins/Animations/Manny/MM_Fall_Loop.uasset" 3824
"../../../../hooy/ProjectMegaSample/ProjectMegaSample/Content/Characters/Mannequins/Animations/Manny/MM_Jump.uasset" 3825
"../../../../hooy/ProjectMegaSample/ProjectMegaSample/Content/_AnimationLibrary/BlendSpaces/BS_IdleWalkRun_MainCharacter_Pistol.uasset" 3826
"../../../../hooy/ProjectMegaSample/ProjectMegaSample/Content/_AnimationLibrary/ALS/ALS_N_FallLoop.uasset" 3827
"../../../../hooy/ProjectMegaSample/ProjectMegaSample/Content/_AnimationLibrary/Lyra/MM_Unarmed_Crouch_Idle.uasset" 3828
"../../../../hooy/ProjectMegaSample/ProjectMegaSample/Content/_AnimationLibrary/Lyra/MM_Unarmed_Crouch_Walk_Fwd.uasset" 3829
"../../../../hooy/ProjectMegaSample/ProjectMegaSample/Content/Characters/Mannequins/Animations/Manny/MM_Land.uasset" 3830
"../../../../hooy/ProjectMegaSample/ProjectMegaSample/Content/_AnimationLibrary/BlendSpaces/BS_IdleWalkRun_MainCharacter.uasset" 3831
"../../../../hooy/ProjectMegaSample/ProjectMegaSample/Content/_AnimationLibrary/GASP/Anim_GettingUp.uasset" 3832
"../../../../hooy/ProjectMegaSample/ProjectMegaSample/Content/_AnimationLibrary/GASP/Anim_Vault.uasset" 3833
"../../../../hooy/ProjectMegaSample/ProjectMegaSample/Content/_AnimationLibrary/Lyra/MM_Pistol_Melee_Additive.uasset" 3834
"../../../../hooy/ProjectMegaSample/ProjectMegaSample/Content/_AnimationLibrary/Mixamo/Magic_Heal.uasset" 3835
"../../../Engine/Content/EditorResources/FieldNodes/FS_MasterField.uasset" 3836
"../../../../hooy/ProjectMegaSample/ProjectMegaSample/Content/Blueprints/BP_Destrucatble.uasset" 3837
"../../../../hooy/ProjectMegaSample/ProjectMegaSample/Content/Blueprints/C_ExplosionDamage.uasset" 3838
"../../../../hooy/ProjectMegaSample/ProjectMegaSample/Content/VFXy_Klaudii/Fractures/GC_BP_ExplosiveBarrel26.uasset" 3839
"../../../../hooy/ProjectMegaSample/ProjectMegaSample/Content/Fab/Metal_Barrel/metal_barrel/Materials/MetalBarrel.uasset" 3840
"../../../../hooy/ProjectMegaSample/ProjectMegaSample/Content/VFXy_Klaudii/NS_BarrelExplosion.uasset" 3841
"../../../Engine/Content/EditorResources/FieldNodes/_Resources/EFieldActivationType.uasset" 3842
"../../../../hooy/ProjectMegaSample/ProjectMegaSample/Content/_WeaponsPacks/MilitaryWeapSilver/FX/P_Grenade_Explosion_01.uasset" 3843
"../../../../hooy/ProjectMegaSample/ProjectMegaSample/Content/Fab/Metal_Barrel/metal_barrel/StaticMeshes/metal_barrel.uasset" 3844
"../../../../hooy/ProjectMegaSample/ProjectMegaSample/Content/UI/W_InteractionPrompt_GrapplingPoint.uasset" 3845
"../../../../hooy/ProjectMegaSample/ProjectMegaSample/Content/WeaponSystem/Pickups/BP_PickupMaster.uasset" 3846
"../../../../hooy/ProjectMegaSample/ProjectMegaSample/Content/Audio/Weapons/single-pistol-gunshot-33-37187.uasset" 3847
"../../../../hooy/ProjectMegaSample/ProjectMegaSample/Content/Fab/MagmaSciFiPistol/Mesh/SKM_Pistol.uasset" 3848
"../../../../hooy/ProjectMegaSample/ProjectMegaSample/Content/WeaponSystem/Pickups/BP_Pistol_Pickup.uasset" 3849
"../../../../hooy/ProjectMegaSample/ProjectMegaSample/Content/Audio/Weapons/SilencedPistol.uasset" 3850
"../../../../hooy/ProjectMegaSample/ProjectMegaSample/Content/Fab/GUN_Pistol_Orange/pistolorange/StaticMeshes/SKM_pistolorange.uasset" 3851
"../../../../hooy/ProjectMegaSample/ProjectMegaSample/Content/_WeaponsPacks/MilitaryWeapDark/Weapons/Materials/M_WeaponMaster_01.uasset" 3852
"../../../../hooy/ProjectMegaSample/ProjectMegaSample/Content/_WeaponsPacks/MilitaryWeapDark/Weapons/Textures/Assault_Rifle_B_Diff.uasset" 3853
"../../../../hooy/ProjectMegaSample/ProjectMegaSample/Content/_WeaponsPacks/MilitaryWeapDark/Weapons/Textures/Assault_Rifle_B_Masks.uasset" 3854
"../../../../hooy/ProjectMegaSample/ProjectMegaSample/Content/_WeaponsPacks/MilitaryWeapDark/Weapons/Textures/Assault_Rifle_B_Norm.uasset" 3855
"../../../../hooy/ProjectMegaSample/ProjectMegaSample/Content/VFX/Realistic_Starter_VFX_Pack_Vol2/Materials/M_Explosion_B.uasset" 3856
"../../../../hooy/ProjectMegaSample/ProjectMegaSample/Content/VFX/Realistic_Starter_VFX_Pack_Vol2/Materials/M_Explosion_D.uasset" 3857
"../../../../hooy/ProjectMegaSample/ProjectMegaSample/Content/VFXy_Klaudii/Materials/M_Dirt.uasset" 3858
"../../Plugins/FX/Niagara/Content/DefaultAssets/DefaultSpriteMaterial.uasset" 3859
"../../../../hooy/ProjectMegaSample/ProjectMegaSample/Content/VFXy_Klaudii/Materials/MI_Heat_Refraction.uasset" 3860
"../../Plugins/FX/Niagara/Content/DynamicInputs/Execution/ReturnNormalizedExecIndex.uasset" 3861
"../../Plugins/FX/Niagara/Content/DynamicInputs/Lerp/Lerp_Float.uasset" 3862
"../../Plugins/FX/Niagara/Content/DynamicInputs/TypeConversions/VectorFromFloat.uasset" 3863
"../../Plugins/FX/Niagara/Content/DynamicInputs/UniformRange/V2/RandomRangeFloat.uasset" 3864
"../../Plugins/FX/Niagara/Content/DynamicInputs/ValueFromCurve/FloatFromCurve.uasset" 3865
"../../Plugins/FX/Niagara/Content/DynamicInputs/ValueFromCurve/VectorFromCurve.uasset" 3866
"../../Plugins/FX/Niagara/Content/Modules/AttributeReader/SampleParticlesFromOtherEmitter.uasset" 3867
"../../Plugins/FX/Niagara/Content/Modules/AttributeReader/SpawnParticlesFromOtherEmitter.uasset" 3868
"../../Plugins/FX/Niagara/Content/Modules/Collision/AlignParticlesWithCollisionPlane.uasset" 3869
"../../Plugins/FX/Niagara/Content/Modules/Collision/Collision.uasset" 3870
"../../Plugins/FX/Niagara/Content/Modules/Emitter/EmitterState.uasset" 3871
"../../Plugins/FX/Niagara/Content/Modules/Emitter/SpawnBurst_Instantaneous.uasset" 3872
"../../Plugins/FX/Niagara/Content/Modules/Solvers/SolveForcesAndVelocity.uasset" 3873
"../../Plugins/FX/Niagara/Content/Modules/Spawn/Initialization/V2/InitializeParticle.uasset" 3874
"../../Plugins/FX/Niagara/Content/Modules/Spawn/Location/V2/ShapeLocation.uasset" 3875
"../../Plugins/FX/Niagara/Content/Modules/Spawn/Orientation/V3/InitialMeshOrientation.uasset" 3876
"../../Plugins/FX/Niagara/Content/Modules/Spawn/Velocity/AddVelocity.uasset" 3877
"../../Plugins/FX/Niagara/Content/Modules/Spawn/Velocity/PointForce.uasset" 3878
"../../Plugins/FX/Niagara/Content/Modules/System/SystemState.uasset" 3879
"../../Plugins/FX/Niagara/Content/Modules/Update/Color/ScaleColor.uasset" 3880
"../../Plugins/FX/Niagara/Content/Modules/Update/Forces/AerodynamicDrag.uasset" 3881
"../../Plugins/FX/Niagara/Content/Modules/Update/Forces/Drag.uasset" 3882
"../../Plugins/FX/Niagara/Content/Modules/Update/Forces/GravityForce.uasset" 3883
"../../Plugins/FX/Niagara/Content/Modules/Update/Forces/V2/CurlNoiseForce.uasset" 3884
"../../Plugins/FX/Niagara/Content/Modules/Update/Forces/VortexForce.uasset" 3885
"../../Plugins/FX/Niagara/Content/Modules/Update/Forces/WindForce.uasset" 3886
"../../Plugins/FX/Niagara/Content/Modules/Update/Lifetime/ParticleState.uasset" 3887
"../../Plugins/FX/Niagara/Content/Modules/Update/Material/DynamicMaterialParameters.uasset" 3888
"../../Plugins/FX/Niagara/Content/Modules/Update/Orientation/AlignSpriteToMeshOrientation.uasset" 3889
"../../Plugins/FX/Niagara/Content/Modules/Update/Orientation/SpriteRotationRate.uasset" 3890
"../../Plugins/FX/Niagara/Content/Modules/Update/Orientation/V3/UpdateMeshOrientation.uasset" 3891
"../../Plugins/FX/Niagara/Content/Modules/Update/Size/ScaleMeshSize.uasset" 3892
"../../Plugins/FX/Niagara/Content/Modules/Update/Size/ScaleSpriteSize.uasset" 3893
"../../Plugins/FX/Niagara/Content/Modules/Update/SubUV/V2/SubUVAnimation.uasset" 3894
"../../../Engine/Content/EditorMeshes/ArcadeEditorSphere.uasset" 3895
"../../../../hooy/ProjectMegaSample/ProjectMegaSample/Content/VFXy_Klaudii/Mesh/Debris.uasset" 3896
"../../Plugins/FX/Niagara/Content/Enums/Angles/ENiagara_AngleInput.uasset" 3897
"../../Plugins/FX/Niagara/Content/Enums/Collision/SceneDepthCollisionQueryMethod.uasset" 3898
"../../Plugins/FX/Niagara/Content/Enums/ENiagara_AttributeSamplingApplyOutput.uasset" 3899
"../../Plugins/FX/Niagara/Content/Enums/ENiagara_ColorInitializationMode.uasset" 3900
"../../Plugins/FX/Niagara/Content/Enums/ENiagara_CPUCollisionType.uasset" 3901
"../../Plugins/FX/Niagara/Content/Enums/ENiagara_DirectReadApplicationMode.uasset" 3902
"../../Plugins/FX/Niagara/Content/Enums/ENiagara_DirectReadParticleIDSampling.uasset" 3903
"../../Plugins/FX/Niagara/Content/Enums/ENiagara_DirectReadSamplingMode.uasset" 3904
"../../Plugins/FX/Niagara/Content/Enums/ENiagara_EmitterLocSamplingMode.uasset" 3905
"../../Plugins/FX/Niagara/Content/Enums/ENiagara_EmitterStateOptions.uasset" 3906
"../../Plugins/FX/Niagara/Content/Enums/ENiagara_GPUCollisionType.uasset" 3907
"../../Plugins/FX/Niagara/Content/Enums/ENiagara_InfiniteLoopDuration.uasset" 3908
"../../Plugins/FX/Niagara/Content/Enums/ENiagara_LifetimeInheritanceOptions.uasset" 3909
"../../Plugins/FX/Niagara/Content/Enums/ENiagara_LifetimeMode.uasset" 3910
"../../Plugins/FX/Niagara/Content/Enums/ENiagara_MassInitializationMode.uasset" 3911
"../../Plugins/FX/Niagara/Content/Enums/ENiagara_PositionInitializationMode.uasset" 3912
"../../Plugins/FX/Niagara/Content/Enums/ENiagara_SizeScaleMode.uasset" 3913
"../../Plugins/FX/Niagara/Content/Enums/ENiagara_SpriteRotationMode.uasset" 3914
"../../Plugins/FX/Niagara/Content/Enums/ENiagara_SubUVLookupModeV2.uasset" 3915
"../../Plugins/FX/Niagara/Content/Enums/ENiagara_UVFlippingMode.uasset" 3916
"../../Plugins/FX/Niagara/Content/Enums/ENiagara_WrapClamp.uasset" 3917
"../../Plugins/FX/Niagara/Content/Enums/ENiagaraAerodynamicDragPivotMode.uasset" 3918
"../../Plugins/FX/Niagara/Content/Enums/ENiagaraCalculateRadiusOptions.uasset" 3919
"../../Plugins/FX/Niagara/Content/Enums/ENiagaraChannelCorrelation.uasset" 3920
"../../Plugins/FX/Niagara/Content/Enums/ENiagaraCollisionRadiusOptions.uasset" 3921
"../../Plugins/FX/Niagara/Content/Enums/ENiagaraCurlNoiseQuality.uasset" 3922
"../../Plugins/FX/Niagara/Content/Enums/ENiagaraDragCoefficientShapeMode.uasset" 3923
"../../Plugins/FX/Niagara/Content/Enums/ENiagaraEmitterLifeCycleMode.uasset" 3924
"../../Plugins/FX/Niagara/Content/Enums/ENiagaraEmitterScalabilityMode_Limited.uasset" 3925
"../../Plugins/FX/Niagara/Content/Enums/ENiagaraFrictionMergeType.uasset" 3926
"../../Plugins/FX/Niagara/Content/Enums/ENiagaraInactiveMode.uasset" 3927
"../../Plugins/FX/Niagara/Content/Enums/ENiagaraMeshOrSprite.uasset" 3928
"../../Plugins/FX/Niagara/Content/Enums/ENiagaraMeshTransforms.uasset" 3929
"../../Plugins/FX/Niagara/Content/Enums/ENiagaraRandomnessEvaluation.uasset" 3930
"../../Plugins/FX/Niagara/Content/Enums/ENiagaraRandomnessMode.uasset" 3931
"../../Plugins/FX/Niagara/Content/Enums/ENiagaraRestitutionMergeType.uasset" 3932
"../../Plugins/FX/Niagara/Content/Enums/ENiagaraScaleColorMode.uasset" 3933
"../../Plugins/FX/Niagara/Content/Enums/ENiagaraShapeTorusMode.uasset" 3934
"../../Plugins/FX/Niagara/Content/Enums/ENiagaraSphereDistributionMode.uasset" 3935
"../../Plugins/FX/Niagara/Content/Enums/ENiagaraSystemInactiveMode.uasset" 3936
"../../Plugins/FX/Niagara/Content/Enums/ENiagaraTorusDistributionMode.uasset" 3937
"../../Plugins/FX/Niagara/Content/Enums/Location/ENiagara_BoxPlaneMode.uasset" 3938
"../../Plugins/FX/Niagara/Content/Enums/Location/ENiagara_ConeMode.uasset" 3939
"../../Plugins/FX/Niagara/Content/Enums/Location/ENiagara_CylinderMode.uasset" 3940
"../../Plugins/FX/Niagara/Content/Enums/Location/ENiagara_LocationShapes.uasset" 3941
"../../Plugins/FX/Niagara/Content/Enums/Location/ENiagaraRingDiscMode.uasset" 3942
"../../Plugins/FX/Niagara/Content/Enums/Ribbons/ENiagara_UnsetDirectSet.uasset" 3943
"../../Plugins/FX/Niagara/Content/Enums/Ribbons/ENiagara_UnsetDirectSetRandom.uasset" 3944
"../../Plugins/FX/Niagara/Content/Enums/SpriteRenderer/ENiagara_AutomaticManual.uasset" 3945
"../../Plugins/FX/Niagara/Content/Enums/SpriteRenderer/ENiagara_FPSPlayrate.uasset" 3946
"../../Plugins/FX/Niagara/Content/Enums/SpriteRenderer/ENiagara_ScaleSpriteSize.uasset" 3947
"../../Plugins/FX/Niagara/Content/Enums/Transforms/ENiagara_MeshOrientationOptions.uasset" 3948
"../../Plugins/FX/Niagara/Content/Enums/Transforms/ENiagara_OffsetMode.uasset" 3949
"../../Plugins/FX/Niagara/Content/Enums/Transforms/ENiagara_RotationMode.uasset" 3950
"../../Plugins/FX/Niagara/Content/Enums/Transforms/ENiagara_ScaleMode.uasset" 3951
"../../Plugins/FX/Niagara/Content/Enums/Transforms/ENiagara_TransformOrder.uasset" 3952
"../../Plugins/FX/Niagara/Content/Enums/Transforms/ENiagara_TransformType.uasset" 3953
"../../Plugins/FX/Niagara/Content/Enums/Utility/ENiagara_DynamicMaterialParametersInputMode.uasset" 3954
"../../Plugins/FX/Niagara/Content/Enums/Utility/ENiagara_OrientVectorCount.uasset" 3955
"../../Plugins/FX/Niagara/Content/Enums/Utility/ENiagara_UpdateMeshOrientationMode.uasset" 3956
"../../Plugins/FX/Niagara/Content/Enums/Utility/ENiagara_VelocityMode.uasset" 3957
"../../Plugins/FX/Niagara/Content/Enums/Wind/ENiagaraWindCombingMode.uasset" 3958
"../../Plugins/FX/Niagara/Content/Enums/Wind/ENiagaraWindFrictionDistanceMode.uasset" 3959
"../../Plugins/FX/Niagara/Content/Enums/Wind/ENiagaraWindFrictionMode.uasset" 3960
"../../Plugins/FX/Niagara/Content/Enums/Wind/ENiagaraWindGroundMaskMode.uasset" 3961
"../../Plugins/FX/Niagara/Content/Enums/Wind/ENiagaraWindOffsetMode.uasset" 3962
"../../Plugins/FX/Niagara/Content/Enums/Wind/ENiagaraWindTurbulenceContributionMode.uasset" 3963
"../../Plugins/FX/Niagara/Content/Enums/Wind/ENiagaraWindTurbulenceFrequencyMode.uasset" 3964
"../../Plugins/FX/Niagara/Content/Enums/Wind/ENiagaraWindTurbulenceMode.uasset" 3965
"../../Plugins/FX/Niagara/Content/VectorFields/Assets/TilingCurl32.uasset" 3966
"../../../../hooy/ProjectMegaSample/ProjectMegaSample/Content/VFX/Realistic_Starter_VFX_Pack_Vol2/Materials/M_Smoke_Puff_A.uasset" 3967
"../../../../hooy/ProjectMegaSample/ProjectMegaSample/Content/VFXy_Klaudii/Materials/M_Heat.uasset" 3968
"../../../../hooy/ProjectMegaSample/ProjectMegaSample/Content/VFXy_Klaudii/Materials/M_MuzzleFlash.uasset" 3969
"../../Plugins/FX/Niagara/Content/Modules/Solvers/ApplyInitialForces.uasset" 3970
"../../../../hooy/ProjectMegaSample/ProjectMegaSample/Content/VFXy_Klaudii/Mesh/SM_MuzzlePlane.uasset" 3971
"../../../../hooy/ProjectMegaSample/ProjectMegaSample/Content/_WeaponsPacks/MilitaryWeapDark/FX/Materials/M_AssaultRifle_MuzzleFlash_4x1.uasset" 3972
"../../../../hooy/ProjectMegaSample/ProjectMegaSample/Content/_WeaponsPacks/MilitaryWeapDark/FX/Materials/M_Pistol_Smoke_2x2_A.uasset" 3973
"../../../../hooy/ProjectMegaSample/ProjectMegaSample/Content/Characters/Mannequins/Rigs/ABP_Manny_PostProcess.uasset" 3974
"../../../../hooy/ProjectMegaSample/ProjectMegaSample/Content/Characters/Mannequins/Rigs/PA_Mannequin.uasset" 3975
"../../../../hooy/ProjectMegaSample/ProjectMegaSample/Content/Fab/Tactical_Knife/tactical_knife/Materials/Material_001.uasset" 3976
"../../../../hooy/ProjectMegaSample/ProjectMegaSample/Content/Materials/M_HUD_Damage.uasset" 3977
"../../../../hooy/ProjectMegaSample/ProjectMegaSample/Content/Materials/M_HUD_DamageHacking.uasset" 3978
"../../../../hooy/ProjectMegaSample/ProjectMegaSample/Content/StaminaSystem/WBP_StaminaBar.uasset" 3979
"../../../../hooy/ProjectMegaSample/ProjectMegaSample/Content/VFX/Realistic_Starter_VFX_Pack_Vol2/Materials/M_Derbis.uasset" 3980
"../../../../hooy/ProjectMegaSample/ProjectMegaSample/Content/VFX/Realistic_Starter_VFX_Pack_Vol2/Materials/M_Glow_C.uasset" 3981
"../../../../hooy/ProjectMegaSample/ProjectMegaSample/Content/VFX/Realistic_Starter_VFX_Pack_Vol2/Materials/M_Rock_B.uasset" 3982
"../../../../hooy/ProjectMegaSample/ProjectMegaSample/Content/VFX/Realistic_Starter_VFX_Pack_Vol2/Materials/M_Smoke_Wisp.uasset" 3983
"../../../../hooy/ProjectMegaSample/ProjectMegaSample/Content/VFX/Realistic_Starter_VFX_Pack_Vol2/Materials/M_Glow_C_Inst.uasset" 3984
"../../../../hooy/ProjectMegaSample/ProjectMegaSample/Content/VFX/Realistic_Starter_VFX_Pack_Vol2/Mesh/SM_Derbis_B.uasset" 3985
"../../Plugins/Interchange/Assets/Content/gltf/MaterialInstances/MI_Default_Opaque_DS.uasset" 3986
"../../../../hooy/ProjectMegaSample/ProjectMegaSample/Content/Fab/Retrofuturistic_Computer/retrofuturistic_computer/Textures/retrofuturistic_computer_texture_0.uasset" 3987
"../../../../hooy/ProjectMegaSample/ProjectMegaSample/Content/Fab/Retrofuturistic_Computer/retrofuturistic_computer/Textures/retrofuturistic_computer_texture_1.uasset" 3988
"../../../../hooy/ProjectMegaSample/ProjectMegaSample/Content/Fab/Retrofuturistic_Computer/retrofuturistic_computer/Textures/retrofuturistic_computer_texture_2.uasset" 3989
"../../../../hooy/ProjectMegaSample/ProjectMegaSample/Content/_WeaponsPacks/MilitaryWeapDark/FX/Textures/T_Explosion_8x8_Density_01.uasset" 3990
"../../../../hooy/ProjectMegaSample/ProjectMegaSample/Content/_WeaponsPacks/MilitaryWeapDark/FX/Textures/T_Explosion_8x8_Erode_01.uasset" 3991
"../../../../hooy/ProjectMegaSample/ProjectMegaSample/Content/_WeaponsPacks/MilitaryWeapDark/FX/Textures/T_Explosion_8x8_Temperature_01.uasset" 3992
"../../../../hooy/ProjectMegaSample/ProjectMegaSample/Content/_WeaponsPacks/MilitaryWeapDark/FX/Textures/T_Explosion_Macro_01.uasset" 3993
"../../../../hooy/ProjectMegaSample/ProjectMegaSample/Content/_WeaponsPacks/MilitaryWeapDark/FX/Textures/T_Spherical_NormalMap_01.uasset" 3994
"../../../../hooy/ProjectMegaSample/ProjectMegaSample/Content/_WeaponsPacks/MilitaryWeapDark/FX/Textures/T_Smoke_8x8_B_01.uasset" 3995
"../../../Engine/Content/Animation/DefaultAnimBoneCompressionSettings.uasset" 3996
"../../../Engine/Content/Animation/DefaultAnimCurveCompressionSettings.uasset" 3997
"../../../../hooy/ProjectMegaSample/ProjectMegaSample/Content/_AnimationLibrary/GASP/M_Neutral_Stand_Idle_Loop.uasset" 3998
"../../../../hooy/ProjectMegaSample/ProjectMegaSample/Content/_AnimationLibrary/Lyra/MF_Pistol_Idle_ADS.uasset" 3999
"../../../../hooy/ProjectMegaSample/ProjectMegaSample/Content/_AnimationLibrary/Lyra/MM_Pistol_Crouch_OverridePose.uasset" 4000
"../../../../hooy/ProjectMegaSample/ProjectMegaSample/Content/Characters/Mannequins/Animations/Manny/MM_Idle.uasset" 4001
"../../../../hooy/ProjectMegaSample/ProjectMegaSample/Content/_AnimationLibrary/BlendSpaces/BS_Enemy_StrafePistol.uasset" 4002
"../../../../hooy/ProjectMegaSample/ProjectMegaSample/Content/Characters/Mannequins/Animations/Manny/BS_MM_WalkRun.uasset" 4003
"../../../../hooy/ProjectMegaSample/ProjectMegaSample/Content/Characters/Mannequins/Rigs/CR_Mannequin_BasicFootIK.uasset" 4004
"../../../../hooy/ProjectMegaSample/ProjectMegaSample/Content/_AnimationLibrary/Lyra/MM_Pistol_Equip_Additive.uasset" 4005
"../../../../hooy/ProjectMegaSample/ProjectMegaSample/Content/_WeaponsPacks/MilitaryWeapSilver/FX/P_Pistol_MuzzleFlash_01.uasset" 4006
"../../../../hooy/ProjectMegaSample/ProjectMegaSample/Content/_WeaponsPacks/MilitaryWeapSilver/Sound/SniperRifle/Wavs/SniperRifleA_Fire01.uasset" 4007
"../../../../hooy/ProjectMegaSample/ProjectMegaSample/Content/UI/W_DamageIND.uasset" 4008
"../../../../hooy/ProjectMegaSample/ProjectMegaSample/Content/SoulCity/Environment/Materials/Building/M_Signs.uasset" 4009
"../../../../hooy/ProjectMegaSample/ProjectMegaSample/Content/VFX/Realistic_Starter_VFX_Pack_Vol2/Materials/M_Blood_C.uasset" 4010
"../../../../hooy/ProjectMegaSample/ProjectMegaSample/Content/VFX/Realistic_Starter_VFX_Pack_Vol2/Materials/M_Dirt_A.uasset" 4011
"../../../../hooy/ProjectMegaSample/ProjectMegaSample/Content/VFX/Realistic_Starter_VFX_Pack_Vol2/Materials/M_Smoke_A.uasset" 4012
"../../../../hooy/ProjectMegaSample/ProjectMegaSample/Content/VFX/Realistic_Starter_VFX_Pack_Vol2/Materials/M_Snow.uasset" 4013
"../../../../hooy/ProjectMegaSample/ProjectMegaSample/Content/AI/Tasks/BTT_HackSpeakResponse.uasset" 4014
"../../../../hooy/ProjectMegaSample/ProjectMegaSample/Content/AI/Decorators/BTD_HasPatrolRoute.uasset" 4015
"../../../../hooy/ProjectMegaSample/ProjectMegaSample/Content/AI/Tasks/BTT_MoveAlongPatrolRoute.uasset" 4016
"../../../../hooy/ProjectMegaSample/ProjectMegaSample/Content/AI/EQS/EQS_Seeking.uasset" 4017
"../../../../hooy/ProjectMegaSample/ProjectMegaSample/Content/AI/EQS/EQS_Conext_AttackTarget.uasset" 4018
"../../../../hooy/ProjectMegaSample/ProjectMegaSample/Content/Blueprints/BP_OST_Manager.uasset" 4019
"../../../../hooy/ProjectMegaSample/ProjectMegaSample/Content/_WeaponsPacks/MilitaryWeapDark/FX/Materials/M_Tracer_A.uasset" 4020
"../../../../hooy/ProjectMegaSample/ProjectMegaSample/Content/_WeaponsPacks/MilitaryWeapDark/FX/Meshes/St_Tracer_A.uasset" 4021
"../../../../hooy/ProjectMegaSample/ProjectMegaSample/Content/Characters/Mannequins/Materials/Functions/MF_Diffraction.uasset" 4022
"../../../../hooy/ProjectMegaSample/ProjectMegaSample/Content/Characters/Mannequins/Materials/Functions/MF_logo3layers.uasset" 4023
"../../../../hooy/ProjectMegaSample/ProjectMegaSample/Content/Characters/Mannequins/Materials/Functions/ML_BaseColorFallOff.uasset" 4024
"../../../../hooy/ProjectMegaSample/ProjectMegaSample/Content/_WeaponsPacks/MilitaryWeapDark/Weapons/Textures/Pistols_B_Diff.uasset" 4025
"../../../../hooy/ProjectMegaSample/ProjectMegaSample/Content/_WeaponsPacks/MilitaryWeapDark/Weapons/Textures/Pistols_B_Masks.uasset" 4026
"../../../../hooy/ProjectMegaSample/ProjectMegaSample/Content/_WeaponsPacks/MilitaryWeapDark/Weapons/Textures/Pistols_B_Norm.uasset" 4027
"../../../../hooy/ProjectMegaSample/ProjectMegaSample/Content/Audio/Foley/SoundWaves/Sneaker/Concrete/Foley_fs_1p_sneaker_concrete_walkBackwds_16.uasset" 4028
"../../../../hooy/ProjectMegaSample/ProjectMegaSample/Content/Audio/Foley/SoundWaves/Sneaker/Concrete/Foley_fs_1p_sneaker_concrete_walkBackwds_21.uasset" 4029
"../../../../hooy/ProjectMegaSample/ProjectMegaSample/Content/Audio/Foley/SoundWaves/Sneaker/Concrete/Foley_fs_1p_sneaker_concrete_walkBackwds_26.uasset" 4030
"../../../../hooy/ProjectMegaSample/ProjectMegaSample/Content/_WeaponsPacks/MilitaryWeapSilver/Sound/Pistol/Wavs/Pistol_ReloadMagEject01.uasset" 4031
"../../../../hooy/ProjectMegaSample/ProjectMegaSample/Content/_WeaponsPacks/MilitaryWeapSilver/Sound/Pistol/Wavs/Pistol_ReloadMagInsert01.uasset" 4032
"../../../../hooy/ProjectMegaSample/ProjectMegaSample/Content/_WeaponsPacks/MilitaryWeapSilver/Sound/Pistol/Wavs/Pistol_ReloadSlideRack01.uasset" 4033
"../../../../hooy/ProjectMegaSample/ProjectMegaSample/Content/Audio/Foley/SoundWaves/Sneaker/Concrete/Foley_fs_1p_sneaker_concrete_jump_04.uasset" 4034
"../../../../hooy/ProjectMegaSample/ProjectMegaSample/Content/_AnimationLibrary/Lyra/MM_Pistol_Idle_ADS.uasset" 4035
"../../../../hooy/ProjectMegaSample/ProjectMegaSample/Content/_AnimationLibrary/Lyra/MM_Pistol_Jog_Fwd.uasset" 4036
"../../../../hooy/ProjectMegaSample/ProjectMegaSample/Content/_AnimationLibrary/Lyra/MM_Pistol_Walk_Fwd.uasset" 4037
"../../../../hooy/ProjectMegaSample/ProjectMegaSample/Content/_AnimationLibrary/ALS/MM_Run_Fwd_Player.uasset" 4038
"../../../../hooy/ProjectMegaSample/ProjectMegaSample/Content/_AnimationLibrary/ALS/MM_Walk_Fwd_Player.uasset" 4039
"../../../Engine/Content/EditorResources/FieldNodes/_Resources/DefaultTextMaterialOpaque.uasset" 4040
"../../../Engine/Content/EditorResources/FieldNodes/_Resources/MI_FieldRadiusPreview.uasset" 4041
"../../../Engine/Content/EditorResources/FieldNodes/_Resources/MI_FieldVolumePreview.uasset" 4042
"../../../Engine/Content/EditorResources/FieldNodes/_Resources/EFieldForceVel.uasset" 4043
"../../../Engine/Content/EditorResources/FieldNodes/_Resources/EFieldShapeType.uasset" 4044
"../../../Engine/Content/EditorResources/FieldNodes/_Resources/SM_FieldArrow.uasset" 4045
"../../../../hooy/ProjectMegaSample/ProjectMegaSample/Content/Fab/Metal_Barrel/metal_barrel/Textures/metal_barrel_texture_0.uasset" 4046
"../../../../hooy/ProjectMegaSample/ProjectMegaSample/Content/Fab/Metal_Barrel/metal_barrel/Textures/metal_barrel_texture_1.uasset" 4047
"../../../../hooy/ProjectMegaSample/ProjectMegaSample/Content/Fab/Metal_Barrel/metal_barrel/Textures/metal_barrel_texture_2.uasset" 4048
"../../../../hooy/ProjectMegaSample/ProjectMegaSample/Content/Fab/Metal_Barrel/metal_barrel/Textures/metal_barrel_texture_3.uasset" 4049
"../../../../hooy/ProjectMegaSample/ProjectMegaSample/Content/_SplineVFX/_GenericSource/Material/MI/MI_Vfx_FlipBook_fireFlip_fade_slow.uasset" 4050
"../../../../hooy/ProjectMegaSample/ProjectMegaSample/Content/VFXy_Klaudii/Materials/MI_GroundCrack.uasset" 4051
"../../../../hooy/ProjectMegaSample/ProjectMegaSample/Content/_WeaponsPacks/MilitaryWeapSilver/FX/Materials/M_Debris_Tileable_01.uasset" 4052
"../../../../hooy/ProjectMegaSample/ProjectMegaSample/Content/_WeaponsPacks/MilitaryWeapSilver/FX/Materials/M_Ember_Speed_01.uasset" 4053
"../../../../hooy/ProjectMegaSample/ProjectMegaSample/Content/_WeaponsPacks/MilitaryWeapSilver/FX/Materials/M_GlowSphere_01.uasset" 4054
"../../../../hooy/ProjectMegaSample/ProjectMegaSample/Content/_WeaponsPacks/MilitaryWeapSilver/FX/Materials/M_LightRay_01.uasset" 4055
"../../../../hooy/ProjectMegaSample/ProjectMegaSample/Content/_WeaponsPacks/MilitaryWeapSilver/FX/Materials/M_RockSmall_01.uasset" 4056
"../../../../hooy/ProjectMegaSample/ProjectMegaSample/Content/_WeaponsPacks/MilitaryWeapSilver/FX/Materials/M_Shockwave_Refraction_01.uasset" 4057
"../../../../hooy/ProjectMegaSample/ProjectMegaSample/Content/_WeaponsPacks/MilitaryWeapSilver/FX/Materials/M_SmokeRibbon_01.uasset" 4058
"../../../../hooy/ProjectMegaSample/ProjectMegaSample/Content/_WeaponsPacks/MilitaryWeapSilver/FX/Materials/M_RocketExplosion_8x8_A_01_Inst.uasset" 4059
"../../../../hooy/ProjectMegaSample/ProjectMegaSample/Content/_WeaponsPacks/MilitaryWeapSilver/FX/Materials/M_Smoke_8x8_B_01_Inst.uasset" 4060
"../../../../hooy/ProjectMegaSample/ProjectMegaSample/Content/_WeaponsPacks/MilitaryWeapSilver/FX/Meshes/St_Sphere_01.uasset" 4061
"../../../../hooy/ProjectMegaSample/ProjectMegaSample/Content/_WeaponsPacks/MilitaryWeapDark/FX/Meshes/St_CubeTester_01.uasset" 4062
"../../../../hooy/ProjectMegaSample/ProjectMegaSample/Content/Fab/MagmaSciFiPistol/Materials/M_Hammer.uasset" 4063
"../../../../hooy/ProjectMegaSample/ProjectMegaSample/Content/Fab/MagmaSciFiPistol/Materials/M_Handle.uasset" 4064
"../../../../hooy/ProjectMegaSample/ProjectMegaSample/Content/Fab/MagmaSciFiPistol/Mesh/SK_Pistol.uasset" 4065
"../../../../hooy/ProjectMegaSample/ProjectMegaSample/Content/Fab/GUN_Pistol_Orange/pistolorange/Materials/material.uasset" 4066
"../../../../hooy/ProjectMegaSample/ProjectMegaSample/Content/Fab/GUN_Pistol_Orange/pistolorange/StaticMeshes/SK_pistolorange.uasset" 4067
"../../../../hooy/ProjectMegaSample/ProjectMegaSample/Content/VFX/Realistic_Starter_VFX_Pack_Vol2/Textures/T_Epxlosion_B_color.uasset" 4068
"../../../../hooy/ProjectMegaSample/ProjectMegaSample/Content/VFX/Realistic_Starter_VFX_Pack_Vol2/Textures/T_Epxlosion_B_packed.uasset" 4069
"../../../../hooy/ProjectMegaSample/ProjectMegaSample/Content/VFX/Realistic_Starter_VFX_Pack_Vol2/Textures/T_Epxlosion_F.uasset" 4070
"../../../../hooy/ProjectMegaSample/ProjectMegaSample/Content/VFX/Realistic_Starter_VFX_Pack_Vol2/Textures/T_NoiseNormal_B.uasset" 4071
"../../../../hooy/ProjectMegaSample/ProjectMegaSample/Content/VFXy_Klaudii/Textures/T_Dirt.uasset" 4072
"../../../../hooy/ProjectMegaSample/ProjectMegaSample/Content/VFXy_Klaudii/Materials/M_Heat_Refraction.uasset" 4073
"../../Plugins/FX/Niagara/Content/Functions/NormalizedExecutionIndex.uasset" 4074
"../../Plugins/FX/Niagara/Content/Functions/V2/CalculateRandomRangeFloat.uasset" 4075
"../../Plugins/FX/Niagara/Content/Functions/Localspace/TransformPosition.uasset" 4076
"../../Plugins/FX/Niagara/Content/Functions/Localspace/TransformQuaternion.uasset" 4077
"../../Plugins/FX/Niagara/Content/Functions/Localspace/TransformVector.uasset" 4078
"../../Plugins/FX/Niagara/Content/Functions/RandomRangeInteger.uasset" 4079
"../../Plugins/FX/Niagara/Content/Functions/Rotation/MultiplyQuaternion.uasset" 4080
"../../Plugins/FX/Niagara/Content/Functions/DirectionAndLengthSafe.uasset" 4081
"../../Plugins/FX/Niagara/Content/Functions/MakeVectorsOrthogonal.uasset" 4082
"../../Plugins/FX/Niagara/Content/Functions/Math/SmoothLerpOverTime.uasset" 4083
"../../Plugins/FX/Niagara/Content/Functions/ProjectVectorOnPlane.uasset" 4084
"../../Plugins/FX/Niagara/Content/Functions/Rotation/ExtractBasisVectorsFromQuaternion.uasset" 4085
"../../Plugins/FX/Niagara/Content/Functions/Rotation/FindQuatBetween.uasset" 4086
"../../Plugins/FX/Niagara/Content/Functions/Rotation/MakeQuaternionFrom3BasisVectors.uasset" 4087
"../../Plugins/FX/Niagara/Content/Functions/Rotation/MultiplyVectorWithQuaternion.uasset" 4088
"../../Plugins/FX/Niagara/Content/Functions/Rotation/SlerpQuaternion.uasset" 4089
"../../Plugins/FX/Niagara/Content/Functions/V2/CalculateRandomUnitVector.uasset" 4090
"../../Plugins/FX/Niagara/Content/Functions/CalculateMeshRadius.uasset" 4091
"../../Plugins/FX/Niagara/Content/Functions/CalculateRadiusFromSpriteSize.uasset" 4092
"../../Plugins/FX/Niagara/Content/Functions/Helpers/DoOnce_fn.uasset" 4093
"../../Plugins/FX/Niagara/Content/Functions/Rotation/AxisAngleToQuaternion.uasset" 4094
"../../Plugins/FX/Niagara/Content/Modules/Collision/CollisionQueryAndResponse.uasset" 4095
"../../Plugins/FX/Niagara/Content/Functions/Emitter/EmitterChangeState.uasset" 4096
"../../Plugins/FX/Niagara/Content/Icons/Modules/T_Icon_Scalability_Emitter.uasset" 4097
"../../Plugins/FX/Niagara/Content/Icons/Modules/T_Icon_Scalability_System.uasset" 4098
"../../Plugins/FX/Niagara/Content/Functions/Drag/DragVelocity.uasset" 4099
"../../Plugins/FX/Niagara/Content/Functions/Math/CentimeterMeterConversion.uasset" 4100
"../../Plugins/FX/Niagara/Content/Modules/Solvers/ApplyRotationVector.uasset" 4101
"../../Plugins/FX/Niagara/Content/Icons/Modules/T_Icon_Solver_LimitAccel.uasset" 4102
"../../Plugins/FX/Niagara/Content/Icons/Modules/T_Icon_Solver_LimitSpeed.uasset" 4103
"../../Plugins/FX/Niagara/Content/Icons/Modules/T_Icon_Solver_RotationalSolve.uasset" 4104
"../../Plugins/FX/Niagara/Content/Functions/LinearColor/HueShiftLinearColor.uasset" 4105
"../../Plugins/FX/Niagara/Content/Functions/Localspace/SimulationPosition.uasset" 4106
"../../Plugins/FX/Niagara/Content/Functions/V2/CalculateRandomBool.uasset" 4107
"../../Plugins/FX/Niagara/Content/Functions/V2/CalculateRandomRange.uasset" 4108
"../../Plugins/FX/Niagara/Content/Functions/V2/CalculateRandomRangeInteger.uasset" 4109
"../../Plugins/FX/Niagara/Content/Functions/Math/CalculateRandomPointInConeSphereIntersection.uasset" 4110
"../../Plugins/FX/Niagara/Content/Functions/Math/SaturateFloat.uasset" 4111
"../../Plugins/FX/Niagara/Content/Functions/ParametricTorus.uasset" 4112
"../../Plugins/FX/Niagara/Content/Functions/ParametricTorusKnot.uasset" 4113
"../../Plugins/FX/Niagara/Content/Functions/PolarToCartesianCoordinates.uasset" 4114
"../../Plugins/FX/Niagara/Content/Functions/RandomPointInBox.uasset" 4115
"../../Plugins/FX/Niagara/Content/Functions/Rotation/AngleUnitConverter.uasset" 4116
"../../Plugins/FX/Niagara/Content/Functions/Rotation/RotateVector2D.uasset" 4117
"../../Plugins/FX/Niagara/Content/Functions/Rotation/TransformStack/TransformStack_Rotation.uasset" 4118
"../../Plugins/FX/Niagara/Content/Functions/SphericalToCartesianCoordinates.uasset" 4119
"../../Plugins/FX/Niagara/Content/Functions/V2/RemapRange.uasset" 4120
"../../Plugins/FX/Niagara/Content/Enums/ENiagaraExpansionMode.uasset" 4121
"../../Plugins/FX/Niagara/Content/Functions/Rotation/MatrixToQuaternion.uasset" 4122
"../../Plugins/FX/Niagara/Content/Functions/Rotation/RandomQuaternion.uasset" 4123
"../../Plugins/FX/Niagara/Content/Functions/Rotation/InvertQuaternion.uasset" 4124
"../../Plugins/FX/Niagara/Content/Functions/Rotation/XYZRotationToQuaternion.uasset" 4125
"../../Plugins/FX/Niagara/Content/Functions/V2/DistanceBasedFalloff.uasset" 4126
"../../Plugins/FX/Niagara/Content/Functions/RandomVector.uasset" 4127
"../../Plugins/FX/Niagara/Content/Functions/System/SystemChangeState.uasset" 4128
"../../Plugins/FX/Niagara/Content/Functions/Localspace/PositionToVector.uasset" 4129
"../../Plugins/FX/Niagara/Content/Functions/V2/ConeMask.uasset" 4130
"../../Plugins/FX/Niagara/Content/VectorFields/Assets/TilingCurl16.uasset" 4131
"../../Plugins/FX/Niagara/Content/VectorFields/Assets/TilingCurl64.uasset" 4132
"../../Plugins/FX/Niagara/Content/Functions/NormalizeDistanceRange.uasset" 4133
"../../Plugins/FX/Niagara/Content/Functions/DirectionAndLength.uasset" 4134
"../../Plugins/FX/Niagara/Content/Icons/Modules/T_Icon_Particle_InfiniteLife.uasset" 4135
"../../Plugins/FX/Niagara/Content/Functions/DeriveThirdOrthogonalVector.uasset" 4136
"../../Plugins/FX/Niagara/Content/Functions/Helpers/FN_FirstFrame_Numeric.uasset" 4137
"../../Plugins/FX/Niagara/Content/Functions/Math/InterpolateOverTime_V3_.uasset" 4138
"../../Plugins/FX/Niagara/Content/Functions/Math/V2/SmoothLerpOverTime.uasset" 4139
"../../Plugins/FX/Niagara/Content/Functions/Rotation/LerpQuaternion.uasset" 4140
"../../Plugins/FX/Niagara/Content/Functions/Rotation/MakeQuaternionFromXAndYVectors.uasset" 4141
"../../Plugins/FX/Niagara/Content/Functions/Rotation/MakeQuaternionFromXAndZVectors.uasset" 4142
"../../Plugins/FX/Niagara/Content/Functions/Rotation/RotateAngleOnAxis.uasset" 4143
"../../Plugins/FX/Niagara/Content/Functions/Rotation/TwoVectorsToQuaternion.uasset" 4144
"../../Plugins/FX/Niagara/Content/Functions/Helpers/SetBoolByTimer.uasset" 4145
"../../Plugins/FX/Niagara/Content/Enums/ENiagara_SubUVLookupMode.uasset" 4146
"../../../../hooy/ProjectMegaSample/ProjectMegaSample/Content/VFXy_Klaudii/Mesh/MI_Metallic.uasset" 4147
"../../../../hooy/ProjectMegaSample/ProjectMegaSample/Content/VFX/Realistic_Starter_VFX_Pack_Vol2/Textures/T_Smoke_Puff_color.uasset" 4148
"../../../Engine/Content/Functions/Engine_MaterialFunctions01/Texturing/FlattenNormal.uasset" 4149
"../../../../hooy/ProjectMegaSample/ProjectMegaSample/Content/VFXy_Klaudii/Textures/T_Thruster_Mask.uasset" 4150
"../../../../hooy/ProjectMegaSample/ProjectMegaSample/Content/VFXy_Klaudii/Textures/T_WaterNormal01_N.uasset" 4151
"../../../../hooy/ProjectMegaSample/ProjectMegaSample/Content/VFXy_Klaudii/Textures/T_Muzzle.uasset" 4152
"../../../../hooy/ProjectMegaSample/ProjectMegaSample/Content/_WeaponsPacks/MilitaryWeapDark/FX/Textures/T_AssaultRifle_MuzzleFlashes_01.uasset" 4153
"../../../../hooy/ProjectMegaSample/ProjectMegaSample/Content/_WeaponsPacks/MilitaryWeapDark/FX/Textures/T_FL_Detail_01.uasset" 4154
"../../../../hooy/ProjectMegaSample/ProjectMegaSample/Content/Characters/Mannequins/Rigs/CR_Mannequin_Procedural.uasset" 4155
"../../../../hooy/ProjectMegaSample/ProjectMegaSample/Content/Characters/Mannequins/Rigs/Poses/Manny/Manny_calf_l_pose.uasset" 4156
"../../../../hooy/ProjectMegaSample/ProjectMegaSample/Content/Characters/Mannequins/Rigs/Poses/Manny/Manny_calf_r_pose.uasset" 4157
"../../../../hooy/ProjectMegaSample/ProjectMegaSample/Content/Characters/Mannequins/Rigs/Poses/Manny/Manny_clavicle_l_pose.uasset" 4158
"../../../../hooy/ProjectMegaSample/ProjectMegaSample/Content/Characters/Mannequins/Rigs/Poses/Manny/Manny_clavicle_r_pose.uasset" 4159
"../../../../hooy/ProjectMegaSample/ProjectMegaSample/Content/Characters/Mannequins/Rigs/Poses/Manny/Manny_foot_l_pose.uasset" 4160
"../../../../hooy/ProjectMegaSample/ProjectMegaSample/Content/Characters/Mannequins/Rigs/Poses/Manny/Manny_foot_r_pose.uasset" 4161
"../../../../hooy/ProjectMegaSample/ProjectMegaSample/Content/Characters/Mannequins/Rigs/Poses/Manny/Manny_hand_l_pose.uasset" 4162
"../../../../hooy/ProjectMegaSample/ProjectMegaSample/Content/Characters/Mannequins/Rigs/Poses/Manny/Manny_hand_r_pose.uasset" 4163
"../../../../hooy/ProjectMegaSample/ProjectMegaSample/Content/Characters/Mannequins/Rigs/Poses/Manny/Manny_lowerarm_l_pose.uasset" 4164
"../../../../hooy/ProjectMegaSample/ProjectMegaSample/Content/Characters/Mannequins/Rigs/Poses/Manny/Manny_lowerarm_r_pose.uasset" 4165
"../../../../hooy/ProjectMegaSample/ProjectMegaSample/Content/Characters/Mannequins/Rigs/Poses/Manny/Manny_thigh_l_pose.uasset" 4166
"../../../../hooy/ProjectMegaSample/ProjectMegaSample/Content/Characters/Mannequins/Rigs/Poses/Manny/Manny_thigh_r_pose.uasset" 4167
"../../../../hooy/ProjectMegaSample/ProjectMegaSample/Content/Characters/Mannequins/Rigs/Poses/Manny/Manny_upperarm_l_pose.uasset" 4168
"../../../../hooy/ProjectMegaSample/ProjectMegaSample/Content/Characters/Mannequins/Rigs/Poses/Manny/Manny_upperarm_r_pose.uasset" 4169
"../../../../hooy/ProjectMegaSample/ProjectMegaSample/Content/Fab/Tactical_Knife/tactical_knife/Textures/tactical_knife_texture_0.uasset" 4170
"../../../../hooy/ProjectMegaSample/ProjectMegaSample/Content/Fab/Tactical_Knife/tactical_knife/Textures/tactical_knife_texture_1.uasset" 4171
"../../../../hooy/ProjectMegaSample/ProjectMegaSample/Content/Fab/Tactical_Knife/tactical_knife/Textures/tactical_knife_texture_2.uasset" 4172
"../../../../hooy/ProjectMegaSample/ProjectMegaSample/Content/VFX/Realistic_Starter_VFX_Pack_Vol2/Textures/T_Spark_B.uasset" 4173
"../../../../hooy/ProjectMegaSample/ProjectMegaSample/Content/VFX/Realistic_Starter_VFX_Pack_Vol2/Textures/T_Rocks.uasset" 4174
"../../../../hooy/ProjectMegaSample/ProjectMegaSample/Content/VFX/Realistic_Starter_VFX_Pack_Vol2/Textures/T_Rocks_NM.uasset" 4175
"../../../../hooy/ProjectMegaSample/ProjectMegaSample/Content/VFX/Realistic_Starter_VFX_Pack_Vol2/Textures/T_Smoke_Wisp.uasset" 4176
"../../../../hooy/ProjectMegaSample/ProjectMegaSample/Content/VFX/Realistic_Starter_VFX_Pack_Vol2/Textures/T_Flare_A.uasset" 4177
"../../Plugins/Interchange/Assets/Content/gltf/M_Default.uasset" 4178
"../../../../hooy/ProjectMegaSample/ProjectMegaSample/Content/Blueprints/AnimModifiers/AM_FootSpeed_L.uasset" 4179
"../../../../hooy/ProjectMegaSample/ProjectMegaSample/Content/Blueprints/AnimModifiers/AM_FootSpeed_R.uasset" 4180
"../../../../hooy/ProjectMegaSample/ProjectMegaSample/Content/Blueprints/AnimModifiers/AM_MoveData_Speed.uasset" 4181
"../../../../hooy/ProjectMegaSample/ProjectMegaSample/Content/_AnimationLibrary/Lyra/MM_Pistol_Walk_Fwd_NoSound.uasset" 4182
"../../../../hooy/ProjectMegaSample/ProjectMegaSample/Content/_AnimationLibrary/Lyra/MM_Pistol_Walk_Left.uasset" 4183
"../../../../hooy/ProjectMegaSample/ProjectMegaSample/Content/_AnimationLibrary/Lyra/MM_Pistol_Walk_Right.uasset" 4184
"../../../../hooy/ProjectMegaSample/ProjectMegaSample/Content/Characters/Mannequins/Animations/Manny/MM_Run_Fwd.uasset" 4185
"../../../../hooy/ProjectMegaSample/ProjectMegaSample/Content/Characters/Mannequins/Animations/Manny/MM_Walk_Fwd.uasset" 4186
"../../../../hooy/ProjectMegaSample/ProjectMegaSample/Content/Characters/Mannequins/Animations/Manny/MM_Walk_InPlace.uasset" 4187
"../../Plugins/Animation/ControlRig/Content/Controls/DefaultGizmoLibrary.uasset" 4188
"../../../../hooy/ProjectMegaSample/ProjectMegaSample/Content/_WeaponsPacks/MilitaryWeapSilver/FX/Materials/M_Pistol_MuzzleFlash_4x1_A.uasset" 4189
"../../../../hooy/ProjectMegaSample/ProjectMegaSample/Content/_WeaponsPacks/MilitaryWeapSilver/FX/Materials/M_Pistol_Smoke_2x2_A.uasset" 4190
"../../../../hooy/ProjectMegaSample/ProjectMegaSample/Content/_WeaponsPacks/MilitaryWeapSilver/FX/Materials/M_Pistol_Streaks_01.uasset" 4191
"../../../../hooy/ProjectMegaSample/ProjectMegaSample/Content/_WeaponsPacks/MilitaryWeapSilver/FX/Materials/M_Smoke_8x8_B_01.uasset" 4192
"../../../../hooy/ProjectMegaSample/ProjectMegaSample/Content/SoulCity/Environment/Textures/Building/T_Slums_Signs_D.uasset" 4193
"../../../../hooy/ProjectMegaSample/ProjectMegaSample/Content/SoulCity/Environment/Textures/Building/T_Slums_Signs_M.uasset" 4194
"../../../../hooy/ProjectMegaSample/ProjectMegaSample/Content/SoulCity/Environment/Textures/Building/T_Slums_Signs_N.uasset" 4195
"../../../../hooy/ProjectMegaSample/ProjectMegaSample/Content/VFX/Realistic_Starter_VFX_Pack_Vol2/Textures/T_Splash_A.uasset" 4196
"../../../Engine/Content/Functions/Engine_MaterialFunctions02/Texturing/CustomRotator.uasset" 4197
"../../../../hooy/ProjectMegaSample/ProjectMegaSample/Content/VFX/Realistic_Starter_VFX_Pack_Vol2/Textures/T_Dirt_C.uasset" 4198
"../../../../hooy/ProjectMegaSample/ProjectMegaSample/Content/VFX/Realistic_Starter_VFX_Pack_Vol2/Textures/T_Smoke_B.uasset" 4199
"../../../Engine/Content/Functions/Engine_MaterialFunctions01/Density/ExponentialDensity.uasset" 4200
"../../../Engine/Content/Functions/Engine_MaterialFunctions01/Gradient/RadialGradientExponential.uasset" 4201
"../../../../hooy/ProjectMegaSample/ProjectMegaSample/Content/AI/EQS/EQS_TestingPawn.uasset" 4202
"../../../../hooy/ProjectMegaSample/ProjectMegaSample/Content/Sound/OST/Curb_stomp_v2_13_POD_VIDEOd.uasset" 4203
"../../../../hooy/ProjectMegaSample/ProjectMegaSample/Content/Sound/OST/stealth_v0_1.uasset" 4204
"../../../../hooy/ProjectMegaSample/ProjectMegaSample/Content/Characters/Mannequins/Materials/Functions/ChromaticCurve.uasset" 4205
"../../../../hooy/ProjectMegaSample/ProjectMegaSample/Content/Characters/Mannequins/Materials/Functions/CA_Mannequin.uasset" 4206
"../../../../hooy/ProjectMegaSample/ProjectMegaSample/Content/Characters/Mannequins/Textures/Shared/T_UE_Logo_M.uasset" 4207
"../../../../hooy/ProjectMegaSample/ProjectMegaSample/Content/Audio/Foley/SoundWaves/Sneaker/Concrete/Foley_fs_1p_sneaker_concrete_run_13.uasset" 4208
"../../../../hooy/ProjectMegaSample/ProjectMegaSample/Content/Audio/Foley/SoundWaves/Sneaker/Concrete/Foley_fs_1p_sneaker_concrete_run_16.uasset" 4209
"../../../../hooy/ProjectMegaSample/ProjectMegaSample/Content/Audio/Foley/SoundWaves/Sneaker/Concrete/Foley_fs_1p_sneaker_concrete_run_21.uasset" 4210
"../../../../hooy/ProjectMegaSample/ProjectMegaSample/Content/Audio/Foley/SoundWaves/Sneaker/Concrete/Foley_fs_1p_sneaker_concrete_run_27.uasset" 4211
"../../../../hooy/ProjectMegaSample/ProjectMegaSample/Content/Audio/Foley/SoundWaves/Sneaker/Concrete/Foley_fs_1p_sneaker_concrete_runBackwds_01.uasset" 4212
"../../../../hooy/ProjectMegaSample/ProjectMegaSample/Content/Audio/Foley/SoundWaves/Sneaker/Concrete/Foley_fs_1p_sneaker_concrete_runBackwds_03.uasset" 4213
"../../../../hooy/ProjectMegaSample/ProjectMegaSample/Content/Audio/Foley/SoundWaves/Sneaker/Concrete/Foley_fs_1p_sneaker_concrete_runBackwds_14.uasset" 4214
"../../../../hooy/ProjectMegaSample/ProjectMegaSample/Content/Audio/Foley/SoundWaves/Sneaker/Concrete/Foley_fs_1p_sneaker_concrete_run_01.uasset" 4215
"../../../../hooy/ProjectMegaSample/ProjectMegaSample/Content/Audio/Foley/SoundWaves/Sneaker/Concrete/Foley_fs_1p_sneaker_concrete_run_02.uasset" 4216
"../../../../hooy/ProjectMegaSample/ProjectMegaSample/Content/Audio/Foley/SoundWaves/Sneaker/Concrete/Foley_fs_1p_sneaker_concrete_run_03.uasset" 4217
"../../../../hooy/ProjectMegaSample/ProjectMegaSample/Content/Audio/Foley/SoundWaves/Sneaker/Concrete/Foley_fs_1p_sneaker_concrete_run_04.uasset" 4218
"../../../../hooy/ProjectMegaSample/ProjectMegaSample/Content/Audio/Foley/SoundWaves/Sneaker/Concrete/Foley_fs_1p_sneaker_concrete_run_05.uasset" 4219
"../../../../hooy/ProjectMegaSample/ProjectMegaSample/Content/Audio/Foley/SoundWaves/Sneaker/Concrete/Foley_fs_1p_sneaker_concrete_run_08.uasset" 4220
"../../../../hooy/ProjectMegaSample/ProjectMegaSample/Content/Audio/Foley/SoundWaves/Sneaker/Concrete/Foley_fs_1p_sneaker_concrete_walk_02.uasset" 4221
"../../../../hooy/ProjectMegaSample/ProjectMegaSample/Content/Audio/Foley/SoundWaves/Sneaker/Concrete/Foley_fs_1p_sneaker_concrete_walk_03.uasset" 4222
"../../../../hooy/ProjectMegaSample/ProjectMegaSample/Content/Audio/Foley/SoundWaves/Sneaker/Concrete/Foley_fs_1p_sneaker_concrete_walk_04.uasset" 4223
"../../../../hooy/ProjectMegaSample/ProjectMegaSample/Content/Audio/Foley/SoundWaves/Sneaker/Concrete/Foley_fs_1p_sneaker_concrete_walk_05.uasset" 4224
"../../../../hooy/ProjectMegaSample/ProjectMegaSample/Content/Audio/Foley/SoundWaves/Sneaker/Concrete/Foley_fs_1p_sneaker_concrete_walk_06.uasset" 4225
"../../../../hooy/ProjectMegaSample/ProjectMegaSample/Content/Audio/Foley/SoundWaves/Sneaker/Concrete/Foley_fs_1p_sneaker_concrete_walk_08.uasset" 4226
"../../../Engine/Content/EditorResources/FieldNodes/_Resources/M_FieldRadiusPreview.uasset" 4227
"../../../Engine/Content/EditorResources/FieldNodes/_Resources/M_FieldVolumePreview.uasset" 4228
"../../../../hooy/ProjectMegaSample/ProjectMegaSample/Content/_SplineVFX/_GenericSource/Material/M_Vfx_FlipBook.uasset" 4229
"../../../../hooy/ProjectMegaSample/ProjectMegaSample/Content/_SplineVFX/_GenericSource/Texture/T_Vfx_Stamp_fireSRGB_88.uasset" 4230
"../../../../hooy/ProjectMegaSample/ProjectMegaSample/Content/VFXy_Klaudii/Materials/M_GroundCrack.uasset" 4231
"../../../../hooy/ProjectMegaSample/ProjectMegaSample/Content/_WeaponsPacks/MilitaryWeapSilver/FX/Textures/T_Debris_Tileable_01.uasset" 4232
"../../../../hooy/ProjectMegaSample/ProjectMegaSample/Content/_WeaponsPacks/MilitaryWeapSilver/FX/Textures/T_Pistol_Smoke_2x2_A.uasset" 4233
"../../../../hooy/ProjectMegaSample/ProjectMegaSample/Content/_WeaponsPacks/MilitaryWeapSilver/FX/Textures/T_Ember_01.uasset" 4234
"../../../../hooy/ProjectMegaSample/ProjectMegaSample/Content/_WeaponsPacks/MilitaryWeapSilver/FX/Textures/T_LightRay_01.uasset" 4235
"../../../../hooy/ProjectMegaSample/ProjectMegaSample/Content/_WeaponsPacks/MilitaryWeapSilver/FX/Textures/T_RockSmall_01.uasset" 4236
"../../../../hooy/ProjectMegaSample/ProjectMegaSample/Content/_WeaponsPacks/MilitaryWeapSilver/FX/Textures/T_Shockwave_NormalMap_01.uasset" 4237
"../../../../hooy/ProjectMegaSample/ProjectMegaSample/Content/_WeaponsPacks/MilitaryWeapSilver/FX/Textures/T_SmokeRibbon_01.uasset" 4238
"../../../../hooy/ProjectMegaSample/ProjectMegaSample/Content/_WeaponsPacks/MilitaryWeapSilver/FX/Materials/M_Explosion_8x8_A_01.uasset" 4239
"../../../../hooy/ProjectMegaSample/ProjectMegaSample/Content/Fab/MagmaSciFiPistol/Textures/T_Hammer_ARM_2K.uasset" 4240
"../../../../hooy/ProjectMegaSample/ProjectMegaSample/Content/Fab/MagmaSciFiPistol/Textures/T_Hammer_BaseColor_2K.uasset" 4241
"../../../../hooy/ProjectMegaSample/ProjectMegaSample/Content/Fab/MagmaSciFiPistol/Textures/T_Hammer_Emissive_2K.uasset" 4242
"../../../../hooy/ProjectMegaSample/ProjectMegaSample/Content/Fab/MagmaSciFiPistol/Textures/T_Hammer_Normal_2K.uasset" 4243
"../../../../hooy/ProjectMegaSample/ProjectMegaSample/Content/Fab/MagmaSciFiPistol/Textures/T_BaseColor_2K.uasset" 4244
"../../../../hooy/ProjectMegaSample/ProjectMegaSample/Content/Fab/MagmaSciFiPistol/Textures/T_Handle_ARM_2K.uasset" 4245
"../../../../hooy/ProjectMegaSample/ProjectMegaSample/Content/Fab/MagmaSciFiPistol/Textures/T_Handle_Emissive_2K.uasset" 4246
"../../../../hooy/ProjectMegaSample/ProjectMegaSample/Content/Fab/MagmaSciFiPistol/Textures/T_Handle_Normal_2K.uasset" 4247
"../../../../hooy/ProjectMegaSample/ProjectMegaSample/Content/Fab/GUN_Pistol_Orange/pistolorange/Textures/pistolorange_texture_0.uasset" 4248
"../../../../hooy/ProjectMegaSample/ProjectMegaSample/Content/Fab/GUN_Pistol_Orange/pistolorange/Textures/pistolorange_texture_1.uasset" 4249
"../../../../hooy/ProjectMegaSample/ProjectMegaSample/Content/Fab/GUN_Pistol_Orange/pistolorange/Textures/pistolorange_texture_2.uasset" 4250
"../../../../hooy/ProjectMegaSample/ProjectMegaSample/Content/SoulCity/Effects/Textures/Noise/T_HeatTile3_N.uasset" 4251
"../../Plugins/FX/Niagara/Content/Functions/Localspace/TransformBase.uasset" 4252
"../../Plugins/FX/Niagara/Content/Functions/Rotation/QuaternionToRotationMatrix.uasset" 4253
"../../Plugins/FX/Niagara/Content/Functions/GetRandomInfo.uasset" 4254
"../../Plugins/FX/Niagara/Content/Functions/Rotation/AngleBetweenQuaternions.uasset" 4255
"../../Plugins/FX/Niagara/Content/Functions/Trig/SinXoverXinRadians.uasset" 4256
"../../Plugins/FX/Niagara/Content/Functions/Collision/PlaneSphereCollisionDetection.uasset" 4257
"../../Plugins/FX/Niagara/Content/Functions/Collision/RandomizeCollisionNormals.uasset" 4258
"../../Plugins/FX/Niagara/Content/Functions/ReflectVector.uasset" 4259
"../../Plugins/FX/Niagara/Content/Functions/Textures/CalculateA_VolumeTexturesDistanceFieldGradient.uasset" 4260
"../../Plugins/FX/Niagara/Content/Modules/Collision/NiagaraDistanceFieldCollisions.uasset" 4261
"../../Plugins/FX/Niagara/Content/Modules/Collision/SceneDepthTest.uasset" 4262
"../../Plugins/FX/Niagara/Content/Enums/ENiagara_Float4Channel.uasset" 4263
"../../Plugins/FX/Niagara/Content/Functions/RandomRangeFloat.uasset" 4264
"../../Plugins/FX/Niagara/Content/Functions/IsolateLongestVectorComponent.uasset" 4265
"../../Plugins/FX/Niagara/Content/Functions/RandomUnitVector.uasset" 4266
"../../Plugins/FX/Niagara/Content/Functions/ChannelMasks/SelectV4Channel.uasset" 4267
"../../Plugins/FX/Niagara/Content/Enums/ENiagaraVector4_Channels.uasset" 4268
"../../Plugins/FX/Niagara/Content/Functions/FindAngleBetweenVectors.uasset" 4269
"../../../../hooy/ProjectMegaSample/ProjectMegaSample/Content/VFXy_Klaudii/Mesh/M_Metallic.uasset" 4270
"../../../../hooy/ProjectMegaSample/ProjectMegaSample/Content/Characters/Mannequins/Rigs/Poses/Manny/Manny_calf_l_anim.uasset" 4271
"../../../../hooy/ProjectMegaSample/ProjectMegaSample/Content/Characters/Mannequins/Rigs/Poses/Manny/Manny_calf_r_anim.uasset" 4272
"../../../../hooy/ProjectMegaSample/ProjectMegaSample/Content/Characters/Mannequins/Rigs/Poses/Manny/Manny_clavicle_l_anim.uasset" 4273
"../../../../hooy/ProjectMegaSample/ProjectMegaSample/Content/Characters/Mannequins/Rigs/Poses/Manny/Manny_clavicle_r_anim.uasset" 4274
"../../../../hooy/ProjectMegaSample/ProjectMegaSample/Content/Characters/Mannequins/Rigs/Poses/Manny/Manny_foot_l_anim.uasset" 4275
"../../../../hooy/ProjectMegaSample/ProjectMegaSample/Content/Characters/Mannequins/Rigs/Poses/Manny/Manny_foot_r_anim.uasset" 4276
"../../../../hooy/ProjectMegaSample/ProjectMegaSample/Content/Characters/Mannequins/Rigs/Poses/Manny/Manny_hand_l_anim.uasset" 4277
"../../../../hooy/ProjectMegaSample/ProjectMegaSample/Content/Characters/Mannequins/Rigs/Poses/Manny/Manny_hand_r_anim.uasset" 4278
"../../../../hooy/ProjectMegaSample/ProjectMegaSample/Content/Characters/Mannequins/Rigs/Poses/Manny/Manny_lowerarm_l_anim.uasset" 4279
"../../../../hooy/ProjectMegaSample/ProjectMegaSample/Content/Characters/Mannequins/Rigs/Poses/Manny/Manny_lowerarm_r_anim.uasset" 4280
"../../../../hooy/ProjectMegaSample/ProjectMegaSample/Content/Characters/Mannequins/Rigs/Poses/Manny/Manny_thigh_l_anim.uasset" 4281
"../../../../hooy/ProjectMegaSample/ProjectMegaSample/Content/Characters/Mannequins/Rigs/Poses/Manny/Manny_thigh_r_anim.uasset" 4282
"../../../../hooy/ProjectMegaSample/ProjectMegaSample/Content/Characters/Mannequins/Rigs/Poses/Manny/Manny_upperarm_l_anim.uasset" 4283
"../../../../hooy/ProjectMegaSample/ProjectMegaSample/Content/Characters/Mannequins/Rigs/Poses/Manny/Manny_upperarm_r_anim.uasset" 4284
"../../Plugins/Interchange/Assets/Content/Functions/MF_IridescenceNoLUT.uasset" 4285
"../../Plugins/Interchange/Assets/Content/gltf/MaterialBodies/MF_Default_Body.uasset" 4286
"../../Plugins/Interchange/Assets/Content/gltf/MaterialFunctions/MF_BaseColor.uasset" 4287
"../../Plugins/Interchange/Assets/Content/gltf/MaterialFunctions/MF_Emissive.uasset" 4288
"../../Plugins/Interchange/Assets/Content/gltf/MaterialFunctions/MF_IOR.uasset" 4289
"../../Plugins/Interchange/Assets/Content/gltf/MaterialFunctions/MF_Iridescence.uasset" 4290
"../../Plugins/Interchange/Assets/Content/gltf/MaterialFunctions/MF_MetallicRoughness.uasset" 4291
"../../Plugins/Interchange/Assets/Content/gltf/MaterialFunctions/MF_Normals.uasset" 4292
"../../Plugins/Interchange/Assets/Content/gltf/MaterialFunctions/MF_Occlusion.uasset" 4293
"../../Plugins/Interchange/Assets/Content/gltf/MaterialFunctions/MF_RotateNormals_TS.uasset" 4294
"../../Plugins/Interchange/Assets/Content/gltf/MaterialFunctions/MF_RotateV2.uasset" 4295
"../../Plugins/Interchange/Assets/Content/gltf/MaterialFunctions/MF_ScaleNormal.uasset" 4296
"../../Plugins/Interchange/Assets/Content/gltf/MaterialFunctions/MF_Specular.uasset" 4297
"../../Plugins/Interchange/Assets/Content/gltf/MaterialFunctions/MF_SpecularAnisotropy.uasset" 4298
"../../Plugins/Interchange/Assets/Content/gltf/MaterialFunctions/MF_TransformUVs.uasset" 4299
"../../Plugins/Interchange/Assets/Content/gltf/Textures/T_Anisotropy_Direction_Linear.uasset" 4300
"../../Plugins/Interchange/Assets/Content/gltf/Textures/T_Generic_N.uasset" 4301
"../../Plugins/Interchange/Assets/Content/gltf/Textures/T_White_Linear.uasset" 4302
"../../Plugins/Interchange/Assets/Content/gltf/Textures/T_White_srgb.uasset" 4303
"../../../../hooy/ProjectMegaSample/ProjectMegaSample/Content/_WeaponsPacks/MilitaryWeapSilver/FX/Textures/T_Pistol_MuzzleFlashes_4x1_B.uasset" 4304
"../../../../hooy/ProjectMegaSample/ProjectMegaSample/Content/_WeaponsPacks/MilitaryWeapSilver/FX/Textures/T_FL_Detail_01.uasset" 4305
"../../../../hooy/ProjectMegaSample/ProjectMegaSample/Content/_WeaponsPacks/MilitaryWeapSilver/FX/Textures/T_Pistol_Streaks_01.uasset" 4306
"../../../../hooy/ProjectMegaSample/ProjectMegaSample/Content/_WeaponsPacks/MilitaryWeapSilver/FX/Textures/T_Smoke_8x8_B_01.uasset" 4307
"../../../../hooy/ProjectMegaSample/ProjectMegaSample/Content/_WeaponsPacks/MilitaryWeapSilver/FX/Textures/T_Spherical_NormalMap_01.uasset" 4308
"../../../Engine/Content/Functions/Engine_MaterialFunctions01/Texturing/ComputeMipLevel.uasset" 4309
"../../../Engine/Content/Functions/Engine_MaterialFunctions02/HueShift.uasset" 4310
"../../../Engine/Content/Functions/Engine_MaterialFunctions02/Texturing/FlipBook.uasset" 4311
"../../../Engine/Content/Functions/Engine_MaterialFunctions02/Texturing/ScreenAlignedPixelToPixelUVs.uasset" 4312
"../../../Engine/Content/Functions/Engine_MaterialFunctions02/Utility/DebugFloat2Values.uasset" 4313
"../../../Engine/Content/Functions/Engine_MaterialFunctions02/Utility/DebugScalarValues.uasset" 4314
"../../../Engine/Content/Functions/Engine_MaterialFunctions02/Utility/DitherTemporalAA.uasset" 4315
"../../../Engine/Content/Functions/Engine_MaterialFunctions02/Utility/Swizzle.uasset" 4316
"../../../Engine/Content/Functions/Engine_MaterialFunctions02/ExampleContent/Textures/DebugNumberPeriod.uasset" 4317
"../../../Engine/Content/Functions/Engine_MaterialFunctions02/ExampleContent/Textures/flipbook.uasset" 4318
"../../../../hooy/ProjectMegaSample/ProjectMegaSample/Content/_SplineVFX/_GenericSource/Texture/T_Vfx_Stamp_firestand_88.uasset" 4319
"../../../Engine/Content/Functions/Engine_MaterialFunctions02/Utility/VectorToRadialValue.uasset" 4320
"../../Plugins/Enterprise/DatasmithContent/Content/Materials/Water/Textures/T_Water_LF_N.uasset" 4321
"../../../../hooy/ProjectMegaSample/ProjectMegaSample/Content/VFXy_Klaudii/Textures/T_Crack.uasset" 4322
"../../../../hooy/ProjectMegaSample/ProjectMegaSample/Content/_WeaponsPacks/MilitaryWeapSilver/FX/Textures/T_Explosion_8x8_Density_01.uasset" 4323
"../../../../hooy/ProjectMegaSample/ProjectMegaSample/Content/_WeaponsPacks/MilitaryWeapSilver/FX/Textures/T_Explosion_8x8_Erode_01.uasset" 4324
"../../../../hooy/ProjectMegaSample/ProjectMegaSample/Content/_WeaponsPacks/MilitaryWeapSilver/FX/Textures/T_Explosion_8x8_Temperature_01.uasset" 4325
"../../../../hooy/ProjectMegaSample/ProjectMegaSample/Content/_WeaponsPacks/MilitaryWeapSilver/FX/Textures/T_Explosion_Macro_01.uasset" 4326
"/Game/Sound/Dubbing/carlos_hack1v1" 4327
"D:/Pliki program?w (x86)/hooy/ProjectMegaSample/ProjectMegaSample/Content/Blueprints/BP_ChangeSighAngleValue.uasset" 4328
"D:/Pliki program?w (x86)/hooy/ProjectMegaSample/ProjectMegaSample/Content/Sound/carHackAllarm.uasset" 4329
"D:/Pliki program?w (x86)/hooy/ProjectMegaSample/ProjectMegaSample/Content/_GENERATED/Mateusz/CubeGridToolOutput_1E22D674.uasset" 4330
"D:/Pliki program?w (x86)/hooy/ProjectMegaSample/ProjectMegaSample/Content/VehicleVarietyPack/Textures/BoxTruck/TX_Truck_Box_Diffuse.uasset" 4331
"/Game/Sound/Dubbing/iksu_wokal_DUPECZKA_modified_v0_1" 4332
"/Game/Sound/SA_Ship" 4333
"/Game/Cinematics/LS_Ship" 4334
"/Game/_GENERATED/Mateusz/CubeGridToolOutput_03BDFD20" 4335
"/Game/SoulCity/Environment/Meshes/Building_Slum/SM_Slums_Pipe_05e_LOD02" 4336
"../../../../hooy/ProjectMegaSample/ProjectMegaSample/Content/SoulCity/Environment/Materials/Building/MI_Slums_2P.uasset" 4337
"../../../../hooy/ProjectMegaSample/ProjectMegaSample/Content/SoulCity/Environment/Materials/Building/M_Slums_2.uasset" 4338
"../../../../hooy/ProjectMegaSample/ProjectMegaSample/Content/SoulCity/Environment/Textures/Building_Slum/T_Slums_PipeTexture_01b_M.uasset" 4339
"../../../../hooy/ProjectMegaSample/ProjectMegaSample/Content/SoulCity/Environment/Textures/Building_Slum/T_Slums_PipeTexture_01b_N.uasset" 4340
"../../../Engine/Content/Functions/Engine_MaterialFunctions01/Gradient/LinearGradient.uasset" 4341
"../../../Engine/Content/Functions/Engine_MaterialFunctions01/ImageAdjustment/CheapContrast.uasset" 4342
"../../../Engine/Content/Functions/Engine_MaterialFunctions02/Math/CreateThirdOrthogonalVector.uasset" 4343
"../../../Engine/Content/Functions/Engine_MaterialFunctions02/Utility/BlendAngleCorrectedNormals.uasset" 4344
"../../../Engine/Content/Functions/Engine_MaterialFunctions02/WorldAlignedNormals_HighQuality.uasset" 4345
"../../../Engine/Content/Functions/MaterialLayerFunctions/MatLayerBlend_BakedNormal.uasset" 4346
"../../../Engine/Content/Functions/MaterialLayerFunctions/MatLayerBlend_Standard.uasset" 4347
"../../../Engine/Content/Functions/MaterialLayerFunctions/MatLayerBlend_Tint.uasset" 4348
"../../../../hooy/ProjectMegaSample/ProjectMegaSample/Content/SoulCity/Environment/Materials/Functions/MF_WET_RunningWater.uasset" 4349
"../../../../hooy/ProjectMegaSample/ProjectMegaSample/Content/SoulCity/Environment/Materials/Functions/MF_WorldAlignedPanner.uasset" 4350
"../../../../hooy/ProjectMegaSample/ProjectMegaSample/Content/SoulCity/Environment/Materials/MaterialLayers/MF_Slums_Metal.uasset" 4351
"../../../../hooy/ProjectMegaSample/ProjectMegaSample/Content/SoulCity/Environment/Materials/MaterialLayers/MF_Slums_Rusted.uasset" 4352
"../../../../hooy/ProjectMegaSample/ProjectMegaSample/Content/SoulCity/Environment/Textures/Building_Slum/T_Slums_Metal_Rust_03_D.uasset" 4353
"../../../../hooy/ProjectMegaSample/ProjectMegaSample/Content/SoulCity/Environment/Textures/Building_Slum/T_Slums_MetalTexture_M.uasset" 4354
"../../../../hooy/ProjectMegaSample/ProjectMegaSample/Content/SoulCity/Environment/Textures/Building_Slum/T_Slums_MetalTexture_N.uasset" 4355
"../../../../hooy/ProjectMegaSample/ProjectMegaSample/Content/SoulCity/Environment/Textures/Building_Slum/T_Slums_TilingMetal_n.uasset" 4356
"../../../Engine/Content/Functions/Engine_MaterialFunctions02/ExampleContent/Textures/water_d.uasset" 4357
"../../../../hooy/ProjectMegaSample/ProjectMegaSample/Content/SoulCity/Environment/Textures/Water/T_RainPuddleMask.uasset" 4358
"../../../../hooy/ProjectMegaSample/ProjectMegaSample/Content/SoulCity/Environment/Textures/Water/T_RainStreaming_N.uasset" 4359
"../../../../hooy/ProjectMegaSample/ProjectMegaSample/Content/SoulCity/Environment/Textures/Water/T_Soul_Water01_N.uasset" 4360
"../../../Engine/Content/EngineMaterials/DefaultNormal_Uncompressed.uasset" 4361
"../../../../hooy/ProjectMegaSample/ProjectMegaSample/Content/SoulCity/Environment/Textures/Building_Slum/T_Patina_Metal_D.uasset" 4362
"../../../../hooy/ProjectMegaSample/ProjectMegaSample/Content/SoulCity/Environment/Textures/Building_Slum/T_Slums_Metal_Rust_03_N.uasset" 4363
"/Game/SoulCity/Environment/Meshes/Building_Slum/SM_Slums_Pipe_05d" 4364
"/Game/_WeaponsPacks/MilitaryWeapSilver/Sound/RocketLauncher/Wavs/RocketLauncher_Explosion04" 4365
"/Game/Sound/Dubbing/iksu_hack2v1" 4366
"/Game/Sound/Dubbing/carlos_hack2v1" 4367
"/Game/Sound/Dubbing/gruby_hack2v1" 4368
"/Game/Sound/Dubbing/kono_hack2v1" 4369
"/Game/_GENERATED/Mateusz/CubeGridToolOutput_709EF94C" 4370
"/Game/Fab/Old_Metal_Lock/old_metal_lock/Textures/old_metal_lock_texture_2" 4371
"/Game/Fab/Old_Metal_Lock/old_metal_lock/Textures/old_metal_lock_texture_1" 4372
"/Game/Fab/Old_Metal_Lock/old_metal_lock/Textures/old_metal_lock_texture_0" 4373
"/Game/Fab/Old_Metal_Lock/old_metal_lock/Materials/Metal_Lock_Material" 4374
"/Game/Fab/Old_Metal_Lock/old_metal_lock/StaticMeshes/old_metal_lock" 4375
"D:/Pliki program?w (x86)/hooy/ProjectMegaSample/ProjectMegaSample/Content/VehicleVarietyPack/Textures/BoxTruck/TX_Truck_Box_Normal.uasset" 4376
"D:/Pliki program?w (x86)/hooy/ProjectMegaSample/ProjectMegaSample/Content/VehicleVarietyPack/Textures/BoxTruck/TX_Truck_Box_ORM.uasset" 4377
"/Game/VehicleVarietyPack/Textures/BoxTruck/TX_Truck_Box_Normal" 4378
"D:/Pliki program?w (x86)/hooy/ProjectMegaSample/ProjectMegaSample/Content/VehicleVarietyPack/Materials/BoxTruck/M_BoxTruck_Box.uasset" 4379
"D:/Pliki program?w (x86)/hooy/ProjectMegaSample/ProjectMegaSample/Content/VehicleVarietyPack/Textures/Pickup/TX_Pickup_Diffuse_2.uasset" 4380
"/Game/Blueprints/BP_ChangeSighAngleValue" 4381
"D:/Pliki program?w (x86)/hooy/ProjectMegaSample/ProjectMegaSample/Content/VehicleVarietyPack/Textures/Pickup/TX_Pickup_Normal_2.uasset" 4382
"D:/Pliki program?w (x86)/hooy/ProjectMegaSample/ProjectMegaSample/Content/VehicleVarietyPack/Textures/Pickup/TX_Pickup_OPC_2.uasset" 4383
"D:/Pliki program?w (x86)/hooy/ProjectMegaSample/ProjectMegaSample/Content/VehicleVarietyPack/Textures/Pickup/TX_Pickup_ORM.uasset" 4384
"D:/Pliki program?w (x86)/hooy/ProjectMegaSample/ProjectMegaSample/Content/VehicleVarietyPack/Materials/Masters/M_Glass.uasset" 4385
"D:/Pliki program?w (x86)/hooy/ProjectMegaSample/ProjectMegaSample/Content/VehicleVarietyPack/Textures/BoxTruck/TX_Truck_Glass_Diffuse.uasset" 4386
"D:/Pliki program?w (x86)/hooy/ProjectMegaSample/ProjectMegaSample/Content/VehicleVarietyPack/Textures/BoxTruck/TX_Truck_Glass_Normal.uasset" 4387
"D:/Pliki program?w (x86)/hooy/ProjectMegaSample/ProjectMegaSample/Content/VehicleVarietyPack/Textures/BoxTruck/TX_Truck_Glass_OPC.uasset" 4388
"D:/Pliki program?w (x86)/hooy/ProjectMegaSample/ProjectMegaSample/Content/VehicleVarietyPack/Textures/BoxTruck/TX_Truck_Glass_ORM.uasset" 4389
"D:/Pliki program?w (x86)/hooy/ProjectMegaSample/ProjectMegaSample/Content/VehicleVarietyPack/Materials/BoxTruck/Mi_BoxTruck_Glass.uasset" 4390
"D:/Pliki program?w (x86)/hooy/ProjectMegaSample/ProjectMegaSample/Content/VehicleVarietyPack/Textures/BoxTruck/TX_Truck_Interior_Diffuse.uasset" 4391
"D:/Pliki program?w (x86)/hooy/ProjectMegaSample/ProjectMegaSample/Content/VehicleVarietyPack/Textures/BoxTruck/TX_Truck_Interior_Normal.uasset" 4392
"D:/Pliki program?w (x86)/hooy/ProjectMegaSample/ProjectMegaSample/Content/VehicleVarietyPack/Textures/BoxTruck/TX_Truck_Interior_ORM.uasset" 4393
"D:/Pliki program?w (x86)/hooy/ProjectMegaSample/ProjectMegaSample/Content/VehicleVarietyPack/Materials/BoxTruck/M_BoxTruck_Interior.uasset" 4394
"D:/Pliki program?w (x86)/hooy/ProjectMegaSample/ProjectMegaSample/Content/VehicleVarietyPack/Textures/BoxTruck/TX_Truck_Chassis_Diffuse.uasset" 4395
"D:/Pliki program?w (x86)/hooy/ProjectMegaSample/ProjectMegaSample/Content/VehicleVarietyPack/Textures/BoxTruck/TX_Truck_Chassis_EMM.uasset" 4396
"D:/Pliki program?w (x86)/hooy/ProjectMegaSample/ProjectMegaSample/Content/VehicleVarietyPack/Textures/BoxTruck/TX_Truck_Chassis_Normal.uasset" 4397
"D:/Pliki program?w (x86)/hooy/ProjectMegaSample/ProjectMegaSample/Content/VehicleVarietyPack/Textures/BoxTruck/TX_Truck_Chassis_ORM.uasset" 4398
"D:/Pliki program?w (x86)/hooy/ProjectMegaSample/ProjectMegaSample/Content/VehicleVarietyPack/Materials/BoxTruck/M_BoxTruck_Chassis.uasset" 4399
"D:/Pliki program?w (x86)/hooy/ProjectMegaSample/ProjectMegaSample/Content/VehicleVarietyPack/Textures/BoxTruck/TX_Truck_Exterior_Diffuse.uasset" 4400
"D:/Pliki program?w (x86)/hooy/ProjectMegaSample/ProjectMegaSample/Content/VehicleVarietyPack/Textures/BoxTruck/TX_Truck_Exterior_EMM.uasset" 4401
"D:/Pliki program?w (x86)/hooy/ProjectMegaSample/ProjectMegaSample/Content/VehicleVarietyPack/Textures/BoxTruck/TX_Truck_Exterior_Normal.uasset" 4402
"D:/Pliki program?w (x86)/hooy/ProjectMegaSample/ProjectMegaSample/Content/VehicleVarietyPack/Textures/BoxTruck/TX_Truck_Exterior_ORM.uasset" 4403
"D:/Pliki program?w (x86)/hooy/ProjectMegaSample/ProjectMegaSample/Content/VehicleVarietyPack/Materials/BoxTruck/M_BoxTruck_Body.uasset" 4404
"D:/Pliki program?w (x86)/hooy/ProjectMegaSample/ProjectMegaSample/Content/VehicleVarietyPack/Meshes/SM_Truck_Box.uasset" 4405
"/Game/_GENERATED/Mateusz/CubeGridToolOutput_1E22D674" 4406
"/Game/Sound/carHackAllarm" 4407
"/Game/VehicleVarietyPack/Textures/BoxTruck/TX_Truck_Box_Diffuse" 4408
"D:/Pliki program?w (x86)/hooy/ProjectMegaSample/ProjectMegaSample/Content/Blueprints/BP_Hackable_MainHallGate.uasset" 4409
"D:/Pliki program?w (x86)/hooy/ProjectMegaSample/ProjectMegaSample/Content/SoulCity/Environment/Meshes/Building_Slum/SM_Slums_Pipe_05f.uasset" 4410
"D:/Pliki program?w (x86)/hooy/ProjectMegaSample/ProjectMegaSample/Content/Blueprints/BP_HackableObject_Truck.uasset" 4411
"D:/Pliki program?w (x86)/hooy/ProjectMegaSample/ProjectMegaSample/Content/SoulCity/Effects/Textures/Smoke/T_TilingClouds_01_M.uasset" 4412
"D:/Pliki program?w (x86)/hooy/ProjectMegaSample/ProjectMegaSample/Content/SoulCity/Effects/Textures/Smoke/T_SmokeSubUV_8X8_02_D.uasset" 4413
"/Game/VehicleVarietyPack/Meshes/SM_Truck_Box" 4414
"/Game/Blueprints/BP_Hackable_MainHallGate" 4415
"../../../../hooy/ProjectMegaSample/ProjectMegaSample/Content/Fab/Computer_Security_Panel/computer_security_panel/StaticMeshes/computer_security_panel.uasset" 4416
"../../../../hooy/ProjectMegaSample/ProjectMegaSample/Content/VFX/Realistic_Starter_VFX_Pack_Vol2/Particles/Sparks/P_Sparks_C.uasset" 4417
"../../../../hooy/ProjectMegaSample/ProjectMegaSample/Content/Fab/Computer_Security_Panel/computer_security_panel/Materials/lambert1.uasset" 4418
"../../../../hooy/ProjectMegaSample/ProjectMegaSample/Content/Fab/Computer_Security_Panel/computer_security_panel/Textures/computer_security_panel_texture_0.uasset" 4419
"../../../../hooy/ProjectMegaSample/ProjectMegaSample/Content/Fab/Computer_Security_Panel/computer_security_panel/Textures/computer_security_panel_texture_1.uasset" 4420
"../../../../hooy/ProjectMegaSample/ProjectMegaSample/Content/Fab/Computer_Security_Panel/computer_security_panel/Textures/computer_security_panel_texture_2.uasset" 4421
"../../../../hooy/ProjectMegaSample/ProjectMegaSample/Content/Fab/Computer_Security_Panel/computer_security_panel/Textures/computer_security_panel_texture_3.uasset" 4422
"/Game/Blueprints/BP_HackableObject_Truck" 4423
"D:/Pliki program?w (x86)/hooy/ProjectMegaSample/ProjectMegaSample/Content/Blueprints/BP_LockedDoors_Elevator.uasset" 4424
"D:/Pliki program?w (x86)/hooy/ProjectMegaSample/ProjectMegaSample/Content/SoulCity/EffectsMobileOpt/Steam/ParticleSystems/P_ChimneySMoke.uasset" 4425
"D:/Pliki program?w (x86)/hooy/ProjectMegaSample/ProjectMegaSample/Content/VFX/Realistic_Starter_VFX_Pack_Vol2/Vectorfields/VectorField_A.uasset" 4426
"D:/Pliki program?w (x86)/hooy/ProjectMegaSample/ProjectMegaSample/Content/Blueprints/BP_HallPipeEnter.uasset" 4427
"D:/Pliki program?w (x86)/hooy/ProjectMegaSample/ProjectMegaSample/Content/SoulCity/Sound/Wav/AmbientNonLoop/MetalPanel_VibrateRattle_01.uasset" 4428
"D:/Pliki program?w (x86)/hooy/ProjectMegaSample/ProjectMegaSample/Content/VFX/Realistic_Starter_VFX_Pack_Vol2/Materials/M_Glow_B.uasset" 4429
"D:/Pliki program?w (x86)/hooy/ProjectMegaSample/ProjectMegaSample/Content/SoulCity/EffectsMobileOpt/Steam/Materials/M_Snow_Blowing_unLitDistanceFade.uasset" 4430
"D:/Pliki program?w (x86)/hooy/ProjectMegaSample/ProjectMegaSample/Content/VFX/Realistic_Starter_VFX_Pack_Vol2/Particles/Explosion/P_Explosion_Smoke.uasset" 4431
"D:/Pliki program?w (x86)/hooy/ProjectMegaSample/ProjectMegaSample/Content/VFX/Realistic_Starter_VFX_Pack_Vol2/Textures/T_Smoke_A.uasset" 4432
"../../../Engine/Content/Functions/Engine_MaterialFunctions01/Gradient/SphereGradient-2D.uasset" 4433
"D:/Pliki program?w (x86)/hooy/ProjectMegaSample/ProjectMegaSample/Content/Blueprints/BP_Scaffolding.uasset" 4434
"D:/Pliki program?w (x86)/hooy/ProjectMegaSample/ProjectMegaSample/Content/Fab/Ship_Var_-_FANTASY_INDUSTRIAL_SCIFI_HALL_JFG/ship_var_fantasy_industrial_scifi_hall_jfg/Textures/ship_var_fantasy_industrial_scifi_hall_jfg_texture_17.uasset" 4435
"D:/Pliki program?w (x86)/hooy/ProjectMegaSample/ProjectMegaSample/Content/Fab/Ship_Var_-_FANTASY_INDUSTRIAL_SCIFI_HALL_JFG/ship_var_fantasy_industrial_scifi_hall_jfg/Textures/ship_var_fantasy_industrial_scifi_hall_jfg_texture_18.uasset" 4436
"/Game/SoulCity/Effects/Textures/Smoke/T_SmokeSubUV_8X8_02_D" 4437
"D:/Pliki program?w (x86)/hooy/ProjectMegaSample/ProjectMegaSample/Content/VFX/Realistic_Starter_VFX_Pack_Vol2/Materials/M_Smoke_C.uasset" 4438
"D:/Pliki program?w (x86)/hooy/ProjectMegaSample/ProjectMegaSample/Content/SoulCity/Environment/Meshes/Building_Slum/SM_Slums_Scaffolding_01a_OP.uasset" 4439
"D:/Pliki program?w (x86)/hooy/ProjectMegaSample/ProjectMegaSample/Content/VFX/Realistic_Starter_VFX_Pack_Vol2/Materials/M_Distortion.uasset" 4440
"D:/Pliki program?w (x86)/hooy/ProjectMegaSample/ProjectMegaSample/Content/Fab/Ship_Var_-_FANTASY_INDUSTRIAL_SCIFI_HALL_JFG/ship_var_fantasy_industrial_scifi_hall_jfg/Textures/ship_var_fantasy_industrial_scifi_hall_jfg_texture_16.uasset" 4441
"D:/Pliki program?w (x86)/hooy/ProjectMegaSample/ProjectMegaSample/Content/Fab/Ship_Var_-_FANTASY_INDUSTRIAL_SCIFI_HALL_JFG/ship_var_fantasy_industrial_scifi_hall_jfg/Textures/ship_var_fantasy_industrial_scifi_hall_jfg_texture_15.uasset" 4442
"D:/Pliki program?w (x86)/hooy/ProjectMegaSample/ProjectMegaSample/Content/Sound/Building_Collapse_Scaffolding_Sound_Effect.uasset" 4443
"D:/Pliki program?w (x86)/hooy/ProjectMegaSample/ProjectMegaSample/Content/Fab/Ship_Var_-_FANTASY_INDUSTRIAL_SCIFI_HALL_JFG/ship_var_fantasy_industrial_scifi_hall_jfg/Materials/M_Ship_JFG_Platform.uasset" 4444
"D:/Pliki program?w (x86)/hooy/ProjectMegaSample/ProjectMegaSample/Content/Fab/Ship_Var_-_FANTASY_INDUSTRIAL_SCIFI_HALL_JFG/ship_var_fantasy_industrial_scifi_hall_jfg/Textures/ship_var_fantasy_industrial_scifi_hall_jfg_texture_14.uasset" 4445
"D:/Pliki program?w (x86)/hooy/ProjectMegaSample/ProjectMegaSample/Content/Fab/Ship_Var_-_FANTASY_INDUSTRIAL_SCIFI_HALL_JFG/ship_var_fantasy_industrial_scifi_hall_jfg/Textures/ship_var_fantasy_industrial_scifi_hall_jfg_texture_12.uasset" 4446
"D:/Pliki program?w (x86)/hooy/ProjectMegaSample/ProjectMegaSample/Content/Fab/Ship_Var_-_FANTASY_INDUSTRIAL_SCIFI_HALL_JFG/ship_var_fantasy_industrial_scifi_hall_jfg/Textures/ship_var_fantasy_industrial_scifi_hall_jfg_texture_13.uasset" 4447
"D:/Pliki program?w (x86)/hooy/ProjectMegaSample/ProjectMegaSample/Content/Fab/Ship_Var_-_FANTASY_INDUSTRIAL_SCIFI_HALL_JFG/ship_var_fantasy_industrial_scifi_hall_jfg/Textures/ship_var_fantasy_industrial_scifi_hall_jfg_texture_11.uasset" 4448
"D:/Pliki program?w (x86)/hooy/ProjectMegaSample/ProjectMegaSample/Content/Fab/Ship_Var_-_FANTASY_INDUSTRIAL_SCIFI_HALL_JFG/ship_var_fantasy_industrial_scifi_hall_jfg/Textures/ship_var_fantasy_industrial_scifi_hall_jfg_texture_9.uasset" 4449
"D:/Pliki program?w (x86)/hooy/ProjectMegaSample/ProjectMegaSample/Content/Fab/Ship_Var_-_FANTASY_INDUSTRIAL_SCIFI_HALL_JFG/ship_var_fantasy_industrial_scifi_hall_jfg/Materials/M_Ship_JFG_FlyingPods.uasset" 4450
"D:/Pliki program?w (x86)/hooy/ProjectMegaSample/ProjectMegaSample/Content/Fab/Ship_Var_-_FANTASY_INDUSTRIAL_SCIFI_HALL_JFG/ship_var_fantasy_industrial_scifi_hall_jfg/Textures/ship_var_fantasy_industrial_scifi_hall_jfg_texture_5.uasset" 4451
"D:/Pliki program?w (x86)/hooy/ProjectMegaSample/ProjectMegaSample/Content/Fab/Ship_Var_-_FANTASY_INDUSTRIAL_SCIFI_HALL_JFG/ship_var_fantasy_industrial_scifi_hall_jfg/Materials/M_Ship_JFG_Glass.uasset" 4452
"D:/Pliki program?w (x86)/hooy/ProjectMegaSample/ProjectMegaSample/Content/Fab/Ship_Var_-_FANTASY_INDUSTRIAL_SCIFI_HALL_JFG/ship_var_fantasy_industrial_scifi_hall_jfg/Textures/ship_var_fantasy_industrial_scifi_hall_jfg_texture_10.uasset" 4453
"/Game/SoulCity/Effects/Textures/Smoke/T_TilingClouds_01_M" 4454
"/Game/SoulCity/Environment/Meshes/Building_Slum/SM_Slums_Pipe_05f" 4455
"/Game/Blueprints/BP_LockedDoors_Elevator" 4456
"../../../../hooy/ProjectMegaSample/ProjectMegaSample/Content/Blueprints/BP_LockedDoors.uasset" 4457
"../../../../hooy/ProjectMegaSample/ProjectMegaSample/Content/Blueprints/Interfaces/BPI_ScriptedInteraction.uasset" 4458
"../../../../hooy/ProjectMegaSample/ProjectMegaSample/Content/Sound/accessDenidedDoor.uasset" 4459
"../../../../hooy/ProjectMegaSample/ProjectMegaSample/Content/Sound/accessGrantedDoor.uasset" 4460
"../../../../hooy/ProjectMegaSample/ProjectMegaSample/Content/Sound/drzwi.uasset" 4461
"../../../../hooy/ProjectMegaSample/ProjectMegaSample/Content/UI/W_InteractionPrompt_Interaction.uasset" 4462
"D:/Pliki program?w (x86)/hooy/ProjectMegaSample/ProjectMegaSample/Content/Fab/Ship_Var_-_FANTASY_INDUSTRIAL_SCIFI_HALL_JFG/ship_var_fantasy_industrial_scifi_hall_jfg/Textures/ship_var_fantasy_industrial_scifi_hall_jfg_texture_4.uasset" 4463
"D:/Pliki program?w (x86)/hooy/ProjectMegaSample/ProjectMegaSample/Content/Fab/Ship_Var_-_FANTASY_INDUSTRIAL_SCIFI_HALL_JFG/ship_var_fantasy_industrial_scifi_hall_jfg/Materials/M_Ship_JFG_Cables.uasset" 4464
"D:/Pliki program?w (x86)/hooy/ProjectMegaSample/ProjectMegaSample/Content/Fab/Ship_Var_-_FANTASY_INDUSTRIAL_SCIFI_HALL_JFG/ship_var_fantasy_industrial_scifi_hall_jfg/Textures/ship_var_fantasy_industrial_scifi_hall_jfg_texture_3.uasset" 4465
"D:/Pliki program?w (x86)/hooy/ProjectMegaSample/ProjectMegaSample/Content/Fab/Ship_Var_-_FANTASY_INDUSTRIAL_SCIFI_HALL_JFG/ship_var_fantasy_industrial_scifi_hall_jfg/Textures/ship_var_fantasy_industrial_scifi_hall_jfg_texture_2.uasset" 4466
"/Game/Fab/Ship_Var_-_FANTASY_INDUSTRIAL_SCIFI_HALL_JFG/ship_var_fantasy_industrial_scifi_hall_jfg/Textures/ship_var_fantasy_industrial_scifi_hall_jfg_texture_5" 4467
"/Game/Fab/Ship_Var_-_FANTASY_INDUSTRIAL_SCIFI_HALL_JFG/ship_var_fantasy_industrial_scifi_hall_jfg/Materials/M_Ship_JFG_FlyingPods" 4468
"/Game/Fab/Ship_Var_-_FANTASY_INDUSTRIAL_SCIFI_HALL_JFG/ship_var_fantasy_industrial_scifi_hall_jfg/Materials/M_Ship_JFG_Glass" 4469
"../../Plugins/Interchange/Assets/Content/gltf/MaterialInstances/MI_Transmission_DS.uasset" 4470
"../../Plugins/Interchange/Assets/Content/gltf/M_Transmission.uasset" 4471
"../../../Engine/Content/Functions/Engine_MaterialFunctions03/Math/RemapValueRange.uasset" 4472
"../../Plugins/Interchange/Assets/Content/Functions/MF_Iridescence.uasset" 4473
"../../Plugins/Interchange/Assets/Content/gltf/MaterialBodies/MF_Transmission_Body.uasset" 4474
"../../Plugins/Interchange/Assets/Content/gltf/MaterialFunctions/MF_Fresnel_DS.uasset" 4475
"../../Plugins/Interchange/Assets/Content/gltf/MaterialFunctions/MF_Temporal_Blur.uasset" 4476
"../../Plugins/Interchange/Assets/Content/gltf/MaterialFunctions/MF_Transmission.uasset" 4477
"../../Plugins/Interchange/Assets/Content/Utilities/New_LUT.uasset" 4478
"/Game/Fab/Ship_Var_-_FANTASY_INDUSTRIAL_SCIFI_HALL_JFG/ship_var_fantasy_industrial_scifi_hall_jfg/Materials/M_Ship_JFG_Platform" 4479
"/Game/Blueprints/BP_Scaffolding" 4480
"../../../../hooy/ProjectMegaSample/ProjectMegaSample/Content/SoulCity/Environment/Materials/Building/MI_Slums_Metalwork.uasset" 4481
"../../../../hooy/ProjectMegaSample/ProjectMegaSample/Content/SoulCity/Environment/Materials/Building/M_Slums_Metalwork.uasset" 4482
"../../../Engine/Content/Functions/MaterialLayerFunctions/MatLayerBlend_ModulateRoughness.uasset" 4483
"../../../../hooy/ProjectMegaSample/ProjectMegaSample/Content/SoulCity/Environment/Materials/Functions/MF_Switch.uasset" 4484
"../../../../hooy/ProjectMegaSample/ProjectMegaSample/Content/SoulCity/Environment/Materials/MaterialLayers/MF_Slums_Paint.uasset" 4485
"../../../../hooy/ProjectMegaSample/ProjectMegaSample/Content/SoulCity/Environment/Textures/Building_Slum/T_Slums_TilingMetal_D.uasset" 4486
"../../../../hooy/ProjectMegaSample/ProjectMegaSample/Content/SoulCity/Environment/Textures/Building_Slum/T_Slums_Metal_Scratches_02_D.uasset" 4487
"../../../../hooy/ProjectMegaSample/ProjectMegaSample/Content/SoulCity/Environment/Textures/Building_Slum/T_Slums_Metal_Scratches_02_N.uasset" 4488
"../../../../hooy/ProjectMegaSample/ProjectMegaSample/Content/SoulCity/Sound/Wav/AmbientNonLoop/MetalPanel_VibrateRattle_01.uasset" 4489
"/Game/Blueprints/BP_HallPipeEnter" 4490
"D:/Pliki program?w (x86)/hooy/ProjectMegaSample/ProjectMegaSample/Content/Fab/Ship_Var_-_FANTASY_INDUSTRIAL_SCIFI_HALL_JFG/ship_var_fantasy_industrial_scifi_hall_jfg/Textures/ship_var_fantasy_industrial_scifi_hall_jfg_texture_0.uasset" 4491
"D:/Pliki program?w (x86)/hooy/ProjectMegaSample/ProjectMegaSample/Content/Fab/Ship_Var_-_FANTASY_INDUSTRIAL_SCIFI_HALL_JFG/ship_var_fantasy_industrial_scifi_hall_jfg/Textures/ship_var_fantasy_industrial_scifi_hall_jfg_texture_1.uasset" 4492
"D:/Pliki program?w (x86)/hooy/ProjectMegaSample/ProjectMegaSample/Content/Fab/Ship_Var_-_FANTASY_INDUSTRIAL_SCIFI_HALL_JFG/ship_var_fantasy_industrial_scifi_hall_jfg/Materials/M_Ship_JFG_Base.uasset" 4493
"D:/Pliki program?w (x86)/hooy/ProjectMegaSample/ProjectMegaSample/Content/Fab/Ship_Var_-_FANTASY_INDUSTRIAL_SCIFI_HALL_JFG/ship_var_fantasy_industrial_scifi_hall_jfg/Textures/ship_var_fantasy_industrial_scifi_hall_jfg_texture_24.uasset" 4494
"D:/Pliki program?w (x86)/hooy/ProjectMegaSample/ProjectMegaSample/Content/Fab/Ship_Var_-_FANTASY_INDUSTRIAL_SCIFI_HALL_JFG/ship_var_fantasy_industrial_scifi_hall_jfg/Textures/ship_var_fantasy_industrial_scifi_hall_jfg_texture_23.uasset" 4495
"D:/Pliki program?w (x86)/hooy/ProjectMegaSample/ProjectMegaSample/Content/Fab/Ship_Var_-_FANTASY_INDUSTRIAL_SCIFI_HALL_JFG/ship_var_fantasy_industrial_scifi_hall_jfg/Textures/ship_var_fantasy_industrial_scifi_hall_jfg_texture_22.uasset" 4496
"D:/Pliki program?w (x86)/hooy/ProjectMegaSample/ProjectMegaSample/Content/Fab/Ship_Var_-_FANTASY_INDUSTRIAL_SCIFI_HALL_JFG/ship_var_fantasy_industrial_scifi_hall_jfg/Textures/ship_var_fantasy_industrial_scifi_hall_jfg_texture_19.uasset" 4497
"D:/Pliki program?w (x86)/hooy/ProjectMegaSample/ProjectMegaSample/Content/VFXy_Klaudii/Textures/T_Perlin_Noise_M.uasset" 4498
"D:/Pliki program?w (x86)/hooy/ProjectMegaSample/ProjectMegaSample/Content/Fab/Ship_Var_-_FANTASY_INDUSTRIAL_SCIFI_HALL_JFG/ship_var_fantasy_industrial_scifi_hall_jfg/Textures/ship_var_fantasy_industrial_scifi_hall_jfg_texture_21.uasset" 4499
"D:/Pliki program?w (x86)/hooy/ProjectMegaSample/ProjectMegaSample/Content/Fab/Ship_Var_-_FANTASY_INDUSTRIAL_SCIFI_HALL_JFG/ship_var_fantasy_industrial_scifi_hall_jfg/Materials/M_Ship_JFG_Turbine_Base.uasset" 4500
"/Game/Fab/Ship_Var_-_FANTASY_INDUSTRIAL_SCIFI_HALL_JFG/ship_var_fantasy_industrial_scifi_hall_jfg/Textures/ship_var_fantasy_industrial_scifi_hall_jfg_texture_2" 4501
"D:/Pliki program?w (x86)/hooy/ProjectMegaSample/ProjectMegaSample/Content/Fab/Ship_Var_-_FANTASY_INDUSTRIAL_SCIFI_HALL_JFG/ship_var_fantasy_industrial_scifi_hall_jfg/Materials/M_Ship_JFG_Turbines.uasset" 4502
"D:/Pliki program?w (x86)/hooy/ProjectMegaSample/ProjectMegaSample/Content/Fab/Ship_Var_-_FANTASY_INDUSTRIAL_SCIFI_HALL_JFG/ship_var_fantasy_industrial_scifi_hall_jfg/Textures/ship_var_fantasy_industrial_scifi_hall_jfg_texture_20.uasset" 4503
"D:/Pliki program?w (x86)/hooy/ProjectMegaSample/ProjectMegaSample/Content/VFXy_Klaudii/Materials/M_Thruster.uasset" 4504
"../../../Engine/Content/Functions/Engine_MaterialFunctions01/Opacity/SoftOpacity.uasset" 4505
"D:/Pliki program?w (x86)/hooy/ProjectMegaSample/ProjectMegaSample/Content/Fab/Ship_Var_-_FANTASY_INDUSTRIAL_SCIFI_HALL_JFG/ship_var_fantasy_industrial_scifi_hall_jfg/StaticMeshes/ship_var_fantasy_industrial_scifi_hall_jfg.uasset" 4506
"../../../Engine/Plugins/FX/Niagara/Content/DefaultAssets/Templates/CascadeConversion/CompletelyEmpty.uasset" 4507
"D:/Pliki program?w (x86)/hooy/ProjectMegaSample/ProjectMegaSample/Content/VFXy_Klaudii/Textures/T_Thruster_Detail.uasset" 4508
"../../../Engine/Plugins/FX/Niagara/Content/Functions/DistanceBasedFalloff.uasset" 4509
"../../../Engine/Plugins/FX/Niagara/Content/Functions/PointToLineSegmentDistance.uasset" 4510
"../../../Engine/Plugins/FX/Niagara/Content/Enums/ENiagaraArraySamplingMode.uasset" 4511
"../../../Engine/Plugins/FX/Niagara/Content/DynamicInputs/Arrays/SelectLinearColorFromArray.uasset" 4512
"../../../Engine/Plugins/FX/Niagara/Content/Modules/Update/Forces/LineAttractionForce.uasset" 4513
"../../../Engine/Plugins/FX/Niagara/Content/Modules/Update/Color/Color.uasset" 4514
"D:/Pliki program?w (x86)/hooy/ProjectMegaSample/ProjectMegaSample/Content/VFXy_Klaudii/NS_ShipThruster.uasset" 4515
"D:/Pliki program?w (x86)/hooy/ProjectMegaSample/ProjectMegaSample/Content/Fab/Big_Crate/big_crate/Textures/big_crate_texture_3.uasset" 4516
"D:/Pliki program?w (x86)/hooy/ProjectMegaSample/ProjectMegaSample/Content/Blueprints/BP_Ship.uasset" 4517
"D:/Pliki program?w (x86)/hooy/ProjectMegaSample/ProjectMegaSample/Content/Fab/Big_Crate/big_crate/Textures/big_crate_texture_2.uasset" 4518
"D:/Pliki program?w (x86)/hooy/ProjectMegaSample/ProjectMegaSample/Content/Fab/Big_Crate/big_crate/Textures/big_crate_texture_1.uasset" 4519
"/Game/Fab/Ship_Var_-_FANTASY_INDUSTRIAL_SCIFI_HALL_JFG/ship_var_fantasy_industrial_scifi_hall_jfg/Materials/M_Ship_JFG_Cables" 4520
"/Game/Fab/Ship_Var_-_FANTASY_INDUSTRIAL_SCIFI_HALL_JFG/ship_var_fantasy_industrial_scifi_hall_jfg/Textures/ship_var_fantasy_industrial_scifi_hall_jfg_texture_1" 4521
"D:/Pliki program?w (x86)/hooy/ProjectMegaSample/ProjectMegaSample/Content/Fab/Big_Crate/big_crate/Textures/big_crate_texture_0.uasset" 4522
"D:/Pliki program?w (x86)/hooy/ProjectMegaSample/ProjectMegaSample/Content/Fab/Big_Crate/big_crate/Materials/WorldGridMaterial.uasset" 4523
"D:/Pliki program?w (x86)/hooy/ProjectMegaSample/ProjectMegaSample/Content/Fab/Big_Crate/big_crate/StaticMeshes/big_crate.uasset" 4524
"../../../Engine/Plugins/Interchange/Assets/Content/gltf/MaterialInstances/MI_Default_Opaque.uasset" 4525
"D:/Pliki program?w (x86)/hooy/ProjectMegaSample/ProjectMegaSample/Content/Fab/Cargo_Container_Mesh/scene/Materials/Mat_Cargo_Container_1.uasset" 4526
"/Game/Fab/Big_Crate/big_crate/Textures/big_crate_texture_1" 4527
"/Game/Fab/Big_Crate/big_crate/Textures/big_crate_texture_2" 4528
"/Game/Fab/Big_Crate/big_crate/Textures/big_crate_texture_3" 4529
"/Game/Blueprints/BP_Ship" 4530
"../../Plugins/FX/Niagara/Content/DynamicInputs/Multiply/Multiply_Float.uasset" 4531
"../../Plugins/FX/Niagara/Content/Modules/Emitter/SpawnRate.uasset" 4532
"../../../../hooy/ProjectMegaSample/ProjectMegaSample/Content/Fab/Ship_Var_-_FANTASY_INDUSTRIAL_SCIFI_HALL_JFG/ship_var_fantasy_industrial_scifi_hall_jfg/Materials/M_Ship_JFG_Door.uasset" 4533
"../../../../hooy/ProjectMegaSample/ProjectMegaSample/Content/Fab/Ship_Var_-_FANTASY_INDUSTRIAL_SCIFI_HALL_JFG/ship_var_fantasy_industrial_scifi_hall_jfg/Textures/ship_var_fantasy_industrial_scifi_hall_jfg_texture_6.uasset" 4534
"../../../../hooy/ProjectMegaSample/ProjectMegaSample/Content/Fab/Ship_Var_-_FANTASY_INDUSTRIAL_SCIFI_HALL_JFG/ship_var_fantasy_industrial_scifi_hall_jfg/Textures/ship_var_fantasy_industrial_scifi_hall_jfg_texture_7.uasset" 4535
"../../../../hooy/ProjectMegaSample/ProjectMegaSample/Content/Fab/Ship_Var_-_FANTASY_INDUSTRIAL_SCIFI_HALL_JFG/ship_var_fantasy_industrial_scifi_hall_jfg/Textures/ship_var_fantasy_industrial_scifi_hall_jfg_texture_8.uasset" 4536
"/InterchangeAssets/gltf/MaterialInstances/MI_Default_Opaque" 4537
"/Game/Fab/Big_Crate/big_crate/Textures/big_crate_texture_0" 4538
"D:/Pliki program?w (x86)/hooy/ProjectMegaSample/ProjectMegaSample/Content/Fab/Cargo_Container_Mesh/scene/Materials/Mat_Cargo_Container_Back.uasset" 4539
"D:/Pliki program?w (x86)/hooy/ProjectMegaSample/ProjectMegaSample/Content/Fab/Cargo_Container_Mesh/scene/Textures/Mat_Cargo_Container_Back_normal.uasset" 4540
"D:/Pliki program?w (x86)/hooy/ProjectMegaSample/ProjectMegaSample/Content/Fab/Cargo_Container_Mesh/scene/Textures/Mat_Cargo_Container_Pipes_baseColor.uasset" 4541
"D:/Pliki program?w (x86)/hooy/ProjectMegaSample/ProjectMegaSample/Content/Fab/Cargo_Container_Mesh/scene/Textures/Mat_Cargo_Container_Back_baseColor.uasset" 4542
"D:/Pliki program?w (x86)/hooy/ProjectMegaSample/ProjectMegaSample/Content/Fab/Cargo_Container_Mesh/scene/Textures/Mat_Cargo_Container_Pipes_metallicRoughness.uasset" 4543
"D:/Pliki program?w (x86)/hooy/ProjectMegaSample/ProjectMegaSample/Content/Fab/Cargo_Container_Mesh/scene/Materials/Mat_Cargo_Container_Pipes.uasset" 4544
"D:/Pliki program?w (x86)/hooy/ProjectMegaSample/ProjectMegaSample/Content/Fab/Cargo_Container_Mesh/scene/Textures/Mat_Cargo_Container_Back_metallicRoughness.uasset" 4545
"D:/Pliki program?w (x86)/hooy/ProjectMegaSample/ProjectMegaSample/Content/Fab/Cargo_Container_Mesh/scene/Textures/Mat_Cargo_Container_Pole_metallicRoughness.uasset" 4546
"D:/Pliki program?w (x86)/hooy/ProjectMegaSample/ProjectMegaSample/Content/Fab/Cargo_Container_Mesh/scene/Textures/Mat_Cargo_Container_Pipes_normal.uasset" 4547
"D:/Pliki program?w (x86)/hooy/ProjectMegaSample/ProjectMegaSample/Content/Fab/Cargo_Container_Mesh/scene/Textures/Mat_Cargo_Container_Pole_baseColor.uasset" 4548
"/Game/Fab/Big_Crate/big_crate/StaticMeshes/big_crate" 4549
"D:/Pliki program?w (x86)/hooy/ProjectMegaSample/ProjectMegaSample/Content/Fab/Cargo_Container_Mesh/scene/Textures/Mat_Cargo_Container_Rings_metallicRoughness.uasset" 4550
"D:/Pliki program?w (x86)/hooy/ProjectMegaSample/ProjectMegaSample/Content/Fab/Cargo_Container_Mesh/scene/Textures/Mat_Cargo_Container_Pole_normal.uasset" 4551
"D:/Pliki program?w (x86)/hooy/ProjectMegaSample/ProjectMegaSample/Content/Fab/Cargo_Container_Mesh/scene/Materials/Mat_Cargo_Container_Rings.uasset" 4552
"D:/Pliki program?w (x86)/hooy/ProjectMegaSample/ProjectMegaSample/Content/Fab/Cargo_Container_Mesh/scene/Textures/Mat_Cargo_Container_Rings_baseColor.uasset" 4553
"D:/Pliki program?w (x86)/hooy/ProjectMegaSample/ProjectMegaSample/Content/Fab/Cargo_Container_Mesh/scene/Materials/Mat_Cargo_Container_Pole.uasset" 4554
"D:/Pliki program?w (x86)/hooy/ProjectMegaSample/ProjectMegaSample/Content/Fab/Cargo_Container_Mesh/scene/Textures/Mat_Cargo_Container_normal.uasset" 4555
"D:/Pliki program?w (x86)/hooy/ProjectMegaSample/ProjectMegaSample/Content/Fab/Cargo_Container_Mesh/scene/Textures/Mat_Cargo_Container_baseColor.uasset" 4556
"D:/Pliki program?w (x86)/hooy/ProjectMegaSample/ProjectMegaSample/Content/Fab/Cargo_Container_Mesh/scene/Textures/Mat_Cargo_Container_Rings_normal.uasset" 4557
"D:/Pliki program?w (x86)/hooy/ProjectMegaSample/ProjectMegaSample/Content/Fab/Cargo_Container_Mesh/scene/Materials/Mat_Cargo_Container.uasset" 4558
"D:/Pliki program?w (x86)/hooy/ProjectMegaSample/ProjectMegaSample/Content/Fab/Sci-fi_Industrial_Container_Game_03/sci_fi_industrial_container_03_fbx/Textures/sci_fi_industrial_container_03_fbx_texture_1.uasset" 4559
"D:/Pliki program?w (x86)/hooy/ProjectMegaSample/ProjectMegaSample/Content/Fab/Cargo_Container_Mesh/scene/StaticMeshes/scene.uasset" 4560
"D:/Pliki program?w (x86)/hooy/ProjectMegaSample/ProjectMegaSample/Content/Fab/Sci-fi_Industrial_Container_Game_03/sci_fi_industrial_container_03_fbx/Materials/material.uasset" 4561
"D:/Pliki program?w (x86)/hooy/ProjectMegaSample/ProjectMegaSample/Content/Fab/Sci-fi_Industrial_Container_Game_03/sci_fi_industrial_container_03_fbx/StaticMeshes/sci_fi_industrial_container_03_fbx.uasset" 4562
"D:/Pliki program?w (x86)/hooy/ProjectMegaSample/ProjectMegaSample/Content/SM_Roads_05/Materials/Roads_05/MT00051-Pavement/T_MT00035-Square_Pavement_Normal.uasset" 4563
"D:/Pliki program?w (x86)/hooy/ProjectMegaSample/ProjectMegaSample/Content/SM_Roads_05/Materials/Roads_05/MT00051-Pavement/T_MT00035-Square_Pavement_Roughness.uasset" 4564
"D:/Pliki program?w (x86)/hooy/ProjectMegaSample/ProjectMegaSample/Content/SM_Roads_05/ScansMatter_Master/Textures/Defaults/T_Black.uasset" 4565
"D:/Pliki program?w (x86)/hooy/ProjectMegaSample/ProjectMegaSample/Content/Fab/Cargo_Container_Mesh/scene/Textures/Mat_Cargo_Container_metallicRoughness.uasset" 4566
"D:/Pliki program?w (x86)/hooy/ProjectMegaSample/ProjectMegaSample/Content/SM_Roads_05/Materials/Roads_05/MT00051-Pavement/T_MT00035-Square_Pavement_BaseColor.uasset" 4567
"D:/Pliki program?w (x86)/hooy/ProjectMegaSample/ProjectMegaSample/Content/Fab/Sci-fi_Industrial_Container_Game_03/sci_fi_industrial_container_03_fbx/Textures/sci_fi_industrial_container_03_fbx_texture_0.uasset" 4568
"D:/Pliki program?w (x86)/hooy/ProjectMegaSample/ProjectMegaSample/Content/SM_Roads_05/ScansMatter_Master/Textures/Defaults/T_Normal.uasset" 4569
"D:/Pliki program?w (x86)/hooy/ProjectMegaSample/ProjectMegaSample/Content/SM_Roads_05/ScansMatter_Master/Textures/Defaults/T_Gray.uasset" 4570
"/Game/Fab/Cargo_Container_Mesh/scene/Materials/Mat_Cargo_Container_1" 4571
"/Game/SM_Roads_05/ScansMatter_Master/Textures/Defaults/T_Black" 4572
"/Game/SM_Roads_05/Materials/Roads_05/MT00051-Pavement/T_MT00035-Square_Pavement_Roughness" 4573
"/Game/SM_Roads_05/Materials/Roads_05/MT00051-Pavement/T_MT00035-Square_Pavement_Normal" 4574
"/Game/SM_Roads_05/Materials/Roads_05/MT00051-Pavement/T_MT00035-Square_Pavement_BaseColor" 4575
"/Game/Fab/Sci-fi_Industrial_Container_Game_03/sci_fi_industrial_container_03_fbx/StaticMeshes/sci_fi_industrial_container_03_fbx" 4576
"/Game/Fab/Cargo_Container_Mesh/scene/StaticMeshes/scene" 4577
"../../../Engine/Content/Functions/Engine_MaterialFunctions01/Texturing/WorldAlignedTexture.uasset" 4578
"D:/Pliki program?w (x86)/hooy/ProjectMegaSample/ProjectMegaSample/Content/SM_Roads_05/ScansMatter_Master/Textures/GrungeMaps/T_Grunge_4.uasset" 4579
"D:/Pliki program?w (x86)/hooy/ProjectMegaSample/ProjectMegaSample/Content/SoulCity/Environment/Textures/Rock/T_Soul_Concrete_Generic01_N.uasset" 4580
"D:/Pliki program?w (x86)/hooy/ProjectMegaSample/ProjectMegaSample/Content/SM_Roads_05/ScansMatter_Master/Materials/Master/M_ScansMatter_Master_TriPlanar.uasset" 4581
"D:/Pliki program?w (x86)/hooy/ProjectMegaSample/ProjectMegaSample/Content/SoulCity/Environment/Materials/Rocks/M_Generic_Concrete01_MASTER.uasset" 4582
"../../../Engine/Content/EngineMaterials/T_Default_MacroVariation.uasset" 4583
"D:/Pliki program?w (x86)/hooy/ProjectMegaSample/ProjectMegaSample/Content/SM_Roads_05/ScansMatter_Master/Textures/GrungeMaps/T_Grunge_09.uasset" 4584
"D:/Pliki program?w (x86)/hooy/ProjectMegaSample/ProjectMegaSample/Content/SoulCity/Environment/Textures/Rock/T_Soul_Concrete_Generic01_D.uasset" 4585
"D:/Pliki program?w (x86)/hooy/ProjectMegaSample/ProjectMegaSample/Content/SM_Roads_05/Materials/Roads_05/MT00051-Pavement/MI_MT00051_Pavement_1.uasset" 4586
"D:/Pliki program?w (x86)/hooy/ProjectMegaSample/ProjectMegaSample/Content/SoulCity/Environment/Materials/Building/MI_Slums_Metalwork_Vent.uasset" 4587
"/Game/SM_Roads_05/ScansMatter_Master/Textures/Defaults/T_Normal" 4588
"D:/Pliki program?w (x86)/hooy/ProjectMegaSample/ProjectMegaSample/Content/SM_Roads_05/ScansMatter_Master/Textures/Defaults/T_White.uasset" 4589
"D:/Pliki program?w (x86)/hooy/ProjectMegaSample/ProjectMegaSample/Content/SM_Roads_05/Materials/Roads_05/MT00051-Pavement/MI_MT00051_Pavement.uasset" 4590
"D:/Pliki program?w (x86)/hooy/ProjectMegaSample/ProjectMegaSample/Content/SoulCity/Environment/Materials/Building/MI_Signs_Emissive_Yellow2.uasset" 4591
"D:/Pliki program?w (x86)/hooy/ProjectMegaSample/ProjectMegaSample/Content/_GENERATED/Mateusz/Boolean_FB34F7CC.uasset" 4592
"D:/Pliki program?w (x86)/hooy/ProjectMegaSample/ProjectMegaSample/Content/SoulCity/Environment/Materials/Building/MI_Signs_Emissive_RedDarker.uasset" 4593
"D:/Pliki program?w (x86)/hooy/ProjectMegaSample/ProjectMegaSample/Content/SoulCity/Environment/Materials/Rocks/MI_Generic_Concrete01.uasset" 4594
"D:/Pliki program?w (x86)/hooy/ProjectMegaSample/ProjectMegaSample/Content/SoulCity/Environment/Materials/Functions/MF_Generic_Concrete01.uasset" 4595
"D:/Pliki program?w (x86)/hooy/ProjectMegaSample/ProjectMegaSample/Content/_GENERATED/Mateusz/CubeGridToolOutput_2AEDEC9B.uasset" 4596
"D:/Pliki program?w (x86)/hooy/ProjectMegaSample/ProjectMegaSample/Content/_GENERATED/Mateusz/CubeGridToolOutput_036C9CE7.uasset" 4597
"D:/Pliki program?w (x86)/hooy/ProjectMegaSample/ProjectMegaSample/Content/_GENERATED/Mateusz/CubeGridToolOutput_31ED013B.uasset" 4598
"D:/Pliki program?w (x86)/hooy/ProjectMegaSample/ProjectMegaSample/Content/_GENERATED/Mateusz/CubeGridToolOutput_4C34C69B.uasset" 4599
"D:/Pliki program?w (x86)/hooy/ProjectMegaSample/ProjectMegaSample/Content/_GENERATED/Mateusz/CubeGridToolOutput_7101DFA5.uasset" 4600
"D:/Pliki program?w (x86)/hooy/ProjectMegaSample/ProjectMegaSample/Content/_GENERATED/Mateusz/CubeGridToolOutput_AFC584E1.uasset" 4601
"D:/Pliki program?w (x86)/hooy/ProjectMegaSample/ProjectMegaSample/Content/_GENERATED/Mateusz/CubeGridToolOutput_CF898C6B.uasset" 4602
"D:/Pliki program?w (x86)/hooy/ProjectMegaSample/ProjectMegaSample/Content/_GENERATED/Mateusz/CubeGridToolOutput_D92B4D4B.uasset" 4603
"D:/Pliki program?w (x86)/hooy/ProjectMegaSample/ProjectMegaSample/Content/_GENERATED/Mateusz/CubeGridToolOutput_D996D3AD.uasset" 4604
"D:/Pliki program?w (x86)/hooy/ProjectMegaSample/ProjectMegaSample/Content/_GENERATED/Mateusz/Stairs_E9662B3A.uasset" 4605
"D:/Pliki program?w (x86)/hooy/ProjectMegaSample/ProjectMegaSample/Content/_GENERATED/Mateusz/Stairs_AE315C29.uasset" 4606
"D:/Pliki program?w (x86)/hooy/ProjectMegaSample/ProjectMegaSample/Content/_GENERATED/MSIi7/CubeGridToolOutput_5A61EF62.uasset" 4607
"D:/Pliki program?w (x86)/hooy/ProjectMegaSample/ProjectMegaSample/Content/_GENERATED/MSIi7/CubeGridToolOutput_2C1E6719.uasset" 4608
"/Game/SM_Roads_05/ScansMatter_Master/Textures/Defaults/T_Gray" 4609
"/Game/SoulCity/Environment/Textures/Rock/T_Soul_Concrete_Generic01_N" 4610
"/Engine/Functions/Engine_MaterialFunctions01/Texturing/WorldAlignedTexture" 4611
"D:/Pliki program?w (x86)/hooy/ProjectMegaSample/ProjectMegaSample/Content/_GENERATED/MSIi7/CubeGridToolOutput_E65D0E8A.uasset" 4612
"D:/Pliki program?w (x86)/hooy/ProjectMegaSample/ProjectMegaSample/Content/_GENERATED/MSIi7/Stairs_8A5FEC71.uasset" 4613
"D:/Pliki program?w (x86)/hooy/ProjectMegaSample/ProjectMegaSample/Content/SoulCity/Environment/Meshes/Building_Slum/SM_ShantyLODFar1.uasset" 4614
"D:/Pliki program?w (x86)/hooy/ProjectMegaSample/ProjectMegaSample/Content/Materials/M_GrapplingPoint.uasset" 4615
"/Game/_GENERATED/MSIi7/CubeGridToolOutput_5A61EF62" 4616
"/Game/_GENERATED/MSIi7/CubeGridToolOutput_2C1E6719" 4617
"/Game/_GENERATED/Mateusz/Stairs_E9662B3A" 4618
"/Game/_GENERATED/Mateusz/Stairs_AE315C29" 4619
"/Game/_GENERATED/Mateusz/CubeGridToolOutput_D996D3AD" 4620
"/Game/_GENERATED/Mateusz/CubeGridToolOutput_D92B4D4B" 4621
"/Game/_GENERATED/Mateusz/CubeGridToolOutput_CF898C6B" 4622
"/Game/_GENERATED/Mateusz/CubeGridToolOutput_AFC584E1" 4623
"/Game/_GENERATED/Mateusz/CubeGridToolOutput_7101DFA5" 4624
"/Game/_GENERATED/Mateusz/CubeGridToolOutput_4C34C69B" 4625
"/Game/_GENERATED/Mateusz/CubeGridToolOutput_31ED013B" 4626
"/Game/_GENERATED/Mateusz/CubeGridToolOutput_2AEDEC9B" 4627
"/Game/_GENERATED/Mateusz/CubeGridToolOutput_036C9CE7" 4628
"/Game/_GENERATED/Mateusz/Boolean_FB34F7CC" 4629
"/Game/SoulCity/Environment/Materials/Building/MI_Signs_Emissive_RedDarker" 4630
"/Game/SoulCity/Environment/Materials/Building/MI_Slums_Metalwork_Vent" 4631
"../../../../hooy/ProjectMegaSample/ProjectMegaSample/Content/SoulCity/Environment/Textures/Building_Slum/T_Slums_PipeTexture_01_M.uasset" 4632
"../../../../hooy/ProjectMegaSample/ProjectMegaSample/Content/SoulCity/Environment/Textures/Building_Slum/T_Slums_PipeTexture_01_N.uasset" 4633
"/Game/SoulCity/Environment/Materials/Rocks/MI_Generic_Concrete01" 4634
"../../../../hooy/ProjectMegaSample/ProjectMegaSample/Content/SoulCity/Environment/Materials/Functions/MF_GroundWetness.uasset" 4635
"../../../../hooy/ProjectMegaSample/ProjectMegaSample/Content/SoulCity/Environment/PhysicalMaterials/Stone.uasset" 4636
"../../../../hooy/ProjectMegaSample/ProjectMegaSample/Content/SoulCity/Environment/Textures/Building_Slum/T_Slums_TilingNOise_M.uasset" 4637
"../../../../hooy/ProjectMegaSample/ProjectMegaSample/Content/SoulCity/Environment/Textures/Building_Slum/T_Slums_Wall_D.uasset" 4638
"../../../../hooy/ProjectMegaSample/ProjectMegaSample/Content/SoulCity/Environment/Textures/Water/T_Environment_Materials_Wet_TilingFlow02_N.uasset" 4639
"/Game/SM_Roads_05/Materials/Roads_05/MT00051-Pavement/MI_MT00051_Pavement_1" 4640
"/Game/_GENERATED/MSIi7/CubeGridToolOutput_E65D0E8A" 4641
"../../../Engine/Plugins/FX/Niagara/Content/Modules/Update/Size/ScaleSpriteSizeBySpeed.uasset" 4642
"D:/Pliki program?w (x86)/hooy/ProjectMegaSample/ProjectMegaSample/Content/SoulCity/Environment/Materials/Building/M_Slums_Tin.uasset" 4643
"D:/Pliki program?w (x86)/hooy/ProjectMegaSample/ProjectMegaSample/Content/Fab/Tower_Crane/tower_crane/Textures/tower_crane_texture_13.uasset" 4644
"D:/Pliki program?w (x86)/hooy/ProjectMegaSample/ProjectMegaSample/Content/Fab/Tower_Crane/tower_crane/Textures/tower_crane_texture_12.uasset" 4645
"D:/Pliki program?w (x86)/hooy/ProjectMegaSample/ProjectMegaSample/Content/SoulCity/Environment/Textures/Building_Slum/T_Slums_TinRoof_N.uasset" 4646
"D:/Pliki program?w (x86)/hooy/ProjectMegaSample/ProjectMegaSample/Content/VFX/Realistic_Starter_VFX_Pack_Vol2/Textures/T_Steam_A.uasset" 4647
"D:/Pliki program?w (x86)/hooy/ProjectMegaSample/ProjectMegaSample/Content/VFXy_Klaudii/NS_Fire.uasset" 4648
"D:/Pliki program?w (x86)/hooy/ProjectMegaSample/ProjectMegaSample/Content/VFXy_Klaudii/Materials/M_Bonfire.uasset" 4649
"D:/Pliki program?w (x86)/hooy/ProjectMegaSample/ProjectMegaSample/Content/_SplineVFX/_GenericSource/Texture/T_Vfx_Stamp_FireFlame_88.uasset" 4650
"D:/Pliki program?w (x86)/hooy/ProjectMegaSample/ProjectMegaSample/Content/VFX/Realistic_Starter_VFX_Pack_Vol2/Materials/M_Smoke_Ground_C.uasset" 4651
"D:/Pliki program?w (x86)/hooy/ProjectMegaSample/ProjectMegaSample/Content/SoulCity/Environment/Meshes/Building_Slum/SM_Slums_Roof_01a.uasset" 4652
"D:/Pliki program?w (x86)/hooy/ProjectMegaSample/ProjectMegaSample/Content/Fab/Tower_Crane/tower_crane/Textures/tower_crane_texture_8.uasset" 4653
"D:/Pliki program?w (x86)/hooy/ProjectMegaSample/ProjectMegaSample/Content/SoulCity/Environment/Textures/Building_Slum/T_Slums_TinRoof_D.uasset" 4654
"D:/Pliki program?w (x86)/hooy/ProjectMegaSample/ProjectMegaSample/Content/Fab/Tower_Crane/tower_crane/Textures/tower_crane_texture_7.uasset" 4655
"D:/Pliki program?w (x86)/hooy/ProjectMegaSample/ProjectMegaSample/Content/SoulCity/Environment/Materials/Building/MI_Slums_Tin.uasset" 4656
"D:/Pliki program?w (x86)/hooy/ProjectMegaSample/ProjectMegaSample/Content/Fab/Tower_Crane/tower_crane/Materials/CONCRETE.uasset" 4657
"/Game/Materials/M_GrapplingPoint" 4658
"D:/Pliki program?w (x86)/hooy/ProjectMegaSample/ProjectMegaSample/Content/Fab/Tower_Crane/tower_crane/Textures/tower_crane_texture_6.uasset" 4659
"D:/Pliki program?w (x86)/hooy/ProjectMegaSample/ProjectMegaSample/Content/Fab/Tower_Crane/tower_crane/Textures/tower_crane_texture_4.uasset" 4660
"D:/Pliki program?w (x86)/hooy/ProjectMegaSample/ProjectMegaSample/Content/Fab/Tower_Crane/tower_crane/Textures/tower_crane_texture_3.uasset" 4661
"D:/Pliki program?w (x86)/hooy/ProjectMegaSample/ProjectMegaSample/Content/Fab/Tower_Crane/tower_crane/Textures/tower_crane_texture_5.uasset" 4662
"D:/Pliki program?w (x86)/hooy/ProjectMegaSample/ProjectMegaSample/Content/Fab/Tower_Crane/tower_crane/Materials/frame.uasset" 4663
"D:/Pliki program?w (x86)/hooy/ProjectMegaSample/ProjectMegaSample/Content/Fab/Tower_Crane/tower_crane/Textures/tower_crane_texture_18.uasset" 4664
"D:/Pliki program?w (x86)/hooy/ProjectMegaSample/ProjectMegaSample/Content/Fab/Tower_Crane/tower_crane/Textures/tower_crane_texture_17.uasset" 4665
"D:/Pliki program?w (x86)/hooy/ProjectMegaSample/ProjectMegaSample/Content/Fab/Tower_Crane/tower_crane/Materials/GLASS.uasset" 4666
"D:/Pliki program?w (x86)/hooy/ProjectMegaSample/ProjectMegaSample/Content/Fab/Tower_Crane/tower_crane/Textures/tower_crane_texture_11.uasset" 4667
"D:/Pliki program?w (x86)/hooy/ProjectMegaSample/ProjectMegaSample/Content/Fab/Tower_Crane/tower_crane/Textures/tower_crane_texture_10.uasset" 4668
"D:/Pliki program?w (x86)/hooy/ProjectMegaSample/ProjectMegaSample/Content/Fab/Tower_Crane/tower_crane/Textures/tower_crane_texture_9.uasset" 4669
"D:/Pliki program?w (x86)/hooy/ProjectMegaSample/ProjectMegaSample/Content/Fab/Tower_Crane/tower_crane/Materials/IRON.uasset" 4670
"D:/Pliki program?w (x86)/hooy/ProjectMegaSample/ProjectMegaSample/Content/Fab/Tower_Crane/tower_crane/Materials/BUCKET.uasset" 4671
"/Game/SoulCity/Environment/Meshes/Building_Slum/SM_ShantyLODFar1" 4672
"../../../../hooy/ProjectMegaSample/ProjectMegaSample/Content/SoulCity/Environment/Materials/Building/MI_LODShantyTown.uasset" 4673
"../../../../hooy/ProjectMegaSample/ProjectMegaSample/Content/SoulCity/Environment/Materials/Building/M_LODShantyTown.uasset" 4674
"../../../../hooy/ProjectMegaSample/ProjectMegaSample/Content/SoulCity/Environment/Textures/Building/T_LODShantyTown02_M.uasset" 4675
"../../../../hooy/ProjectMegaSample/ProjectMegaSample/Content/SoulCity/Environment/Textures/Building/T_LODShantyTown_D.uasset" 4676
"../../../../hooy/ProjectMegaSample/ProjectMegaSample/Content/SoulCity/Environment/Textures/Building/T_LODShantyTown_M.uasset" 4677
"../../../../hooy/ProjectMegaSample/ProjectMegaSample/Content/SoulCity/Environment/Textures/Building/T_LODShantyTown_N.uasset" 4678
"/Game/_GENERATED/MSIi7/Stairs_8A5FEC71" 4679
"/Niagara/Modules/Update/Size/ScaleSpriteSizeBySpeed" 4680
"D:/Pliki program?w (x86)/hooy/ProjectMegaSample/ProjectMegaSample/Content/Fab/Tower_Crane/tower_crane/Textures/tower_crane_texture_2.uasset" 4681
"D:/Pliki program?w (x86)/hooy/ProjectMegaSample/ProjectMegaSample/Content/Fab/Tower_Crane/tower_crane/Textures/tower_crane_texture_1.uasset" 4682
"D:/Pliki program?w (x86)/hooy/ProjectMegaSample/ProjectMegaSample/Content/Fab/Tower_Crane/tower_crane/Materials/material.uasset" 4683
"D:/Pliki program?w (x86)/hooy/ProjectMegaSample/ProjectMegaSample/Content/Fab/Tower_Crane/tower_crane/Textures/tower_crane_texture_0.uasset" 4684
"/Game/Fab/Tower_Crane/tower_crane/Materials/IRON" 4685
"/Game/Fab/Tower_Crane/tower_crane/Materials/GLASS" 4686
"/Game/Fab/Tower_Crane/tower_crane/Materials/frame" 4687
"/Game/Fab/Tower_Crane/tower_crane/Materials/CONCRETE" 4688
"/Game/Fab/Tower_Crane/tower_crane/Materials/BUCKET" 4689
"/Game/SoulCity/Environment/Meshes/Building_Slum/SM_Slums_Roof_01a" 4690
"../../../../hooy/ProjectMegaSample/ProjectMegaSample/Content/SoulCity/Environment/Materials/Building/M_Slums_Wood.uasset" 4691
"../../../../hooy/ProjectMegaSample/ProjectMegaSample/Content/SoulCity/Environment/PhysicalMaterials/WoodLadder.uasset" 4692
"../../../../hooy/ProjectMegaSample/ProjectMegaSample/Content/SoulCity/Environment/Textures/Building_Slum/T_Slums_Wood_D.uasset" 4693
"../../../../hooy/ProjectMegaSample/ProjectMegaSample/Content/SoulCity/Environment/Textures/Building_Slum/T_Slums_Wood_N.uasset" 4694
"/Game/VFXy_Klaudii/NS_Fire" 4695
"D:/Pliki program?w (x86)/hooy/ProjectMegaSample/ProjectMegaSample/Content/Sound/Electric_Sparks_-_Free_Sound_Effect.uasset" 4696
"D:/Pliki program?w (x86)/hooy/ProjectMegaSample/ProjectMegaSample/Content/SoulCity/Environment/Textures/Building_Slum/T_Slums_Cloth_N.uasset" 4697
"../../../Engine/Content/Functions/Engine_MaterialFunctions01/Shading/FuzzyShading.uasset" 4698
"D:/Pliki program?w (x86)/hooy/ProjectMegaSample/ProjectMegaSample/Content/Fab/Tower_Crane/tower_crane/Textures/tower_crane_texture_15.uasset" 4699
"D:/Pliki program?w (x86)/hooy/ProjectMegaSample/ProjectMegaSample/Content/Fab/Tower_Crane/tower_crane/Textures/tower_crane_texture_16.uasset" 4700
"D:/Pliki program?w (x86)/hooy/ProjectMegaSample/ProjectMegaSample/Content/SoulCity/Environment/Materials/Building/MI_Slums_Cloth_01.uasset" 4701
"D:/Pliki program?w (x86)/hooy/ProjectMegaSample/ProjectMegaSample/Content/SoulCity/Environment/Meshes/Building_Slum/SM_Slums_Cloth_01d.uasset" 4702
"D:/Pliki program?w (x86)/hooy/ProjectMegaSample/ProjectMegaSample/Content/SoulCity/Environment/Meshes/Building_Slum/SM_Slums_Cloth_01a.uasset" 4703
"D:/Pliki program?w (x86)/hooy/ProjectMegaSample/ProjectMegaSample/Content/SoulCity/Environment/Textures/Building_Slum/T_Slums_Cloth_M.uasset" 4704
"D:/Pliki program?w (x86)/hooy/ProjectMegaSample/ProjectMegaSample/Content/Blueprints/BP_GameInstance.uasset" 4705
"D:/Pliki program?w (x86)/hooy/ProjectMegaSample/ProjectMegaSample/Content/SoulCity/Environment/Materials/Building/M_Slums_Cloth_.uasset" 4706
"D:/Pliki program?w (x86)/hooy/ProjectMegaSample/ProjectMegaSample/Content/Fab/Tower_Crane/tower_crane/Textures/tower_crane_texture_14.uasset" 4707
"/Game/Fab/Tower_Crane/tower_crane/Materials/material" 4708
"D:/Pliki program?w (x86)/hooy/ProjectMegaSample/ProjectMegaSample/Content/SoulCity/Environment/Materials/Building/M_Slums_Cloth__Yellow.uasset" 4709
"D:/Pliki program?w (x86)/hooy/ProjectMegaSample/ProjectMegaSample/Content/Materials/M_YellowBarrell.uasset" 4710
"D:/Pliki program?w (x86)/hooy/ProjectMegaSample/ProjectMegaSample/Content/Fab/Tower_Crane/tower_crane/StaticMeshes/tower_crane.uasset" 4711
"D:/Pliki program?w (x86)/hooy/ProjectMegaSample/ProjectMegaSample/Content/Blueprints/BP_GrapplingHookBoxTrigger.uasset" 4712
"D:/Pliki program?w (x86)/hooy/ProjectMegaSample/ProjectMegaSample/Content/Fab/Tower_Crane/tower_crane/Materials/ROPE.uasset" 4713
"D:/Pliki program?w (x86)/hooy/ProjectMegaSample/ProjectMegaSample/Content/SoulCity/Environment/Meshes/Building_Slum/SM_ShantyLODFarGroup.uasset" 4714
"D:/Pliki program?w (x86)/hooy/ProjectMegaSample/ProjectMegaSample/Content/SoulCity/Environment/Materials/Building/M_Soul_Bridge.uasset" 4715
"D:/Pliki program?w (x86)/hooy/ProjectMegaSample/ProjectMegaSample/Content/SoulCity/Environment/Meshes/Building/SM_S_Soul_Building11.uasset" 4716
"D:/Pliki program?w (x86)/hooy/ProjectMegaSample/ProjectMegaSample/Content/Fab/GoodSky/Resource/ArrowTool/T_GoodSky_SkyRing.uasset" 4717
"D:/Pliki program?w (x86)/hooy/ProjectMegaSample/ProjectMegaSample/Content/Fab/GoodSky/Resource/ArrowTool/M_GoodSky_SkyRing_.uasset" 4718
"D:/Pliki program?w (x86)/hooy/ProjectMegaSample/ProjectMegaSample/Content/SoulCity/Environment/Textures/Building/T_Soul_bridge_D.uasset" 4719
"D:/Pliki program?w (x86)/hooy/ProjectMegaSample/ProjectMegaSample/Content/Fab/GoodSky/Resource/ArrowTool/SM_GoodSky_Moon.uasset" 4720
"D:/Pliki program?w (x86)/hooy/ProjectMegaSample/ProjectMegaSample/Content/Fab/GoodSky/Resource/Data/Curve/Curve_GoodSky_AllOverlayColor.uasset" 4721
"D:/Pliki program?w (x86)/hooy/ProjectMegaSample/ProjectMegaSample/Content/Fab/GoodSky/Resource/ArrowTool/SM_GoodSky_StarMesh.uasset" 4722
"D:/Pliki program?w (x86)/hooy/ProjectMegaSample/ProjectMegaSample/Content/Fab/GoodSky/Resource/ArrowTool/M_GoodSky_Sun_Emissive.uasset" 4723
"D:/Pliki program?w (x86)/hooy/ProjectMegaSample/ProjectMegaSample/Content/SoulCity/Environment/Textures/Building/T_Soul_bridge_N.uasset" 4724
"/Game/Sound/Electric_Sparks_-_Free_Sound_Effect" 4725
"D:/Pliki program?w (x86)/hooy/ProjectMegaSample/ProjectMegaSample/Content/Fab/GoodSky/Resource/Data/Curve/Curve_GoodSky_BaseCloudColor.uasset" 4726
"D:/Pliki program?w (x86)/hooy/ProjectMegaSample/ProjectMegaSample/Content/Fab/GoodSky/Resource/Data/Curve/Curve_GoodSky_DomeColor.uasset" 4727
"D:/Pliki program?w (x86)/hooy/ProjectMegaSample/ProjectMegaSample/Content/Fab/GoodSky/Resource/Data/Curve/Curve_GoodSky_horizon_Color.uasset" 4728
"D:/Pliki program?w (x86)/hooy/ProjectMegaSample/ProjectMegaSample/Content/Fab/GoodSky/Resource/Data/Curve/Curve_GoodSky_SunDirection_Vector.uasset" 4729
"D:/Pliki program?w (x86)/hooy/ProjectMegaSample/ProjectMegaSample/Content/Fab/GoodSky/Resource/Data/Curve/Curve_GoodSky_Stars.uasset" 4730
"/Game/SoulCity/Environment/Meshes/Building/SM_S_Soul_Building11" 4731
"/Game/Fab/GoodSky/Resource/Data/Curve/Curve_GoodSky_AllOverlayColor" 4732
"/Game/Fab/GoodSky/Resource/ArrowTool/SM_GoodSky_StarMesh" 4733
"/Game/Fab/GoodSky/Resource/ArrowTool/SM_GoodSky_Moon" 4734
"/Game/Fab/GoodSky/Resource/ArrowTool/M_GoodSky_SkyRing_" 4735
"/Game/SoulCity/Environment/Meshes/Building_Slum/SM_ShantyLODFarGroup" 4736
"/Game/Blueprints/BP_GrapplingHookBoxTrigger" 4737
"/Game/Materials/M_YellowBarrell" 4738
"/Game/SoulCity/Environment/Materials/Building/M_Slums_Cloth__Yellow" 4739
"/Game/SoulCity/Environment/Meshes/Building_Slum/SM_Slums_Cloth_01a" 4740
"../../../../hooy/ProjectMegaSample/ProjectMegaSample/Content/SoulCity/Environment/Meshes/Building_Slum/SM_Slums_Cloth_01a.uasset" 4741
"/Game/Blueprints/BP_GameInstance" 4742
"/Game/SoulCity/Environment/Meshes/Building_Slum/SM_Slums_Cloth_01d" 4743
"../../../../hooy/ProjectMegaSample/ProjectMegaSample/Content/SoulCity/Environment/Meshes/Building_Slum/SM_Slums_Cloth_01d.uasset" 4744
"/Game/SoulCity/Environment/Materials/Building/MI_Slums_Cloth_01" 4745
"/Game/Fab/Tower_Crane/tower_crane/StaticMeshes/tower_crane" 4746
"/Game/Fab/GoodSky/Resource/Data/Curve/Curve_GoodSky_BaseCloudColor" 4747
"D:/Pliki program?w (x86)/hooy/ProjectMegaSample/ProjectMegaSample/Content/Fab/GoodSky/Resource/Data/Curve/Curve_GoodSky_SunLight.uasset" 4748
"D:/Pliki program?w (x86)/hooy/ProjectMegaSample/ProjectMegaSample/Content/Fab/GoodSky/Resource/Data/DataTable/DataTable_GoodSky.uasset" 4749
"D:/Pliki program?w (x86)/hooy/ProjectMegaSample/ProjectMegaSample/Content/Fab/GoodSky/Resource/Data/Enum/Enum_SunDirection.uasset" 4750
"D:/Pliki program?w (x86)/hooy/ProjectMegaSample/ProjectMegaSample/Content/Fab/GoodSky/Resource/Materials/M_GoodSky_Sun_Stars_Moon.uasset" 4751
"D:/Pliki program?w (x86)/hooy/ProjectMegaSample/ProjectMegaSample/Content/Fab/GoodSky/Resource/Mesh/SM_GoodSky_Hemisphere.uasset" 4752
"D:/Pliki program?w (x86)/hooy/ProjectMegaSample/ProjectMegaSample/Content/Fab/GoodSky/Resource/Mesh/SM_GoodSky_Sphere.uasset" 4753
"D:/Pliki program?w (x86)/hooy/ProjectMegaSample/ProjectMegaSample/Content/Fab/GoodSky/Resource/Materials/M_GoodSky_Moon.uasset" 4754
"D:/Pliki program?w (x86)/hooy/ProjectMegaSample/ProjectMegaSample/Content/Fab/GoodSky/Resource/Materials/M_GoodSky_Base.uasset" 4755
"D:/Pliki program?w (x86)/hooy/ProjectMegaSample/ProjectMegaSample/Content/Fab/GoodSky/Resource/Data/Enum/Enum_GoodSky_MeshType.uasset" 4756
"/Game/Fab/GoodSky/Resource/Data/Curve/Curve_GoodSky_SunDirection_Vector" 4757
"D:/Pliki program?w (x86)/hooy/ProjectMegaSample/ProjectMegaSample/Content/Fab/GoodSky/Resource/Materials/M_GoodSky_Sun_Stars.uasset" 4758
"D:/Pliki program?w (x86)/hooy/ProjectMegaSample/ProjectMegaSample/Content/Fab/GoodSky/Resource/Textures/T_GoodSky_clouds_D.uasset" 4759
"D:/Pliki program?w (x86)/hooy/ProjectMegaSample/ProjectMegaSample/Content/Fab/GoodSky/Resource/Textures/T_GoodSky_clouds_C.uasset" 4760
"D:/Pliki program?w (x86)/hooy/ProjectMegaSample/ProjectMegaSample/Content/Fab/GoodSky/Resource/Textures/T_GoodSky_Moon.uasset" 4761
"D:/Pliki program?w (x86)/hooy/ProjectMegaSample/ProjectMegaSample/Content/Fab/GoodSky/Resource/Textures/T_GoodSky_clouds_E.uasset" 4762
"D:/Pliki program?w (x86)/hooy/ProjectMegaSample/ProjectMegaSample/Content/Fab/GoodSky/Resource/Data/Enum/Enum_GoodSky_Effects.uasset" 4763
"D:/Pliki program?w (x86)/hooy/ProjectMegaSample/ProjectMegaSample/Content/Fab/GoodSky/Resource/Materials/Material_Function/MF_GoodSky_LightningFlick.uasset" 4764
"D:/Pliki program?w (x86)/hooy/ProjectMegaSample/ProjectMegaSample/Content/Fab/GoodSky/Resource/Materials/Material_Function/MF_GoodSky_Moon_Setting.uasset" 4765
"D:/Pliki program?w (x86)/hooy/ProjectMegaSample/ProjectMegaSample/Content/Fab/GoodSky/Resource/Materials/Material_Function/MF_GoodSky_Clouds_Setting.uasset" 4766
"D:/Pliki program?w (x86)/hooy/ProjectMegaSample/ProjectMegaSample/Content/Fab/GoodSky/Resource/Textures/T_GoodSky_Stars.uasset" 4767
"D:/Pliki program?w (x86)/hooy/ProjectMegaSample/ProjectMegaSample/Content/Fab/GoodSky/Resource/Data/Enum/Enum_GoodSky_Style_Clouds.uasset" 4768
"D:/Pliki program?w (x86)/hooy/ProjectMegaSample/ProjectMegaSample/Content/Fab/GoodSky/Resource/Materials/Material_Function/MF_GoodSky_SkyDomeAlpha.uasset" 4769
"D:/Pliki program?w (x86)/hooy/ProjectMegaSample/ProjectMegaSample/Content/Fab/GoodSky/Resource/Data/Enum/Enum_GoodSky_Clouds_Coverage.uasset" 4770
"D:/Pliki program?w (x86)/hooy/ProjectMegaSample/ProjectMegaSample/Content/Fab/GoodSky/Resource/Materials/Material_Function/MF_GoodSky_Time.uasset" 4771
"/Game/Fab/GoodSky/Resource/Data/Curve/Curve_GoodSky_Stars" 4772
"D:/Pliki program?w (x86)/hooy/ProjectMegaSample/ProjectMegaSample/Content/Fab/GoodSky/Resource/Materials/Material_Function/MF_GoodSky_Top_Part_Alpha.uasset" 4773
"D:/Pliki program?w (x86)/hooy/ProjectMegaSample/ProjectMegaSample/Content/Fab/GoodSky/Resource/Textures/T_GoodSky_clouds_B.uasset" 4774
"D:/Pliki program?w (x86)/hooy/ProjectMegaSample/ProjectMegaSample/Content/Fab/GoodSky/Resource/Materials/Material_Function/MF_GoodSky_Global_Setting.uasset" 4775
"D:/Pliki program?w (x86)/hooy/ProjectMegaSample/ProjectMegaSample/Content/Fab/GoodSky/Resource/Data/Structure/Structure_GoodSky.uasset" 4776
"D:/Pliki program?w (x86)/hooy/ProjectMegaSample/ProjectMegaSample/Content/Fab/GoodSky/Resource/Data/Enum/Enum_GoodSky_Preset.uasset" 4777
"/Game/Fab/GoodSky/Resource/Data/Curve/Curve_GoodSky_horizon_Color" 4778
"/Game/Fab/GoodSky/Resource/Data/Curve/Curve_GoodSky_DomeColor" 4779
"/Game/Fab/GoodSky/Resource/Data/Enum/Enum_SunDirection" 4780
"/Game/Fab/GoodSky/Resource/Data/Curve/Curve_GoodSky_SunLight" 4781
"D:/Pliki program?w (x86)/hooy/ProjectMegaSample/ProjectMegaSample/Content/Fab/GoodSky/Resource/Textures/T_GoodSky_clouds_sphere.uasset" 4782
"D:/Pliki program?w (x86)/hooy/ProjectMegaSample/ProjectMegaSample/Content/Fab/GoodSky/Resource/Textures/T_GoodSky_Lightning.uasset" 4783
"D:/Pliki program?w (x86)/hooy/ProjectMegaSample/ProjectMegaSample/Content/Fab/GoodSky/Resource/Textures/T_GoodSky_clouds_A.uasset" 4784
"D:/Pliki program?w (x86)/hooy/ProjectMegaSample/ProjectMegaSample/Content/Fab/GoodSky/Resource/Textures/T_GoodSky_noise_smooth.uasset" 4785
"../../../Engine/Content/Functions/Engine_MaterialFunctions01/ImageAdjustment/DeriveHDRfromLDR.uasset" 4786
"D:/Pliki program?w (x86)/hooy/ProjectMegaSample/ProjectMegaSample/Content/Fab/GoodSky/Resource/Textures/T_GoodSky_clouds_F.uasset" 4787
"/Game/Fab/GoodSky/Resource/Textures/T_GoodSky_clouds_B" 4788
"/Game/Fab/GoodSky/Resource/Materials/Material_Function/MF_GoodSky_Top_Part_Alpha" 4789
"/Game/Fab/GoodSky/Resource/Materials/Material_Function/MF_GoodSky_Time" 4790
"/Game/Fab/GoodSky/Resource/Materials/Material_Function/MF_GoodSky_SkyDomeAlpha" 4791
"/Game/Fab/GoodSky/Resource/Materials/Material_Function/MF_GoodSky_Global_Setting" 4792
"/Game/Fab/GoodSky/Resource/Textures/T_GoodSky_clouds_E" 4793
"/Game/Fab/GoodSky/Resource/Data/Enum/Enum_GoodSky_Clouds_Coverage" 4794
"/Game/Fab/GoodSky/Resource/Data/Enum/Enum_GoodSky_Preset" 4795
"/Game/Fab/GoodSky/Resource/Data/Enum/Enum_GoodSky_Style_Clouds" 4796
"/Game/Fab/GoodSky/Resource/Textures/T_GoodSky_clouds_D" 4797
"/Game/Fab/GoodSky/Resource/Textures/T_GoodSky_Stars" 4798
"/Game/Fab/GoodSky/Resource/Data/Enum/Enum_GoodSky_MeshType" 4799
"/Game/Fab/GoodSky/Resource/Data/Enum/Enum_GoodSky_Effects" 4800
"/Game/Fab/GoodSky/Resource/Textures/T_GoodSky_clouds_C" 4801
"/Game/Fab/GoodSky/Resource/Textures/T_GoodSky_Moon" 4802
"/Game/Fab/GoodSky/Resource/Materials/Material_Function/MF_GoodSky_Moon_Setting" 4803
"../../../Engine/Content/Functions/Engine_MaterialFunctions01/Texturing/ScaleUVsAroundPoint.uasset" 4804
"/Game/Fab/GoodSky/Resource/Data/Structure/Structure_GoodSky" 4805
"/Game/Fab/GoodSky/Resource/Textures/T_GoodSky_Lightning" 4806
"/Game/Fab/GoodSky/Resource/Data/DataTable/DataTable_GoodSky" 4807
"../../../Engine/Content/Functions/Engine_MaterialFunctions02/Math/RGBtoHSV.uasset" 4808
"../../../Engine/Content/Functions/Engine_MaterialFunctions02/Utility/DebugFloat3Values.uasset" 4809
"D:/Pliki program?w (x86)/hooy/ProjectMegaSample/ProjectMegaSample/Content/Fab/GoodSky/Resource/Materials/M_GoodSky_Storm.uasset" 4810
"D:/Pliki program?w (x86)/hooy/ProjectMegaSample/ProjectMegaSample/Content/Fab/GoodSky/Blueprint/BP_GoodSky.uasset" 4811
"D:/Pliki program?w (x86)/hooy/ProjectMegaSample/ProjectMegaSample/Content/_WeaponsPacks/MilitaryWeapDark/Sound/SniperRifle/Wavs/SniperRifle_AmmoPickup.uasset" 4812
"D:/Pliki program?w (x86)/hooy/ProjectMegaSample/ProjectMegaSample/Content/_WeaponsPacks/MilitaryWeapDark/Sound/SniperRifle/SniperRifle_AmmoPickup_Cue.uasset" 4813
"D:/Pliki program?w (x86)/hooy/ProjectMegaSample/ProjectMegaSample/Content/_GENERATED/MSIi7/CubeGridToolOutput_8E6CE95B.uasset" 4814
"D:/Pliki program?w (x86)/hooy/ProjectMegaSample/ProjectMegaSample/Content/_GENERATED/MSIi7/CubeGridToolOutput_0EF51256.uasset" 4815
"D:/Pliki program?w (x86)/hooy/ProjectMegaSample/ProjectMegaSample/Content/_GENERATED/MSIi7/CubeGridToolOutput_CDF114FC.uasset" 4816
"D:/Pliki program?w (x86)/hooy/ProjectMegaSample/ProjectMegaSample/Content/_GENERATED/MSIi7/CubeGridToolOutput_BAAA2A1B.uasset" 4817
"D:/Pliki program?w (x86)/hooy/ProjectMegaSample/ProjectMegaSample/Content/_GENERATED/Mateusz/CubeGridToolOutput_63E258C4.uasset" 4818
"D:/Pliki program?w (x86)/hooy/ProjectMegaSample/ProjectMegaSample/Content/_GENERATED/MSIi7/CubeGridToolOutput_67E9E73C.uasset" 4819
"D:/Pliki program?w (x86)/hooy/ProjectMegaSample/ProjectMegaSample/Content/Fab/MagmaSciFiPistol/Mesh/SM_Pistol.uasset" 4820
"D:/Pliki program?w (x86)/hooy/ProjectMegaSample/ProjectMegaSample/Content/Materials/WaterMaterials/Materials/MPC_Globals.uasset" 4821
"D:/Pliki program?w (x86)/hooy/ProjectMegaSample/ProjectMegaSample/Content/Blueprints/BP_DoorKey.uasset" 4822
"D:/Pliki program?w (x86)/hooy/ProjectMegaSample/ProjectMegaSample/Content/Materials/WaterMaterials/Textures/T_Noise_Curves.uasset" 4823
"D:/Pliki program?w (x86)/hooy/ProjectMegaSample/ProjectMegaSample/Content/Materials/WaterMaterials/Textures/T_Noises.uasset" 4824
"D:/Pliki program?w (x86)/hooy/ProjectMegaSample/ProjectMegaSample/Content/Materials/WaterMaterials/Textures/T_Noise_Progressive.uasset" 4825
"D:/Pliki program?w (x86)/hooy/ProjectMegaSample/ProjectMegaSample/Content/Materials/WaterMaterials/Materials/MF_FakeSpecular.uasset" 4826
"/Game/Fab/GoodSky/Resource/Materials/Material_Function/MF_GoodSky_Clouds_Setting" 4827
"/Game/Fab/GoodSky/Resource/Materials/Material_Function/MF_GoodSky_LightningFlick" 4828
"/Engine/Functions/Engine_MaterialFunctions01/ImageAdjustment/DeriveHDRfromLDR" 4829
"/Game/Fab/GoodSky/Resource/Textures/T_GoodSky_clouds_F" 4830
"/Game/Fab/GoodSky/Resource/Materials/M_GoodSky_Sun_Stars" 4831
"/Game/Fab/GoodSky/Resource/Mesh/SM_GoodSky_Sphere" 4832
"/Game/Fab/GoodSky/Resource/Mesh/SM_GoodSky_Hemisphere" 4833
"/Game/Fab/GoodSky/Resource/Materials/M_GoodSky_Sun_Stars_Moon" 4834
"/Game/Fab/GoodSky/Resource/Materials/M_GoodSky_Storm" 4835
"/Game/Fab/GoodSky/Resource/Materials/M_GoodSky_Moon" 4836
"D:/Pliki program?w (x86)/hooy/ProjectMegaSample/ProjectMegaSample/Content/Materials/WaterMaterials/Textures/T_Pond_Moss.uasset" 4837
"D:/Pliki program?w (x86)/hooy/ProjectMegaSample/ProjectMegaSample/Content/Materials/WaterMaterials/Textures/T_Noise_Stormy.uasset" 4838
"D:/Pliki program?w (x86)/hooy/ProjectMegaSample/ProjectMegaSample/Content/Materials/WaterMaterials/Textures/T_Pond_Plants.uasset" 4839
"D:/Pliki program?w (x86)/hooy/ProjectMegaSample/ProjectMegaSample/Content/Materials/WaterMaterials/Materials/M_PondScum.uasset" 4840
"D:/Pliki program?w (x86)/hooy/ProjectMegaSample/ProjectMegaSample/Content/_GENERATED/Mateusz/CubeGridToolOutput_6BA12FDF.uasset" 4841
"D:/Pliki program?w (x86)/hooy/ProjectMegaSample/ProjectMegaSample/Content/Materials/WaterMaterials/Textures/T_SpecularHighlights.uasset" 4842
"/Game/_GENERATED/MSIi7/CubeGridToolOutput_0EF51256" 4843
"D:/Pliki program?w (x86)/hooy/ProjectMegaSample/ProjectMegaSample/Content/SoulCity/Environment/Meshes/Building_Slum/SM_Slums_Wall_02i.uasset" 4844
"D:/Pliki program?w (x86)/hooy/ProjectMegaSample/ProjectMegaSample/Content/Materials/WaterMaterials/Textures/T_Water_Normal_Subtle.uasset" 4845
"D:/Pliki program?w (x86)/hooy/ProjectMegaSample/ProjectMegaSample/Content/Materials/WaterMaterials/Textures/T_Pond_SurfacePlants_N.uasset" 4846
"D:/Pliki program?w (x86)/hooy/ProjectMegaSample/ProjectMegaSample/Content/Materials/WaterMaterials/Textures/T_Pond_Foam.uasset" 4847
"D:/Pliki program?w (x86)/hooy/ProjectMegaSample/ProjectMegaSample/Content/_GENERATED/MSIi7/CubeGridToolOutput_AE03A0C8.uasset" 4848
"D:/Pliki program?w (x86)/hooy/ProjectMegaSample/ProjectMegaSample/Content/SoulCity/Destructable/GC_SM_Slums_Wall_02i.uasset" 4849
"D:/Pliki program?w (x86)/hooy/ProjectMegaSample/ProjectMegaSample/Content/_GENERATED/Mateusz/CubeGridToolOutput_FB41975B.uasset" 4850
"D:/Pliki program?w (x86)/hooy/ProjectMegaSample/ProjectMegaSample/Content/Materials/WaterMaterials/Textures/T_Pond_Scum.uasset" 4851
"D:/Pliki program?w (x86)/hooy/ProjectMegaSample/ProjectMegaSample/Content/_GENERATED/Mateusz/CubeGridToolOutput_796B2E77.uasset" 4852
"D:/Pliki program?w (x86)/hooy/ProjectMegaSample/ProjectMegaSample/Content/Materials/WaterMaterials/Textures/T_Pond_SurfacePlants.uasset" 4853
"/Game/_GENERATED/MSIi7/CubeGridToolOutput_67E9E73C" 4854
"/Game/_WeaponsPacks/MilitaryWeapDark/Sound/SniperRifle/SniperRifle_AmmoPickup_Cue" 4855
"/Game/_GENERATED/MSIi7/CubeGridToolOutput_8E6CE95B" 4856
"/Game/_GENERATED/MSIi7/CubeGridToolOutput_BAAA2A1B" 4857
"/Game/_GENERATED/MSIi7/CubeGridToolOutput_CDF114FC" 4858
"/Game/Blueprints/BP_DoorKey" 4859
"/Game/Fab/GoodSky/Blueprint/BP_GoodSky" 4860
"/Game/Fab/MagmaSciFiPistol/Mesh/SM_Pistol" 4861
"/Game/_GENERATED/Mateusz/CubeGridToolOutput_63E258C4" 4862
"/Game/Materials/WaterMaterials/Materials/MPC_Globals" 4863
"/Game/Materials/WaterMaterials/Textures/T_Noises" 4864
"/Game/Materials/WaterMaterials/Textures/T_Noise_Curves" 4865
"/Game/Materials/WaterMaterials/Textures/T_Noise_Progressive" 4866
"D:/Pliki program?w (x86)/hooy/ProjectMegaSample/ProjectMegaSample/Content/_GENERATED/Mateusz/CubeGridToolOutput_D9B7B0DB.uasset" 4867
"D:/Pliki program?w (x86)/hooy/ProjectMegaSample/ProjectMegaSample/Content/SoulCity/Environment/Meshes/Building_Slum/SM_Streetlight.uasset" 4868
"D:/Pliki program?w (x86)/hooy/ProjectMegaSample/ProjectMegaSample/Content/_GENERATED/Mateusz/CubeGridToolOutput_0BEEE70A.uasset" 4869
"D:/Pliki program?w (x86)/hooy/ProjectMegaSample/ProjectMegaSample/Content/_GENERATED/Mateusz/CubeGridToolOutput_81D058AD.uasset" 4870
"D:/Pliki program?w (x86)/hooy/ProjectMegaSample/ProjectMegaSample/Content/Blueprints/BP_ElectricField.uasset" 4871
"D:/Pliki program?w (x86)/hooy/ProjectMegaSample/ProjectMegaSample/Content/SoulCity/Environment/Materials/Building/MI_Slums_Metalwork_Shiny_Vent.uasset" 4872
"D:/Pliki program?w (x86)/hooy/ProjectMegaSample/ProjectMegaSample/Content/_GENERATED/Mateusz/CubeGridToolOutput_BCAF94F4.uasset" 4873
"D:/Pliki program?w (x86)/hooy/ProjectMegaSample/ProjectMegaSample/Content/_GENERATED/Mateusz/CubeGridToolOutput_D994C8B3.uasset" 4874
"D:/Pliki program?w (x86)/hooy/ProjectMegaSample/ProjectMegaSample/Content/_GENERATED/Mateusz/CubeGridToolOutput_91155C41.uasset" 4875
"/Game/_GENERATED/MSIi7/CubeGridToolOutput_AE03A0C8" 4876
"D:/Pliki program?w (x86)/hooy/ProjectMegaSample/ProjectMegaSample/Content/SoulCity/Environment/Materials/Building/MI_Slums_Concrete__Tiles03.uasset" 4877
"D:/Pliki program?w (x86)/hooy/ProjectMegaSample/ProjectMegaSample/Content/_GENERATED/Mateusz/CubeGridToolOutput_A3590DD6.uasset" 4878
"D:/Pliki program?w (x86)/hooy/ProjectMegaSample/ProjectMegaSample/Content/SoulCity/Environment/Materials/Building/MI_Slums_Metalwork_Wet.uasset" 4879
"D:/Pliki program?w (x86)/hooy/ProjectMegaSample/ProjectMegaSample/Content/_GENERATED/Mateusz/CubeGridToolOutput_0DBFD31A.uasset" 4880
"D:/Pliki program?w (x86)/hooy/ProjectMegaSample/ProjectMegaSample/Content/SoulCity/Environment/Materials/Building/M_Emissive.uasset" 4881
"D:/Pliki program?w (x86)/hooy/ProjectMegaSample/ProjectMegaSample/Content/_SplineVFX/_GenericSource/Texture/T_Vfx_Stamp_lighting14.uasset" 4882
"/Game/SoulCity/Destructable/GC_SM_Slums_Wall_02i" 4883
"../../../../hooy/ProjectMegaSample/ProjectMegaSample/Content/SoulCity/Environment/Materials/Building/MI_Slums_Concrete_Tiles.uasset" 4884
"../../../../hooy/ProjectMegaSample/ProjectMegaSample/Content/SoulCity/Environment/Materials/Building/M_Slums_Concrete.uasset" 4885
"../../../../hooy/ProjectMegaSample/ProjectMegaSample/Content/SoulCity/Environment/Materials/MaterialLayers/MF_Slums_Concrete.uasset" 4886
"../../../../hooy/ProjectMegaSample/ProjectMegaSample/Content/SoulCity/Environment/Textures/Building_Slum/T_Slums_Wall_N.uasset" 4887
"/Game/_GENERATED/Mateusz/CubeGridToolOutput_6BA12FDF" 4888
"/Game/_GENERATED/Mateusz/CubeGridToolOutput_796B2E77" 4889
"/Game/_GENERATED/Mateusz/CubeGridToolOutput_FB41975B" 4890
"/Game/Materials/WaterMaterials/Materials/M_PondScum" 4891
"D:/Pliki program?w (x86)/hooy/ProjectMegaSample/ProjectMegaSample/Content/_SplineVFX/_GenericSource/Material/M_Vfx_ParticleSubUVAA_Lightning.uasset" 4892
"../../../Engine/Plugins/FX/Niagara/Content/DynamicInputs/UniformRange/V2/RandomRangeVector.uasset" 4893
"../../../Engine/Plugins/FX/Niagara/Content/DynamicInputs/Vectors/Position/AddVectorToPosition.uasset" 4894
"D:/Pliki program?w (x86)/hooy/ProjectMegaSample/ProjectMegaSample/Content/_SplineVFX/_GenericSource/Material/M_Vfx_RibbonBeamRay.uasset" 4895
"../../../Engine/Plugins/FX/Niagara/Content/Modules/Update/Lifetime/KillParticles.uasset" 4896
"D:/Pliki program?w (x86)/hooy/ProjectMegaSample/ProjectMegaSample/Content/_SplineVFX/_GenericSource/Material/MI/MI_Vfx_ParticleSubUV_Stamp_Stamp_Electric_33_01.uasset" 4897
"D:/Pliki program?w (x86)/hooy/ProjectMegaSample/ProjectMegaSample/Content/_SplineVFX/_GenericSource/Texture/T_Vfx_Noise_05.uasset" 4898
"../../../Engine/Plugins/FX/Niagara/Content/DynamicInputs/Add/Add_Float.uasset" 4899
"D:/Pliki program?w (x86)/hooy/ProjectMegaSample/ProjectMegaSample/Content/_SplineVFX/_GenericSource/Material/MI/MI_Vfx_RibbonBeamRay_Inst7.uasset" 4900
"/Game/_GENERATED/Mateusz/CubeGridToolOutput_0DBFD31A" 4901
"D:/Pliki program?w (x86)/hooy/ProjectMegaSample/ProjectMegaSample/Content/_SplineVFX/_GenericSource/Texture/T_Vfx_Stamp_Lightning_41.uasset" 4902
"../../../Engine/Plugins/FX/Niagara/Content/DynamicInputs/Add/Add_Vector2.uasset" 4903
"../../../Engine/Plugins/FX/Niagara/Content/DynamicInputs/Bool/Boolean_NotOperation.uasset" 4904
"../../../Engine/Plugins/FX/Niagara/Content/Modules/Update/Position/JitterPosition.uasset" 4905
"../../../Engine/Plugins/FX/Niagara/Content/DynamicInputs/Divide/Divide_Float.uasset" 4906
"D:/Pliki program?w (x86)/hooy/ProjectMegaSample/ProjectMegaSample/Content/_SplineVFX/_GenericSource/Texture/T_Vfx_Stamp_Electric_33.uasset" 4907
"../../../Engine/Plugins/FX/Niagara/Content/Modules/Update/Renderers/Sprite/SpriteFacingAndAlignment.uasset" 4908
"../../../Engine/Plugins/FX/Niagara/Content/DynamicInputs/Angles/Sine.uasset" 4909
"/Game/_GENERATED/Mateusz/CubeGridToolOutput_A3590DD6" 4910
"/Game/_GENERATED/Mateusz/CubeGridToolOutput_D994C8B3" 4911
"/Game/Blueprints/BP_ElectricField" 4912
"/Game/_GENERATED/Mateusz/CubeGridToolOutput_0BEEE70A" 4913
"/Game/_GENERATED/Mateusz/CubeGridToolOutput_81D058AD" 4914
"/Game/_GENERATED/Mateusz/CubeGridToolOutput_BCAF94F4" 4915
"/Game/SoulCity/Environment/Meshes/Building_Slum/SM_Streetlight" 4916
"/Game/_SplineVFX/_GenericSource/Texture/T_Vfx_Stamp_lighting14" 4917
"/Game/_GENERATED/Mateusz/CubeGridToolOutput_D9B7B0DB" 4918
"/Game/_GENERATED/Mateusz/CubeGridToolOutput_91155C41" 4919
"../../../Engine/Plugins/FX/Niagara/Content/DynamicInputs/TypeConversions/MakeIntFromFloat.uasset" 4920
"../../../Engine/Plugins/FX/Niagara/Content/DynamicInputs/TypeConversions/MakeVector.uasset" 4921
"../../../Engine/Plugins/FX/Niagara/Content/Enums/Utility/ENiagara_IntegerConversion.uasset" 4922
"../../../Engine/Plugins/FX/Niagara/Content/DynamicInputs/TypeConversions/Vector2DFromFloat.uasset" 4923
"../../../Engine/Plugins/FX/Niagara/Content/DynamicInputs/TypeConversions/MakeFloatFromInt.uasset" 4924
"D:/Pliki program?w (x86)/hooy/ProjectMegaSample/ProjectMegaSample/Content/SoulCity/Environment/Materials/Building/MI_Slums_Concrete.uasset" 4925
"D:/Pliki program?w (x86)/hooy/ProjectMegaSample/ProjectMegaSample/Content/_GENERATED/Mateusz/CubeGridToolOutput_F3C041D7.uasset" 4926
"../../../Engine/Plugins/FX/Niagara/Content/DynamicInputs/Subtract/Subtract_Position.uasset" 4927
"../../../Engine/Plugins/FX/Niagara/Content/DynamicInputs/Math/Frac_Float.uasset" 4928
"D:/Pliki program?w (x86)/hooy/ProjectMegaSample/ProjectMegaSample/Content/_SplineVFX/NS/NS_Spline_ElectricLightning.uasset" 4929
"D:/Pliki program?w (x86)/hooy/ProjectMegaSample/ProjectMegaSample/Content/_GENERATED/Mateusz/CubeGridToolOutput_A8BB1611.uasset" 4930
"D:/Pliki program?w (x86)/hooy/ProjectMegaSample/ProjectMegaSample/Content/_SplineVFX/_GenericSource/BP/BP_SplineVFX_ElectricLightning.uasset" 4931
"D:/Pliki program?w (x86)/hooy/ProjectMegaSample/ProjectMegaSample/Content/Fab/Turtle_Tears_Vending_Machine/turtle_tears_vending_machine/Textures/turtle_tears_vending_machine_texture_4.uasset" 4932
"../../../Engine/Plugins/FX/Niagara/Content/DynamicInputs/TypeConversions/MakeVector2D.uasset" 4933
"/Niagara/DynamicInputs/Divide/Divide_Float" 4934
"../../../Engine/Plugins/FX/Niagara/Content/DynamicInputs/Multiply/Multiply_Vector.uasset" 4935
"/Niagara/DynamicInputs/Bool/Boolean_NotOperation" 4936
"/Niagara/DynamicInputs/Angles/Sine" 4937
"/Niagara/DynamicInputs/Add/Add_Vector2" 4938
"/Niagara/DynamicInputs/Add/Add_Float" 4939
"/Niagara/Modules/Update/Renderers/Sprite/SpriteFacingAndAlignment" 4940
"/Niagara/Modules/Update/Position/JitterPosition" 4941
"/Niagara/Modules/Update/Lifetime/KillParticles" 4942
"/Niagara/DynamicInputs/Vectors/Position/AddVectorToPosition" 4943
"/Niagara/DynamicInputs/UniformRange/V2/RandomRangeVector" 4944
"/Game/_SplineVFX/_GenericSource/Material/MI/MI_Vfx_RibbonBeamRay_Inst7" 4945
"/Game/_SplineVFX/_GenericSource/Material/MI/MI_Vfx_ParticleSubUV_Stamp_Stamp_Electric_33_01" 4946
"/Niagara/DynamicInputs/TypeConversions/MakeIntFromFloat" 4947
"/Niagara/DynamicInputs/TypeConversions/MakeFloatFromInt" 4948
"/Niagara/DynamicInputs/Subtract/Subtract_Position" 4949
"D:/Pliki program?w (x86)/hooy/ProjectMegaSample/ProjectMegaSample/Content/Fab/Turtle_Tears_Vending_Machine/turtle_tears_vending_machine/Materials/BottleBAKE.uasset" 4950
"D:/Pliki program?w (x86)/hooy/ProjectMegaSample/ProjectMegaSample/Content/Fab/Turtle_Tears_Vending_Machine/turtle_tears_vending_machine/Textures/turtle_tears_vending_machine_texture_3.uasset" 4951
"D:/Pliki program?w (x86)/hooy/ProjectMegaSample/ProjectMegaSample/Content/Fab/Turtle_Tears_Vending_Machine/turtle_tears_vending_machine/Materials/BlackPlastic.uasset" 4952
"D:/Pliki program?w (x86)/hooy/ProjectMegaSample/ProjectMegaSample/Content/Fab/Turtle_Tears_Vending_Machine/turtle_tears_vending_machine/Textures/turtle_tears_vending_machine_texture_0.uasset" 4953
"D:/Pliki program?w (x86)/hooy/ProjectMegaSample/ProjectMegaSample/Content/Blueprints/BP_Hackable_VendingMachine.uasset" 4954
"D:/Pliki program?w (x86)/hooy/ProjectMegaSample/ProjectMegaSample/Content/Fab/Freight_shipping_container_-_Rusted/freight_shipping_container_rusted/Textures/freight_shipping_container_rusted_texture_5.uasset" 4955
"D:/Pliki program?w (x86)/hooy/ProjectMegaSample/ProjectMegaSample/Content/Fab/Turtle_Tears_Vending_Machine/turtle_tears_vending_machine/Textures/turtle_tears_vending_machine_texture_2.uasset" 4956
"D:/Pliki program?w (x86)/hooy/ProjectMegaSample/ProjectMegaSample/Content/Fab/Turtle_Tears_Vending_Machine/turtle_tears_vending_machine/Materials/TurtleTearsBAKE.uasset" 4957
"D:/Pliki program?w (x86)/hooy/ProjectMegaSample/ProjectMegaSample/Content/Fab/Turtle_Tears_Vending_Machine/turtle_tears_vending_machine/Materials/Glass.uasset" 4958
"D:/Pliki program?w (x86)/hooy/ProjectMegaSample/ProjectMegaSample/Content/Fab/Turtle_Tears_Vending_Machine/turtle_tears_vending_machine/Textures/turtle_tears_vending_machine_texture_1.uasset" 4959
"D:/Pliki program?w (x86)/hooy/ProjectMegaSample/ProjectMegaSample/Content/Fab/Turtle_Tears_Vending_Machine/turtle_tears_vending_machine/StaticMeshes/turtle_tears_vending_machine.uasset" 4960
"D:/Pliki program?w (x86)/hooy/ProjectMegaSample/ProjectMegaSample/Content/Fab/Turtle_Tears_Vending_Machine/turtle_tears_vending_machine/Materials/EmissBlue.uasset" 4961
"D:/Pliki program?w (x86)/hooy/ProjectMegaSample/ProjectMegaSample/Content/Fab/Freight_shipping_container_-_Rusted/freight_shipping_container_rusted/Textures/freight_shipping_container_rusted_texture_2.uasset" 4962
"D:/Pliki program?w (x86)/hooy/ProjectMegaSample/ProjectMegaSample/Content/Fab/Freight_shipping_container_-_Rusted/freight_shipping_container_rusted/Textures/freight_shipping_container_rusted_texture_1.uasset" 4963
"/Game/_GENERATED/Mateusz/CubeGridToolOutput_F3C041D7" 4964
"D:/Pliki program?w (x86)/hooy/ProjectMegaSample/ProjectMegaSample/Content/Fab/Freight_shipping_container_-_Rusted/freight_shipping_container_rusted/Textures/freight_shipping_container_rusted_texture_3.uasset" 4965
"D:/Pliki program?w (x86)/hooy/ProjectMegaSample/ProjectMegaSample/Content/Fab/Freight_shipping_container_-_Rusted/freight_shipping_container_rusted/Materials/frame.uasset" 4966
"D:/Pliki program?w (x86)/hooy/ProjectMegaSample/ProjectMegaSample/Content/Fab/Freight_shipping_container_-_Rusted/freight_shipping_container_rusted/Materials/front_doors.uasset" 4967
"D:/Pliki program?w (x86)/hooy/ProjectMegaSample/ProjectMegaSample/Content/Fab/Freight_shipping_container_-_Rusted/freight_shipping_container_rusted/Textures/freight_shipping_container_rusted_texture_4.uasset" 4968
"D:/Pliki program?w (x86)/hooy/ProjectMegaSample/ProjectMegaSample/Content/Fab/Freight_shipping_container_-_Rusted/freight_shipping_container_rusted/Textures/freight_shipping_container_rusted_texture_0.uasset" 4969
"D:/Pliki program?w (x86)/hooy/ProjectMegaSample/ProjectMegaSample/Content/Fab/Freight_shipping_container_-_Rusted/freight_shipping_container_rusted/Textures/freight_shipping_container_rusted_texture_8.uasset" 4970
"/Game/SoulCity/Environment/Materials/Building/MI_Slums_Concrete" 4971
"/Game/_SplineVFX/_GenericSource/BP/BP_SplineVFX_ElectricLightning" 4972
"/Game/Fab/Turtle_Tears_Vending_Machine/turtle_tears_vending_machine/Textures/turtle_tears_vending_machine_texture_4" 4973
"/Game/_GENERATED/Mateusz/CubeGridToolOutput_A8BB1611" 4974
"/Game/Fab/Turtle_Tears_Vending_Machine/turtle_tears_vending_machine/Materials/BlackPlastic" 4975
"/Game/Fab/Turtle_Tears_Vending_Machine/turtle_tears_vending_machine/Textures/turtle_tears_vending_machine_texture_0" 4976
"/Game/Fab/Turtle_Tears_Vending_Machine/turtle_tears_vending_machine/Materials/BottleBAKE" 4977
"D:/Pliki program?w (x86)/hooy/ProjectMegaSample/ProjectMegaSample/Content/_GENERATED/Mateusz/CubeGridToolOutput_F73185AB.uasset" 4978
"D:/Pliki program?w (x86)/hooy/ProjectMegaSample/ProjectMegaSample/Content/Fab/Freight_shipping_container_-_Rusted/freight_shipping_container_rusted/Materials/corrugated_sides.uasset" 4979
"D:/Pliki program?w (x86)/hooy/ProjectMegaSample/ProjectMegaSample/Content/Fab/Freight_shipping_container_-_Rusted/freight_shipping_container_rusted/Textures/freight_shipping_container_rusted_texture_7.uasset" 4980
"D:/Pliki program?w (x86)/hooy/ProjectMegaSample/ProjectMegaSample/Content/_GENERATED/Mateusz/CubeGridToolOutput_88B52109.uasset" 4981
"D:/Pliki program?w (x86)/hooy/ProjectMegaSample/ProjectMegaSample/Content/Fab/Freight_shipping_container_-_Rusted/freight_shipping_container_rusted/Textures/freight_shipping_container_rusted_texture_6.uasset" 4982
"D:/Pliki program?w (x86)/hooy/ProjectMegaSample/ProjectMegaSample/Content/Fab/Freight_shipping_container_-_Rusted/freight_shipping_container_rusted/StaticMeshes/freight_shipping_container_rusted.uasset" 4983
"D:/Pliki program?w (x86)/hooy/ProjectMegaSample/ProjectMegaSample/Content/_GENERATED/Mateusz/CubeGridToolOutput_3BFE7D3C.uasset" 4984
"D:/Pliki program?w (x86)/hooy/ProjectMegaSample/ProjectMegaSample/Content/_GENERATED/Mateusz/CubeGridToolOutput_6E57CCAD.uasset" 4985
"D:/Pliki program?w (x86)/hooy/ProjectMegaSample/ProjectMegaSample/Content/SoulCity/Environment/Meshes/Building_Slum/SM_Slums_Trashcan_Closed02.uasset" 4986
"D:/Pliki program?w (x86)/hooy/ProjectMegaSample/ProjectMegaSample/Content/SoulCity/Environment/Meshes/Building_Slum/SM_Slums_Wall_02a.uasset" 4987
"D:/Pliki program?w (x86)/hooy/ProjectMegaSample/ProjectMegaSample/Content/SoulCity/Environment/Materials/Building/M_Trashcan.uasset" 4988
"D:/Pliki program?w (x86)/hooy/ProjectMegaSample/ProjectMegaSample/Content/SoulCity/Environment/Textures/Building/T_Slums_Trashcan_D.uasset" 4989
"D:/Pliki program?w (x86)/hooy/ProjectMegaSample/ProjectMegaSample/Content/_GENERATED/NUCowner/Boolean_79770B93.uasset" 4990
"D:/Pliki program?w (x86)/hooy/ProjectMegaSample/ProjectMegaSample/Content/SoulCity/Environment/Textures/Building/T_Slums_Trashcan_N.uasset" 4991
"D:/Pliki program?w (x86)/hooy/ProjectMegaSample/ProjectMegaSample/Content/SoulCity/Environment/Materials/Building/MI_Slums_Metalwork_PipeA.uasset" 4992
"D:/Pliki program?w (x86)/hooy/ProjectMegaSample/ProjectMegaSample/Content/SoulCity/Environment/Meshes/Building_Slum/SM_Slums_Trashbag.uasset" 4993
"/Game/Fab/Freight_shipping_container_-_Rusted/freight_shipping_container_rusted/Textures/freight_shipping_container_rusted_texture_8" 4994
"/Game/Fab/Freight_shipping_container_-_Rusted/freight_shipping_container_rusted/Materials/frame" 4995
"/Game/Fab/Freight_shipping_container_-_Rusted/freight_shipping_container_rusted/Textures/freight_shipping_container_rusted_texture_5" 4996
"/Game/Blueprints/BP_Hackable_VendingMachine" 4997
"/Game/Fab/Freight_shipping_container_-_Rusted/freight_shipping_container_rusted/Materials/front_doors" 4998
"/Game/_GENERATED/Mateusz/CubeGridToolOutput_88B52109" 4999
"/Game/_GENERATED/Mateusz/CubeGridToolOutput_F73185AB" 5000
"/Game/Fab/Freight_shipping_container_-_Rusted/freight_shipping_container_rusted/StaticMeshes/freight_shipping_container_rusted" 5001
"../../../Engine/Content/EngineMaterials/DefaultNormal.uasset" 5002
"D:/Pliki program?w (x86)/hooy/ProjectMegaSample/ProjectMegaSample/Content/_GENERATED/Mateusz/CubeGridToolOutput_EE6D3740.uasset" 5003
"../../../Engine/Plugins/Interchange/Assets/Content/Materials/MapOrLinearColorFunction.uasset" 5004
"D:/Pliki program?w (x86)/hooy/ProjectMegaSample/ProjectMegaSample/Content/Fab/Trash_Can_Garbage_Container/phong1.uasset" 5005
"D:/Pliki program?w (x86)/hooy/ProjectMegaSample/ProjectMegaSample/Content/Blueprints/BP_TrashCan.uasset" 5006
"D:/Pliki program?w (x86)/hooy/ProjectMegaSample/ProjectMegaSample/Content/Fab/Trash_Can_Garbage_Container/trashcan.uasset" 5007
"../../../Engine/Plugins/Interchange/Assets/Content/Materials/MapOrScalarFunction.uasset" 5008
"D:/Pliki program?w (x86)/hooy/ProjectMegaSample/ProjectMegaSample/Content/Fab/Trash_Can_Garbage_Container/trash_can2_uv_mar22__lambert1_AlbedoTransparency.uasset" 5009
"../../../Engine/Plugins/Interchange/Assets/Content/Materials/PhongSurfaceMaterial.uasset" 5010
"../../../Engine/Plugins/Interchange/Assets/Content/Materials/MapOrColorFunction.uasset" 5011
"D:/Pliki program?w (x86)/hooy/ProjectMegaSample/ProjectMegaSample/Content/Fab/Trash_Can_Garbage_Container/trash_can2_uv_mar22__lambert1_AlbedoTransparency_Mat.uasset" 5012
"D:/Pliki program?w (x86)/hooy/ProjectMegaSample/ProjectMegaSample/Content/SoulCity/Environment/Meshes/Building_Slum/SM_Slums_Scaffolding_03b_OP.uasset" 5013
"D:/Pliki program?w (x86)/hooy/ProjectMegaSample/ProjectMegaSample/Content/Sound/Dubbing/gruby_hack1v1.uasset" 5014
"D:/Pliki program?w (x86)/hooy/ProjectMegaSample/ProjectMegaSample/Content/_GENERATED/MSIi7/CubeGridToolOutput_F4366B51.uasset" 5015
"D:/Pliki program?w (x86)/hooy/ProjectMegaSample/ProjectMegaSample/Content/_GENERATED/MSIi7/CubeGridToolOutput_A102B6FF.uasset" 5016
"D:/Pliki program?w (x86)/hooy/ProjectMegaSample/ProjectMegaSample/Content/Blueprints/Triggers/BP_ScirptedDoorOpen.uasset" 5017
"D:/Pliki program?w (x86)/hooy/ProjectMegaSample/ProjectMegaSample/Content/Fab/Metal_Barrel/metal_barrel/Materials/MetalBarrel_GeometryChange.uasset" 5018
"D:/Pliki program?w (x86)/hooy/ProjectMegaSample/ProjectMegaSample/Content/_GENERATED/MSIi7/CubeGridToolOutput_DFCD9A38.uasset" 5019
"D:/Pliki program?w (x86)/hooy/ProjectMegaSample/ProjectMegaSample/Content/_GENERATED/MSIi7/CubeGridToolOutput_454C7FFE.uasset" 5020
"D:/Pliki program?w (x86)/hooy/ProjectMegaSample/ProjectMegaSample/Content/Blueprints/BP_CrouchBlock.uasset" 5021
"D:/Pliki program?w (x86)/hooy/ProjectMegaSample/ProjectMegaSample/Content/_GENERATED/MSIi7/CubeGridToolOutput_28D48A05.uasset" 5022
"/Game/SoulCity/Environment/Meshes/Building_Slum/SM_Slums_Trashbag" 5023
"/Game/_GENERATED/NUCowner/Boolean_79770B93" 5024
"/Game/SoulCity/Environment/Meshes/Building_Slum/SM_Slums_Trashcan_Closed02" 5025
"/Game/_GENERATED/Mateusz/CubeGridToolOutput_3BFE7D3C" 5026
"/Game/_GENERATED/Mateusz/CubeGridToolOutput_6E57CCAD" 5027
"/Game/SoulCity/Environment/Meshes/Building_Slum/SM_Slums_Wall_02a" 5028
"/Game/Blueprints/BP_TrashCan" 5029
"/Game/_GENERATED/Mateusz/CubeGridToolOutput_EE6D3740" 5030
"/Game/SoulCity/Environment/Materials/Building/MI_Slums_Metalwork_PipeA" 5031
"D:/Pliki program?w (x86)/hooy/ProjectMegaSample/ProjectMegaSample/Content/INTRO_LEVEL.umap" 5032
"D:/Pliki program?w (x86)/hooy/ProjectMegaSample/ProjectMegaSample/Content/_GENERATED/Mateusz/CubeGridToolOutput_BC977375.uasset" 5033
"D:/Pliki program?w (x86)/hooy/ProjectMegaSample/ProjectMegaSample/Content/SoulCity/Environment/Meshes/Building_Slum/SM_Slums_Support_01e_OP.uasset" 5034
"D:/Pliki program?w (x86)/hooy/ProjectMegaSample/ProjectMegaSample/Content/Destructable/GC_CanalWall.uasset" 5035
"D:/Pliki program?w (x86)/hooy/ProjectMegaSample/ProjectMegaSample/Content/_GENERATED/Mateusz/CubeGridToolOutput_8B0DEAAB.uasset" 5036
"D:/Pliki program?w (x86)/hooy/ProjectMegaSample/ProjectMegaSample/Content/_GENERATED/Mateusz/CubeGridToolOutput_9E4DC964.uasset" 5037
"D:/Pliki program?w (x86)/hooy/ProjectMegaSample/ProjectMegaSample/Content/GM_Main.uasset" 5038
"D:/Pliki program?w (x86)/hooy/ProjectMegaSample/ProjectMegaSample/Content/_GENERATED/Mateusz/CubeGridToolOutput_50BA5914.uasset" 5039
"D:/Pliki program?w (x86)/hooy/ProjectMegaSample/ProjectMegaSample/Content/_GENERATED/Mateusz/CubeGridToolOutput_2DD48687.uasset" 5040
"D:/Pliki program?w (x86)/hooy/ProjectMegaSample/ProjectMegaSample/Content/_GENERATED/Mateusz/CubeGridToolOutput_48110E75.uasset" 5041
"/Game/SoulCity/Environment/Meshes/Building_Slum/SM_Slums_Scaffolding_03b_OP" 5042
"/Game/Sound/Dubbing/gruby_hack1v1" 5043
"/Game/Blueprints/BP_CrouchBlock" 5044
"/Game/Blueprints/Triggers/BP_ScirptedDoorOpen" 5045
"/Game/_GENERATED/MSIi7/CubeGridToolOutput_F4366B51" 5046
"/Game/_GENERATED/MSIi7/CubeGridToolOutput_DFCD9A38" 5047
"/Game/_GENERATED/MSIi7/CubeGridToolOutput_A102B6FF" 5048
"/Game/_GENERATED/MSIi7/CubeGridToolOutput_454C7FFE" 5049
"/Game/_GENERATED/MSIi7/CubeGridToolOutput_28D48A05" 5050
"/Game/Fab/Metal_Barrel/metal_barrel/Materials/MetalBarrel_GeometryChange" 5051
"/Game/MAIN_LEVEL" 5052
"../../../../hooy/ProjectMegaSample/ProjectMegaSample/Content/MAIN_LEVEL.umap" 5053
"../../../Engine/Content/EngineSounds/Submixes/MasterSubmixDefault.uasset" 5054
"../../../Engine/Content/EngineSounds/Submixes/MasterEQSubmixDefault.uasset" 5055
"../../../Engine/Content/EngineSounds/Submixes/MasterReverbEffectPreset.uasset" 5056
"../../../Engine/Content/EngineSounds/Submixes/MasterReverbSubmixDefault.uasset" 5057
"../../../Engine/Content/EngineSounds/Submixes/MasterEQEffectPreset.uasset" 5058
"/Engine/EditorResources/EmptyActor" 5059
"../../../Engine/Content/EditorResources/EmptyActor.uasset" 5060
"/Engine/EditorResources/LightIcons/S_LightError" 5061
"../../../Engine/Content/EditorResources/LightIcons/S_LightError.uasset" 5062
"/Engine/EditorResources/AudioIcons/S_AudioComponent" 5063
"../../../Engine/Content/EditorResources/AudioIcons/S_AudioComponent.uasset" 5064
"/Game/GM_Main" 5065
"/Game/INTRO_LEVEL" 5066
"../../../../hooy/ProjectMegaSample/ProjectMegaSample/Content/INTRO_LEVEL.umap" 5067
"/Engine/EditorResources/AudioIcons/S_AudioComponent_AutoActivate" 5068
"../../../Engine/Content/EditorResources/AudioIcons/S_AudioComponent_AutoActivate.uasset" 5069
"/Engine/EngineSounds/Submixes/MasterReverbSubmixDefault" 5070
"../../../Engine/Plugins/Interchange/Assets/Shaders/ThinFilmFunctions.usf" 5071
"../../../Engine/Plugins/Interchange/Assets/Content/gltf/MaterialInstances/MI_Default_Mask.uasset" 5072
"../../../Engine/Plugins/Interchange/Assets/Content/gltf/MaterialInstances/MI_Default_Blend.uasset" 5073
"../../../Engine/Plugins/Interchange/Assets/Content/gltf/MaterialInstances/MI_ClearCoat_Blend.uasset" 5074
"../../../Engine/Plugins/Interchange/Assets/Content/gltf/MaterialInstances/MI_ClearCoat_Blend_DS.uasset" 5075
"../../../Engine/Plugins/Interchange/Assets/Content/gltf/MaterialInstances/MI_ClearCoat_Mask_DS.uasset" 5076
"../../../Engine/Plugins/Interchange/Assets/Content/gltf/MaterialInstances/MI_ClearCoat_Opaque_DS.uasset" 5077
"../../../Engine/Plugins/Interchange/Assets/Content/gltf/MaterialInstances/MI_ClearCoat_Mask.uasset" 5078
"../../../Engine/Plugins/Interchange/Assets/Content/gltf/MaterialInstances/MI_Default_Mask_DS.uasset" 5079
"../../../Engine/Plugins/Interchange/Assets/Content/gltf/MaterialFunctions/MF_Sheen.uasset" 5080
"../../../Engine/Plugins/Interchange/Assets/Content/gltf/MaterialFunctions/MF_Clearcoat.uasset" 5081
"../../../Engine/Plugins/Interchange/Assets/Content/gltf/MaterialBodies/MF_ClearCoat_Body.uasset" 5082
"../../../Engine/Plugins/Interchange/Assets/Content/gltf/M_ClearCoat.uasset" 5083
"../../../Engine/Plugins/Interchange/Assets/Content/gltf/MaterialInstances/MI_ClearCoat_Opaque.uasset" 5084
"../../../Engine/Plugins/Interchange/Assets/Content/gltf/MaterialInstances/MI_Default_Blend_DS.uasset" 5085
"../../../Engine/Plugins/Interchange/Assets/Content/gltf/MaterialInstances/MI_Sheen_Opaque.uasset" 5086
"../../../Engine/Plugins/Interchange/Assets/Content/gltf/MaterialInstances/MI_Sheen_Blend.uasset" 5087
"../../../Engine/Plugins/Interchange/Assets/Content/gltf/MaterialInstances/MI_Sheen_Mask.uasset" 5088
"../../../Engine/Plugins/Interchange/Assets/Content/gltf/MaterialBodies/MF_Sheen_Body.uasset" 5089
"../../../Engine/Plugins/Interchange/Assets/Content/gltf/M_Sheen.uasset" 5090
"../../../Engine/Plugins/Interchange/Assets/Content/gltf/MaterialInstances/MI_Sheen_Opaque_DS.uasset" 5091
"../../../Engine/Plugins/Interchange/Assets/Content/gltf/MaterialInstances/MI_Transmission.uasset" 5092
"../../../Engine/Plugins/Interchange/Assets/Content/gltf/MaterialInstances/MI_Sheen_Blend_DS.uasset" 5093
"../../../Engine/Plugins/Interchange/Assets/Content/gltf/MaterialInstances/MI_Sheen_Mask_DS.uasset" 5094
"/InterchangeAssets/gltf/MaterialBodies/MF_Sheen_Body" 5095
"/InterchangeAssets/gltf/MaterialInstances/MI_Default_Blend_DS" 5096
"/InterchangeAssets/gltf/MaterialInstances/MI_Default_Mask_DS" 5097
"/InterchangeAssets/gltf/MaterialInstances/MI_Default_Blend" 5098
"/InterchangeAssets/gltf/MaterialInstances/MI_Default_Mask" 5099
"/InterchangeAssets/gltf/MaterialInstances/MI_ClearCoat_Blend_DS" 5100
"/InterchangeAssets/gltf/MaterialInstances/MI_ClearCoat_Mask_DS" 5101
"/InterchangeAssets/gltf/MaterialInstances/MI_ClearCoat_Opaque_DS" 5102
"/InterchangeAssets/gltf/MaterialInstances/MI_ClearCoat_Blend" 5103
"/InterchangeAssets/gltf/MaterialInstances/MI_Transmission" 5104
"/InterchangeAssets/gltf/MaterialInstances/MI_Sheen_Blend_DS" 5105
"/InterchangeAssets/gltf/MaterialInstances/MI_Sheen_Mask_DS" 5106
"/InterchangeAssets/gltf/MaterialInstances/MI_Sheen_Opaque_DS" 5107
"/InterchangeAssets/gltf/MaterialInstances/MI_Sheen_Blend" 5108
"/InterchangeAssets/gltf/MaterialInstances/MI_Sheen_Mask" 5109
"/InterchangeAssets/gltf/MaterialInstances/MI_Sheen_Opaque" 5110
"/InterchangeAssets/gltf/MaterialInstances/MI_ClearCoat_Mask" 5111
"/InterchangeAssets/gltf/MaterialInstances/MI_ClearCoat_Opaque" 5112
"../../../Engine/Plugins/Interchange/Assets/Content/gltf/MaterialInstances/MI_SpecularGlossiness_Blend.uasset" 5113
"../../../Engine/Plugins/Interchange/Assets/Content/gltf/M_SpecularGlossiness.uasset" 5114
"../../../Engine/Plugins/Interchange/Assets/Content/gltf/MaterialInstances/MI_SpecularGlossiness_Blend_DS.uasset" 5115
"../../../Engine/Plugins/Interchange/Assets/Content/gltf/MaterialFunctions/MF_MaxComponentValue.uasset" 5116
"../../../Engine/Plugins/Interchange/Assets/Content/gltf/MaterialBodies/MF_SpecularGlossiness_Body.uasset" 5117
"../../../Engine/Plugins/Interchange/Assets/Content/gltf/MaterialInstances/MI_SpecularGlossiness_Mask_DS.uasset" 5118
"../../../Engine/Plugins/Interchange/Assets/Content/gltf/MaterialInstances/MI_SpecularGlossiness_Mask.uasset" 5119
"../../../Engine/Content/Functions/Engine_MaterialFunctions02/Math/AddComponents.uasset" 5120
"../../../Engine/Plugins/Interchange/Assets/Content/gltf/MaterialFunctions/MF_PerceivedBrightness.uasset" 5121
"../../../Engine/Plugins/Interchange/Assets/Content/gltf/MaterialInstances/MI_SpecularGlossiness_Opaque.uasset" 5122
"../../../Engine/Plugins/Interchange/Assets/Content/gltf/MaterialFunctions/MF_DiffuseSpecGloss.uasset" 5123
"../../../Engine/Plugins/Interchange/Assets/Content/gltf/MaterialInstances/MI_SpecularGlossiness_Opaque_DS.uasset" 5124
"../../../Engine/Plugins/Interchange/Assets/Content/gltf/MaterialFunctions/MF_SpecGlossToMetalRoughness.uasset" 5125
"../../../Engine/Plugins/Interchange/Assets/Content/gltf/MaterialInstances/MI_Unlit_Mask.uasset" 5126
"../../../Engine/Plugins/Interchange/Assets/Content/Functions/MX_OpenPBR_Translucent.uasset" 5127
"../../../Engine/Content/Functions/Substrate/MF_SchlickInternal.uasset" 5128
"../../../Engine/Plugins/Interchange/Assets/Content/gltf/MaterialInstances/MI_Unlit_Opaque.uasset" 5129
"../../../Engine/Plugins/Interchange/Assets/Content/gltf/MaterialBodies/MF_Unlit_Body.uasset" 5130
"../../../Engine/Plugins/Interchange/Assets/Content/Functions/MX_TransmissionSurface.uasset" 5131
"../../../Engine/Plugins/Interchange/Assets/Content/Functions/MX_Transmission.uasset" 5132
"../../../Engine/Plugins/Interchange/Assets/Content/gltf/M_Unlit.uasset" 5133
"../../../Engine/Plugins/Interchange/Assets/Content/Functions/MX_StandardSurface.uasset" 5134
"../../../Engine/Plugins/Interchange/Assets/Content/gltf/MaterialInstances/MI_Unlit_Opaque_DS.uasset" 5135
"../../../Engine/Content/Functions/Engine_MaterialFunctions01/Volumetrics/BeersLaw.uasset" 5136
"../../../Engine/Plugins/Interchange/Assets/Content/Functions/MF_OrenNayerView.uasset" 5137
"../../../Engine/Plugins/Interchange/Assets/Content/gltf/MaterialInstances/MI_Unlit_Mask_DS.uasset" 5138
"../../../Engine/Plugins/Interchange/Assets/Content/gltf/MaterialInstances/MI_Unlit_Blend.uasset" 5139
"../../../Engine/Plugins/Interchange/Assets/Content/gltf/MaterialInstances/MI_Unlit_Blend_DS.uasset" 5140
"/InterchangeAssets/gltf/MaterialInstances/MI_SpecularGlossiness_Blend_DS" 5141
"/InterchangeAssets/gltf/MaterialInstances/MI_SpecularGlossiness_Mask_DS" 5142
"/InterchangeAssets/gltf/MaterialInstances/MI_SpecularGlossiness_Opaque_DS" 5143
"/InterchangeAssets/gltf/MaterialInstances/MI_SpecularGlossiness_Blend" 5144
"/InterchangeAssets/gltf/MaterialInstances/MI_SpecularGlossiness_Mask" 5145
"/InterchangeAssets/gltf/MaterialInstances/MI_SpecularGlossiness_Opaque" 5146
"C:/Users/Mateusz/AppData/Local/Temp/UnrealShaderWorkingDir/7D7709CA4E18F6A64777ABB7B60AD273/2/WorkerOutputOnly.out" 5147
"C:/Users/Mateusz/AppData/Local/Temp/UnrealShaderWorkingDir/7D7709CA4E18F6A64777ABB7B60AD273/4/WorkerOutputOnly.out" 5148
"C:/Users/Mateusz/AppData/Local/Temp/UnrealShaderWorkingDir/7D7709CA4E18F6A64777ABB7B60AD273/5/WorkerOutputOnly.out" 5149
"C:/Users/Mateusz/AppData/Local/Temp/UnrealShaderWorkingDir/7D7709CA4E18F6A64777ABB7B60AD273/7/WorkerOutputOnly.out" 5150
"C:/Users/Mateusz/AppData/Local/Temp/UnrealShaderWorkingDir/7D7709CA4E18F6A64777ABB7B60AD273/8/WorkerOutputOnly.out" 5151
"/InterchangeAssets/gltf/MaterialInstances/MI_Unlit_Opaque" 5152
"C:/Users/Mateusz/AppData/Local/Temp/UnrealShaderWorkingDir/7D7709CA4E18F6A64777ABB7B60AD273/3/WorkerOutputOnly.out" 5153
"C:/Users/Mateusz/AppData/Local/Temp/UnrealShaderWorkingDir/7D7709CA4E18F6A64777ABB7B60AD273/6/WorkerOutputOnly.out" 5154
"C:/Users/Mateusz/AppData/Local/Temp/UnrealShaderWorkingDir/7D7709CA4E18F6A64777ABB7B60AD273/9/WorkerOutputOnly.out" 5155
"/InterchangeAssets/Functions/MX_OpenPBR_Translucent" 5156
"/InterchangeAssets/gltf/MaterialInstances/MI_Unlit_Blend_DS" 5157
"/InterchangeAssets/gltf/MaterialInstances/MI_Unlit_Mask_DS" 5158
"/InterchangeAssets/gltf/MaterialInstances/MI_Unlit_Opaque_DS" 5159
"/InterchangeAssets/gltf/MaterialInstances/MI_Unlit_Blend" 5160
"/InterchangeAssets/gltf/MaterialInstances/MI_Unlit_Mask" 5161
"../../../Engine/Plugins/Interchange/Assets/Content/Functions/MX_OpenPBR_Opaque.uasset" 5162
"/InterchangeAssets/Functions/MX_OpenPBR_Opaque" 5163
"../../../Engine/Plugins/Animation/ControlRig/Content/Controls/ControlRig_Box_1mm.uasset" 5164
"../../../Engine/Plugins/Animation/ControlRig/Content/Controls/ControlRig_Arrow2_1mm.uasset" 5165
"../../../Engine/Plugins/Animation/ControlRig/Content/Controls/ControlRig_Arrow2_solid.uasset" 5166
"../../../Engine/Plugins/Animation/ControlRig/Content/Controls/ControlRig_Box_3mm.uasset" 5167
"../../../Engine/Plugins/Animation/ControlRig/Content/Controls/ControlRig_Arrow4_3mm.uasset" 5168
"../../../Engine/Plugins/Animation/ControlRig/Content/Controls/ControlRig_Arrow2_3mm.uasset" 5169
"../../../Engine/Plugins/Animation/ControlRig/Content/Controls/ControlRig_Arrow_3mm.uasset" 5170
"../../../Engine/Plugins/Animation/ControlRig/Content/Controls/ControlRig_Arrow_solid.uasset" 5171
"../../../Engine/Plugins/Animation/ControlRig/Content/Controls/ControlRig_Arrow4_1mm.uasset" 5172
"../../../Engine/Plugins/Animation/ControlRig/Content/Controls/ControlRig_Circle_1mm.uasset" 5173
"../../../Engine/Plugins/Animation/ControlRig/Content/Controls/ControlRig_Sphere_solid.uasset" 5174
"../../../Engine/Plugins/Animation/ControlRig/Content/Controls/ControlRig_Arrow_1mm.uasset" 5175
"../../../Engine/Plugins/Animation/ControlRig/Content/Controls/ControlRig_Box_solid.uasset" 5176
"../../../Engine/Plugins/Animation/ControlRig/Content/Controls/ControlRig_Arrow4_solid.uasset" 5177
"../../../Engine/Plugins/Animation/ControlRig/Content/Controls/ControlRig_HalfCircle_1mm.uasset" 5178
"../../../Engine/Plugins/Animation/ControlRig/Content/Controls/ControlRig_HalfCircle_solid.uasset" 5179
"../../../Engine/Plugins/Animation/ControlRig/Content/Controls/ControlRig_HalfCircle_3mm.uasset" 5180
"../../../Engine/Plugins/Animation/ControlRig/Content/Controls/ControlRig_Octagon_1mm.uasset" 5181
"../../../Engine/Plugins/Animation/ControlRig/Content/Controls/ControlRig_Diamond_3mm.uasset" 5182
"../../../Engine/Plugins/Animation/ControlRig/Content/Controls/ControlRig_Hexagon_solid.uasset" 5183
"../../../Engine/Plugins/Animation/ControlRig/Content/Controls/ControlRig_Diamond_1mm.uasset" 5184
"../../../Engine/Plugins/Animation/ControlRig/Content/Controls/ControlRig_Diamond_solid.uasset" 5185
"../../../Engine/Plugins/Animation/ControlRig/Content/Controls/ControlRig_Hexagon_1mm.uasset" 5186
"/ControlRig/Controls/ControlRig_Circle_1mm" 5187
"/ControlRig/Controls/ControlRig_Box_solid" 5188
"/ControlRig/Controls/ControlRig_Box_3mm" 5189
"../../../Engine/Plugins/Animation/ControlRig/Content/Controls/ControlRig_QuarterCircle_1mm.uasset" 5190
"/ControlRig/Controls/ControlRig_Box_1mm" 5191
"../../../Engine/Plugins/Animation/ControlRig/Content/Controls/ControlRig_Octagon_solid.uasset" 5192
"../../../Engine/Plugins/Animation/ControlRig/Content/Controls/ControlRig_Pyramid_1mm.uasset" 5193
"/ControlRig/Controls/ControlRig_Arrow_solid" 5194
"../../../Engine/Plugins/Animation/ControlRig/Content/Controls/ControlRig_Hexagon_3mm.uasset" 5195
"../../../Engine/Plugins/Animation/ControlRig/Content/Controls/ControlRig_Circle_3mm.uasset" 5196
"/ControlRig/Controls/ControlRig_Arrow_3mm" 5197
"/ControlRig/Controls/ControlRig_Arrow_1mm" 5198
"../../../Engine/Plugins/Animation/ControlRig/Content/Controls/ControlRig_Pyramid_solid.uasset" 5199
"/ControlRig/Controls/ControlRig_Arrow4_solid" 5200
"../../../Engine/Plugins/Animation/ControlRig/Content/Controls/ControlRig_Pyramid_3mm.uasset" 5201
"/ControlRig/Controls/ControlRig_Arrow4_3mm" 5202
"/ControlRig/Controls/ControlRig_Arrow4_1mm" 5203
"/ControlRig/Controls/ControlRig_Arrow2_solid" 5204
"/ControlRig/Controls/ControlRig_Arrow2_3mm" 5205
"../../../Engine/Plugins/Animation/ControlRig/Content/Controls/ControlRig_Circle_solid.uasset" 5206
"/ControlRig/Controls/ControlRig_Arrow2_1mm" 5207
"/ControlRig/Controls/ControlRig_Sphere_solid" 5208
"/ControlRig/Controls/ControlRig_Octagon_1mm" 5209
"/ControlRig/Controls/ControlRig_Hexagon_solid" 5210
"/ControlRig/Controls/ControlRig_Hexagon_1mm" 5211
"/ControlRig/Controls/ControlRig_HalfCircle_solid" 5212
"/ControlRig/Controls/ControlRig_HalfCircle_3mm" 5213
"/ControlRig/Controls/ControlRig_HalfCircle_1mm" 5214
"/ControlRig/Controls/ControlRig_Diamond_solid" 5215
"/ControlRig/Controls/ControlRig_Diamond_3mm" 5216
"/ControlRig/Controls/ControlRig_Diamond_1mm" 5217
"../../../Engine/Plugins/Animation/ControlRig/Content/Controls/ControlRig_Octagon_3mm.uasset" 5218
"/ControlRig/Controls/ControlRig_Circle_3mm" 5219
"/ControlRig/Controls/ControlRig_QuarterCircle_1mm" 5220
"/ControlRig/Controls/ControlRig_Pyramid_solid" 5221
"/ControlRig/Controls/ControlRig_Pyramid_3mm" 5222
"/ControlRig/Controls/ControlRig_Pyramid_1mm" 5223
"/ControlRig/Controls/ControlRig_Octagon_solid" 5224
"/ControlRig/Controls/ControlRig_Hexagon_3mm" 5225
"/ControlRig/Controls/ControlRig_Circle_solid" 5226
"/ControlRig/Controls/ControlRig_Octagon_3mm" 5227
"C:/Users/Mateusz/AppData/Local/Temp/UnrealShaderWorkingDir/7D7709CA4E18F6A64777ABB7B60AD273/10/WorkerOutputOnly.out" 5228
"../../../Engine/Plugins/Animation/ControlRig/Content/Controls/ControlRig_RoundedTriangle_1mm.uasset" 5229
"../../../Engine/Plugins/Animation/ControlRig/Content/Controls/ControlRig_QuarterCircle_3mm.uasset" 5230
"../../../Engine/Plugins/Animation/ControlRig/Content/Controls/ControlRig_QuarterCircle_solid.uasset" 5231
"../../../Engine/Plugins/Animation/ControlRig/Content/Controls/ControlRig_RoundedSquare_1mm.uasset" 5232
"../../../Engine/Plugins/Animation/ControlRig/Content/Controls/ControlRig_RoundedTriangle_solid.uasset" 5233
"../../../Engine/Plugins/Animation/ControlRig/Content/Controls/ControlRig_Sphere_3mm.uasset" 5234
"../../../Engine/Plugins/Animation/ControlRig/Content/Controls/ControlRig_Star4_1mm.uasset" 5235
"../../../Engine/Plugins/Animation/ControlRig/Content/Controls/ControlRig_RoundedTriangle_3mm.uasset" 5236
"../../../Engine/Plugins/Animation/ControlRig/Content/Controls/ControlRig_RoundedSquare_solid.uasset" 5237
"../../../Engine/Plugins/Animation/ControlRig/Content/Controls/ControlRig_Square_solid.uasset" 5238
"../../../Engine/Plugins/Animation/ControlRig/Content/Controls/ControlRig_Square_1mm.uasset" 5239
"../../../Engine/Plugins/Animation/ControlRig/Content/Controls/ControlRig_Square_3mm.uasset" 5240
"../../../Engine/Plugins/Animation/ControlRig/Content/Controls/ControlRig_Sphere_1mm.uasset" 5241
"../../../Engine/Plugins/Animation/ControlRig/Content/Controls/ControlRig_RoundedSquare_3mm.uasset" 5242
"../../../Engine/Plugins/Animation/ControlRig/Content/Controls/ControlRig_Star4_solid.uasset" 5243
"../../../Engine/Plugins/Animation/ControlRig/Content/Controls/ControlRig_Star4_3mm.uasset" 5244
"../../../Engine/Plugins/Animation/ControlRig/Content/Controls/ControlRig_Wedge_3mm.uasset" 5245
"C:/Users/Mateusz/AppData/Local/Temp/UnrealShaderWorkingDir/7D7709CA4E18F6A64777ABB7B60AD273/12/WorkerOutputOnly.out" 5246
"../../../Engine/Plugins/Animation/ControlRig/Content/Controls/ControlRig_Triangle_solid.uasset" 5247
"../../../Engine/Plugins/Animation/ControlRig/Content/Controls/ControlRig_Wedge_1mm.uasset" 5248
"../../../Engine/Plugins/Animation/ControlRig/Content/Controls/ControlRig_Wedge_solid.uasset" 5249
"../../../Engine/Plugins/Animation/ControlRig/Content/Controls/ControlRig_Triangle_1mm.uasset" 5250
"../../../Engine/Content/Maps/Entry.umap" 5251
"../../../Engine/Content/Maps/Entry_BuiltData.uasset" 5252
"../../../Engine/Plugins/Animation/ControlRig/Content/Controls/ControlRig_Triangle_3mm.uasset" 5253
"C:/Users/Mateusz/AppData/Local/Temp/UnrealShaderWorkingDir/7D7709CA4E18F6A64777ABB7B60AD273/11/WorkerOutputOnly.out" 5254
"/Engine/Maps/Entry_BuiltData" 5255
"/ControlRig/Controls/ControlRig_Wedge_solid" 5256
"/ControlRig/Controls/ControlRig_Wedge_3mm" 5257
"/ControlRig/Controls/ControlRig_Wedge_1mm" 5258
"/ControlRig/Controls/ControlRig_Triangle_solid" 5259
"/ControlRig/Controls/ControlRig_Triangle_3mm" 5260
"/ControlRig/Controls/ControlRig_Triangle_1mm" 5261
"/ControlRig/Controls/ControlRig_Star4_solid" 5262
"/ControlRig/Controls/ControlRig_Star4_3mm" 5263
"/ControlRig/Controls/ControlRig_Star4_1mm" 5264
"/ControlRig/Controls/ControlRig_Square_solid" 5265
"/ControlRig/Controls/ControlRig_Square_3mm" 5266
"/ControlRig/Controls/ControlRig_Square_1mm" 5267
"/ControlRig/Controls/ControlRig_Sphere_3mm" 5268
"/ControlRig/Controls/ControlRig_Sphere_1mm" 5269
"/ControlRig/Controls/ControlRig_RoundedTriangle_solid" 5270
"/ControlRig/Controls/ControlRig_RoundedTriangle_3mm" 5271
"/ControlRig/Controls/ControlRig_RoundedTriangle_1mm" 5272
"/ControlRig/Controls/ControlRig_RoundedSquare_solid" 5273
"/ControlRig/Controls/ControlRig_RoundedSquare_3mm" 5274
"/ControlRig/Controls/ControlRig_RoundedSquare_1mm" 5275
"/ControlRig/Controls/ControlRig_QuarterCircle_solid" 5276
"/ControlRig/Controls/ControlRig_QuarterCircle_3mm" 5277
"/Engine/Maps/Entry" 5278
"C:/Users/Mateusz/AppData/Local/Temp/UnrealShaderWorkingDir/7D7709CA4E18F6A64777ABB7B60AD273/0/WorkerOutputOnly.out" 5279
"../../../Engine/Content/EditorMaterials/PreviewShadowIndicator.uasset" 5280
"../../../Engine/Content/EditorMaterials/PreviewShadowIndicatorMaterial.uasset" 5281
"../../../Engine/Content/EngineMaterials/Substrate/GLints/dict_16_192_64_0p5_0p02_0000_0001.uasset" 5282
"../../../Engine/Content/EngineMaterials/Substrate/GLints/dict_16_192_64_0p5_0p02_0000_0002.uasset" 5283
"../../../Engine/Content/EngineMaterials/Substrate/GLints/dict_16_192_64_0p5_0p02_0000_0004.uasset" 5284
"../../../Engine/Content/EngineMaterials/Substrate/GLints/dict_16_192_64_0p5_0p02_0000_0007.uasset" 5285
"../../../Engine/Content/EngineMaterials/Substrate/GLints/dict_16_192_64_0p5_0p02_0000_0003.uasset" 5286
"../../../Engine/Content/EngineMaterials/Substrate/GLints/dict_16_192_64_0p5_0p02_0000_0008.uasset" 5287
"../../../Engine/Content/EngineMaterials/Substrate/GLints/dict_16_192_64_0p5_0p02_0000_0000.uasset" 5288
"../../../Engine/Content/EngineMaterials/Substrate/GLints/dict_16_192_64_0p5_0p02_0000_0011.uasset" 5289
"../../../Engine/Content/EngineMaterials/Substrate/GLints/dict_16_192_64_0p5_0p02_0000_0009.uasset" 5290
"../../../Engine/Content/EngineMaterials/Substrate/GLints/dict_16_192_64_0p5_0p02_0000_0010.uasset" 5291
"../../../Engine/Content/EngineMaterials/Substrate/GLints/dict_16_192_64_0p5_0p02_0000_0006.uasset" 5292
"../../../Engine/Content/EngineMaterials/Substrate/GLints/dict_16_192_64_0p5_0p02_0000_0013.uasset" 5293
"../../../Engine/Content/EngineMaterials/Substrate/GLints/dict_16_192_64_0p5_0p02_0000_0012.uasset" 5294
"../../../Engine/Content/EngineMaterials/Substrate/GLints/dict_16_192_64_0p5_0p02_0001_0001.uasset" 5295
"../../../Engine/Content/EngineMaterials/Substrate/GLints/dict_16_192_64_0p5_0p02_0000_0015.uasset" 5296
"../../../Engine/Content/EngineMaterials/Substrate/GLints/dict_16_192_64_0p5_0p02_0000_0014.uasset" 5297
"../../../Engine/Content/EngineMaterials/Substrate/GLints/dict_16_192_64_0p5_0p02_0001_0004.uasset" 5298
"../../../Engine/Content/EngineMaterials/Substrate/GLints/dict_16_192_64_0p5_0p02_0001_0000.uasset" 5299
"../../../Engine/Content/EngineMaterials/Substrate/GLints/dict_16_192_64_0p5_0p02_0001_0002.uasset" 5300
"../../../Engine/Content/EngineMaterials/Substrate/GLints/dict_16_192_64_0p5_0p02_0001_0003.uasset" 5301
"../../../Engine/Content/EngineMaterials/Substrate/GLints/dict_16_192_64_0p5_0p02_0001_0006.uasset" 5302
"../../../Engine/Content/EngineMaterials/Substrate/GLints/dict_16_192_64_0p5_0p02_0001_0005.uasset" 5303
"../../../Engine/Content/EngineMaterials/Substrate/GLints/dict_16_192_64_0p5_0p02_0000_0005.uasset" 5304
"../../../Engine/Content/EngineMaterials/Substrate/GLints/dict_16_192_64_0p5_0p02_0001_0007.uasset" 5305
"../../../Engine/Content/EngineMaterials/Substrate/GLints/dict_16_192_64_0p5_0p02_0001_0008.uasset" 5306
"../../../Engine/Content/EngineMaterials/Substrate/GLints/dict_16_192_64_0p5_0p02_0001_0009.uasset" 5307
"../../../Engine/Content/EngineMaterials/Substrate/GLints/dict_16_192_64_0p5_0p02_0001_0010.uasset" 5308
"../../../Engine/Content/EngineMaterials/Substrate/GLints/dict_16_192_64_0p5_0p02_0001_0011.uasset" 5309
"../../../Engine/Content/EngineMaterials/Substrate/GLints/dict_16_192_64_0p5_0p02_0001_0013.uasset" 5310
"../../../Engine/Content/EngineMaterials/Substrate/GLints/dict_16_192_64_0p5_0p02_0001_0012.uasset" 5311
"/Engine/EngineMaterials/Substrate/GLints/dict_16_192_64_0p5_0p02_0001_0013" 5312
"/Engine/EngineMaterials/Substrate/GLints/dict_16_192_64_0p5_0p02_0001_0005" 5313
"/Engine/EngineMaterials/Substrate/GLints/dict_16_192_64_0p5_0p02_0001_0004" 5314
"/Engine/EngineMaterials/Substrate/GLints/dict_16_192_64_0p5_0p02_0001_0003" 5315
"/Engine/EngineMaterials/Substrate/GLints/dict_16_192_64_0p5_0p02_0001_0002" 5316
"/Engine/EngineMaterials/Substrate/GLints/dict_16_192_64_0p5_0p02_0001_0001" 5317
"/Engine/EngineMaterials/Substrate/GLints/dict_16_192_64_0p5_0p02_0001_0000" 5318
"/Engine/EngineMaterials/Substrate/GLints/dict_16_192_64_0p5_0p02_0000_0015" 5319
"/Engine/EngineMaterials/Substrate/GLints/dict_16_192_64_0p5_0p02_0000_0014" 5320
"/Engine/EngineMaterials/Substrate/GLints/dict_16_192_64_0p5_0p02_0000_0013" 5321
"/Engine/EngineMaterials/Substrate/GLints/dict_16_192_64_0p5_0p02_0001_0012" 5322
"/Engine/EngineMaterials/Substrate/GLints/dict_16_192_64_0p5_0p02_0001_0011" 5323
"/Engine/EngineMaterials/Substrate/GLints/dict_16_192_64_0p5_0p02_0001_0010" 5324
"/Engine/EngineMaterials/Substrate/GLints/dict_16_192_64_0p5_0p02_0001_0009" 5325
"/Engine/EngineMaterials/Substrate/GLints/dict_16_192_64_0p5_0p02_0000_0012" 5326
"/Engine/EngineMaterials/Substrate/GLints/dict_16_192_64_0p5_0p02_0000_0011" 5327
"/Engine/EngineMaterials/Substrate/GLints/dict_16_192_64_0p5_0p02_0000_0010" 5328
"/Engine/EngineMaterials/Substrate/GLints/dict_16_192_64_0p5_0p02_0000_0009" 5329
"/Engine/EngineMaterials/Substrate/GLints/dict_16_192_64_0p5_0p02_0000_0008" 5330
"/Engine/EngineMaterials/Substrate/GLints/dict_16_192_64_0p5_0p02_0001_0008" 5331
"/Engine/EngineMaterials/Substrate/GLints/dict_16_192_64_0p5_0p02_0001_0006" 5332
"/Engine/EngineMaterials/Substrate/GLints/dict_16_192_64_0p5_0p02_0000_0007" 5333
"/Engine/EngineMaterials/Substrate/GLints/dict_16_192_64_0p5_0p02_0000_0006" 5334
"/Engine/EngineMaterials/Substrate/GLints/dict_16_192_64_0p5_0p02_0001_0007" 5335
"/Engine/EngineMaterials/Substrate/GLints/dict_16_192_64_0p5_0p02_0000_0005" 5336
"/Engine/EngineMaterials/Substrate/GLints/dict_16_192_64_0p5_0p02_0000_0004" 5337
"/Engine/EngineMaterials/Substrate/GLints/dict_16_192_64_0p5_0p02_0000_0003" 5338
"/Engine/EngineMaterials/Substrate/GLints/dict_16_192_64_0p5_0p02_0000_0002" 5339
"/Engine/EngineMaterials/Substrate/GLints/dict_16_192_64_0p5_0p02_0000_0001" 5340
"/Engine/EngineMaterials/Substrate/GLints/dict_16_192_64_0p5_0p02_0000_0000" 5341
"/Engine/EditorMaterials/PreviewShadowIndicatorMaterial" 5342
"../../../Engine/Content/EngineMaterials/Substrate/GLints/dict_16_192_64_0p5_0p02_0002_0008.uasset" 5343
"../../../Engine/Content/EngineMaterials/Substrate/GLints/dict_16_192_64_0p5_0p02_0002_0003.uasset" 5344
"../../../Engine/Content/EngineMaterials/Substrate/GLints/dict_16_192_64_0p5_0p02_0002_0006.uasset" 5345
"../../../Engine/Content/EngineMaterials/Substrate/GLints/dict_16_192_64_0p5_0p02_0001_0015.uasset" 5346
"../../../Engine/Content/EngineMaterials/Substrate/GLints/dict_16_192_64_0p5_0p02_0002_0004.uasset" 5347
"../../../Engine/Content/EngineMaterials/Substrate/GLints/dict_16_192_64_0p5_0p02_0002_0010.uasset" 5348
"../../../Engine/Content/EngineMaterials/Substrate/GLints/dict_16_192_64_0p5_0p02_0002_0002.uasset" 5349
"../../../Engine/Content/EngineMaterials/Substrate/GLints/dict_16_192_64_0p5_0p02_0002_0000.uasset" 5350
"../../../Engine/Content/EngineMaterials/Substrate/GLints/dict_16_192_64_0p5_0p02_0002_0005.uasset" 5351
"../../../Engine/Content/EngineMaterials/Substrate/GLints/dict_16_192_64_0p5_0p02_0002_0001.uasset" 5352
"/Engine/EngineMaterials/Substrate/GLints/dict_16_192_64_0p5_0p02_0002_0010" 5353
"/Engine/EngineMaterials/Substrate/GLints/dict_16_192_64_0p5_0p02_0002_0008" 5354
"/Engine/EngineMaterials/Substrate/GLints/dict_16_192_64_0p5_0p02_0002_0006" 5355
"/Engine/EngineMaterials/Substrate/GLints/dict_16_192_64_0p5_0p02_0002_0005" 5356
"/Engine/EngineMaterials/Substrate/GLints/dict_16_192_64_0p5_0p02_0002_0004" 5357
"/Engine/EngineMaterials/Substrate/GLints/dict_16_192_64_0p5_0p02_0002_0003" 5358
"/Engine/EngineMaterials/Substrate/GLints/dict_16_192_64_0p5_0p02_0002_0002" 5359
"../../../Engine/Content/EngineMaterials/Substrate/GLints/dict_16_192_64_0p5_0p02_0001_0014.uasset" 5360
"/Engine/EngineMaterials/Substrate/GLints/dict_16_192_64_0p5_0p02_0002_0001" 5361
"/Engine/EngineMaterials/Substrate/GLints/dict_16_192_64_0p5_0p02_0002_0000" 5362
"/Engine/EngineMaterials/Substrate/GLints/dict_16_192_64_0p5_0p02_0001_0015" 5363
"../../../Engine/Content/EngineMaterials/Substrate/GLints/dict_16_192_64_0p5_0p02_0002_0011.uasset" 5364
"/Engine/EngineMaterials/Substrate/GLints/dict_16_192_64_0p5_0p02_0002_0011" 5365
"/Engine/EngineMaterials/Substrate/GLints/dict_16_192_64_0p5_0p02_0001_0014" 5366
"../../../Engine/Content/EngineMaterials/Substrate/GLints/dict_16_192_64_0p5_0p02_0002_0009.uasset" 5367
"../../../Engine/Content/EngineMaterials/Substrate/GLints/dict_16_192_64_0p5_0p02_0002_0007.uasset" 5368
"../../../Engine/Content/EngineMaterials/Substrate/GLints/dict_16_192_64_0p5_0p02_0002_0012.uasset" 5369
"../../../Engine/Content/EngineMaterials/Substrate/GLints/dict_16_192_64_0p5_0p02_0003_0000.uasset" 5370
"../../../Engine/Content/EngineMaterials/Substrate/GLints/dict_16_192_64_0p5_0p02_0003_0002.uasset" 5371
"../../../Engine/Content/EngineMaterials/Substrate/GLints/dict_16_192_64_0p5_0p02_0003_0004.uasset" 5372
"../../../Engine/Content/EngineMaterials/Substrate/GLints/dict_16_192_64_0p5_0p02_0002_0013.uasset" 5373
"../../../Engine/Content/EngineMaterials/Substrate/GLints/dict_16_192_64_0p5_0p02_0002_0014.uasset" 5374
"../../../Engine/Content/EngineMaterials/Substrate/GLints/dict_16_192_64_0p5_0p02_0003_0005.uasset" 5375
"../../../Engine/Content/EngineMaterials/Substrate/GLints/dict_16_192_64_0p5_0p02_0002_0015.uasset" 5376
"../../../Engine/Content/EngineMaterials/Substrate/GLints/dict_16_192_64_0p5_0p02_0003_0008.uasset" 5377
"../../../Engine/Content/EngineMaterials/Substrate/GLints/dict_16_192_64_0p5_0p02_0003_0001.uasset" 5378
"../../../Engine/Content/EngineMaterials/Substrate/GLints/dict_16_192_64_0p5_0p02_0003_0006.uasset" 5379
"../../../Engine/Content/EngineMaterials/Substrate/GLints/dict_16_192_64_0p5_0p02_0003_0003.uasset" 5380
"../../../Engine/Content/EngineMaterials/Substrate/GLints/dict_16_192_64_0p5_0p02_0003_0009.uasset" 5381
"../../../Engine/Content/EngineMaterials/Substrate/GLints/dict_16_192_64_0p5_0p02_0003_0012.uasset" 5382
"../../../Engine/Content/EngineMaterials/Substrate/GLints/dict_16_192_64_0p5_0p02_0003_0007.uasset" 5383
"../../../Engine/Content/EngineMaterials/Substrate/GLints/dict_16_192_64_0p5_0p02_0003_0010.uasset" 5384
"../../../Engine/Content/EngineMaterials/Substrate/GLints/dict_16_192_64_0p5_0p02_0003_0013.uasset" 5385
"../../../Engine/Content/EngineMaterials/Substrate/GLints/dict_16_192_64_0p5_0p02_0004_0001.uasset" 5386
"../../../Engine/Content/EngineMaterials/Substrate/GLints/dict_16_192_64_0p5_0p02_0003_0011.uasset" 5387
"../../../Engine/Content/EngineMaterials/Substrate/GLints/dict_16_192_64_0p5_0p02_0004_0000.uasset" 5388
"../../../Engine/Content/EngineMaterials/Substrate/GLints/dict_16_192_64_0p5_0p02_0003_0015.uasset" 5389
"../../../Engine/Content/EngineMaterials/Substrate/GLints/dict_16_192_64_0p5_0p02_0004_0004.uasset" 5390
"../../../Engine/Content/EngineMaterials/Substrate/GLints/dict_16_192_64_0p5_0p02_0004_0005.uasset" 5391
"../../../Engine/Content/EngineMaterials/Substrate/GLints/dict_16_192_64_0p5_0p02_0004_0007.uasset" 5392
"../../../Engine/Content/EngineMaterials/Substrate/GLints/dict_16_192_64_0p5_0p02_0004_0003.uasset" 5393
"../../../Engine/Content/EngineMaterials/Substrate/GLints/dict_16_192_64_0p5_0p02_0004_0002.uasset" 5394
"../../../Engine/Content/EngineMaterials/Substrate/GLints/dict_16_192_64_0p5_0p02_0004_0008.uasset" 5395
"../../../Engine/Content/EngineMaterials/Substrate/GLints/dict_16_192_64_0p5_0p02_0003_0014.uasset" 5396
"../../../Engine/Content/EngineMaterials/Substrate/GLints/dict_16_192_64_0p5_0p02_0004_0009.uasset" 5397
"../../../Engine/Content/EngineMaterials/Substrate/GLints/dict_16_192_64_0p5_0p02_0004_0006.uasset" 5398
"../../../Engine/Plugins/Animation/DeformerGraph/Shaders/Private/DataInterfaceCustomComputeKernel.ush" 5399
"../../../Engine/Plugins/Animation/DeformerGraph/Shaders/Private/DataInterfaceCloth.ush" 5400
"../../../Engine/Plugins/Animation/DeformerGraph/Shaders/Private/DataInterfaceSkinnedMeshRead.ush" 5401
"../../../Engine/Plugins/Animation/DeformerGraph/Shaders/Private/DataInterfaceSkeleton.ush" 5402
"../../../Engine/Plugins/Animation/DeformerGraph/Shaders/Private/DataInterfaceSkeletonCommon.ush" 5403
"../../../Engine/Plugins/Animation/DeformerGraph/Shaders/Private/DataInterfaceMorphTarget.ush" 5404
"../../../Engine/Plugins/Animation/DeformerGraph/Shaders/Private/DataInterfaceSkinnedMeshWrite.ush" 5405
"../../../Engine/Plugins/Animation/DeformerGraph/Shaders/Private/DataInterfaceRawBuffer.ush" 5406
"../../../Engine/Plugins/Runtime/ComputeFramework/Shaders/Private/BufferAlias.ush" 5407
"../../../Engine/Plugins/Animation/DeformerGraph/Shaders/Private/DataInterfaceSkinnedMesh.ush" 5408
"../../../Engine/Plugins/Animation/DeformerGraph/Shaders/Private/DataInterfaceHalfEdge.ush" 5409
"/Engine/EngineMaterials/Substrate/GLints/dict_16_192_64_0p5_0p02_0003_0013" 5410
"/Engine/EngineMaterials/Substrate/GLints/dict_16_192_64_0p5_0p02_0003_0012" 5411
"/Engine/EngineMaterials/Substrate/GLints/dict_16_192_64_0p5_0p02_0003_0011" 5412
"/Engine/EngineMaterials/Substrate/GLints/dict_16_192_64_0p5_0p02_0003_0010" 5413
"/Engine/EngineMaterials/Substrate/GLints/dict_16_192_64_0p5_0p02_0003_0009" 5414
"/Engine/EngineMaterials/Substrate/GLints/dict_16_192_64_0p5_0p02_0003_0008" 5415
"/Engine/EngineMaterials/Substrate/GLints/dict_16_192_64_0p5_0p02_0003_0007" 5416
"/Engine/EngineMaterials/Substrate/GLints/dict_16_192_64_0p5_0p02_0003_0006" 5417
"/Engine/EngineMaterials/Substrate/GLints/dict_16_192_64_0p5_0p02_0003_0005" 5418
"/Engine/EngineMaterials/Substrate/GLints/dict_16_192_64_0p5_0p02_0003_0004" 5419
"/Engine/EngineMaterials/Substrate/GLints/dict_16_192_64_0p5_0p02_0003_0003" 5420
"/Engine/EngineMaterials/Substrate/GLints/dict_16_192_64_0p5_0p02_0003_0002" 5421
"/Engine/EngineMaterials/Substrate/GLints/dict_16_192_64_0p5_0p02_0003_0001" 5422
"/Engine/EngineMaterials/Substrate/GLints/dict_16_192_64_0p5_0p02_0003_0000" 5423
"/Engine/EngineMaterials/Substrate/GLints/dict_16_192_64_0p5_0p02_0002_0015" 5424
"/Engine/EngineMaterials/Substrate/GLints/dict_16_192_64_0p5_0p02_0002_0014" 5425
"/Engine/EngineMaterials/Substrate/GLints/dict_16_192_64_0p5_0p02_0002_0013" 5426
"/Engine/EngineMaterials/Substrate/GLints/dict_16_192_64_0p5_0p02_0002_0012" 5427
"/Engine/EngineMaterials/Substrate/GLints/dict_16_192_64_0p5_0p02_0004_0009" 5428
"/Engine/EngineMaterials/Substrate/GLints/dict_16_192_64_0p5_0p02_0004_0007" 5429
"/Engine/EngineMaterials/Substrate/GLints/dict_16_192_64_0p5_0p02_0002_0009" 5430
"/Engine/EngineMaterials/Substrate/GLints/dict_16_192_64_0p5_0p02_0004_0006" 5431
"/Engine/EngineMaterials/Substrate/GLints/dict_16_192_64_0p5_0p02_0002_0007" 5432
"/Engine/EngineMaterials/Substrate/GLints/dict_16_192_64_0p5_0p02_0004_0005" 5433
"/Engine/EngineMaterials/Substrate/GLints/dict_16_192_64_0p5_0p02_0004_0004" 5434
"/Engine/EngineMaterials/Substrate/GLints/dict_16_192_64_0p5_0p02_0004_0003" 5435
"/Engine/EngineMaterials/Substrate/GLints/dict_16_192_64_0p5_0p02_0004_0002" 5436
"/Engine/EngineMaterials/Substrate/GLints/dict_16_192_64_0p5_0p02_0004_0001" 5437
"/Engine/EngineMaterials/Substrate/GLints/dict_16_192_64_0p5_0p02_0004_0000" 5438
"/Engine/EngineMaterials/Substrate/GLints/dict_16_192_64_0p5_0p02_0003_0015" 5439
"/Engine/EngineMaterials/Substrate/GLints/dict_16_192_64_0p5_0p02_0003_0014" 5440
"/Engine/EngineMaterials/Substrate/GLints/dict_16_192_64_0p5_0p02_0004_0008" 5441
"../../../Engine/Content/EngineMaterials/Substrate/GLints/dict_16_192_64_0p5_0p02_0004_0013.uasset" 5442
"../../../Engine/Content/EngineMaterials/Substrate/GLints/dict_16_192_64_0p5_0p02_0004_0010.uasset" 5443
"../../../Engine/Content/EngineMaterials/Substrate/GLints/dict_16_192_64_0p5_0p02_0005_0005.uasset" 5444
"../../../Engine/Content/EngineMaterials/Substrate/GLints/dict_16_192_64_0p5_0p02_0005_0006.uasset" 5445
"../../../Engine/Content/EngineMaterials/Substrate/GLints/dict_16_192_64_0p5_0p02_0005_0007.uasset" 5446
"../../../Engine/Content/EngineMaterials/Substrate/GLints/dict_16_192_64_0p5_0p02_0005_0001.uasset" 5447
"../../../Engine/Content/EngineMaterials/Substrate/GLints/dict_16_192_64_0p5_0p02_0004_0012.uasset" 5448
"../../../Engine/Content/EngineMaterials/Substrate/GLints/dict_16_192_64_0p5_0p02_0005_0000.uasset" 5449
"../../../Engine/Content/EngineMaterials/Substrate/GLints/dict_16_192_64_0p5_0p02_0005_0004.uasset" 5450
"../../../Engine/Content/EngineMaterials/Substrate/GLints/dict_16_192_64_0p5_0p02_0005_0002.uasset" 5451
"../../../Engine/Content/EngineMaterials/Substrate/GLints/dict_16_192_64_0p5_0p02_0004_0011.uasset" 5452
"../../../Engine/Content/EngineMaterials/Substrate/GLints/dict_16_192_64_0p5_0p02_0005_0003.uasset" 5453
"../../../Engine/Content/EngineMaterials/Substrate/GLints/dict_16_192_64_0p5_0p02_0004_0014.uasset" 5454
"/Engine/EngineMaterials/Substrate/GLints/dict_16_192_64_0p5_0p02_0005_0007" 5455
"/Engine/EngineMaterials/Substrate/GLints/dict_16_192_64_0p5_0p02_0005_0006" 5456
"/Engine/EngineMaterials/Substrate/GLints/dict_16_192_64_0p5_0p02_0005_0005" 5457
"/Engine/EngineMaterials/Substrate/GLints/dict_16_192_64_0p5_0p02_0005_0004" 5458
"/Engine/EngineMaterials/Substrate/GLints/dict_16_192_64_0p5_0p02_0005_0003" 5459
"/Engine/EngineMaterials/Substrate/GLints/dict_16_192_64_0p5_0p02_0005_0002" 5460
"../../../Engine/Content/EngineMaterials/Substrate/GLints/dict_16_192_64_0p5_0p02_0004_0015.uasset" 5461
"/Engine/EngineMaterials/Substrate/GLints/dict_16_192_64_0p5_0p02_0005_0001" 5462
"/Engine/EngineMaterials/Substrate/GLints/dict_16_192_64_0p5_0p02_0005_0000" 5463
"/Engine/EngineMaterials/Substrate/GLints/dict_16_192_64_0p5_0p02_0004_0014" 5464
"/Engine/EngineMaterials/Substrate/GLints/dict_16_192_64_0p5_0p02_0004_0013" 5465
"/Engine/EngineMaterials/Substrate/GLints/dict_16_192_64_0p5_0p02_0004_0012" 5466
"/Engine/EngineMaterials/Substrate/GLints/dict_16_192_64_0p5_0p02_0004_0011" 5467
"/Engine/EngineMaterials/Substrate/GLints/dict_16_192_64_0p5_0p02_0004_0010" 5468
"/Engine/EngineMaterials/Substrate/GLints/dict_16_192_64_0p5_0p02_0004_0015" 5469
"../../../Engine/Content/EngineMaterials/Substrate/GLints/dict_16_192_64_0p5_0p02_0006_0001.uasset" 5470
"../../../Engine/Content/EngineMaterials/Substrate/GLints/dict_16_192_64_0p5_0p02_0005_0010.uasset" 5471
"../../../Engine/Content/EngineMaterials/Substrate/GLints/dict_16_192_64_0p5_0p02_0006_0000.uasset" 5472
"../../../Engine/Content/EngineMaterials/Substrate/GLints/dict_16_192_64_0p5_0p02_0005_0015.uasset" 5473
"../../../Engine/Content/EngineMaterials/Substrate/GLints/dict_16_192_64_0p5_0p02_0005_0012.uasset" 5474
"../../../Engine/Content/EngineMaterials/Substrate/GLints/dict_16_192_64_0p5_0p02_0005_0008.uasset" 5475
"../../../Engine/Content/EngineMaterials/Substrate/GLints/dict_16_192_64_0p5_0p02_0005_0014.uasset" 5476
"../../../Engine/Content/EngineMaterials/Substrate/GLints/dict_16_192_64_0p5_0p02_0005_0013.uasset" 5477
"../../../Engine/Content/EngineMaterials/Substrate/GLints/dict_16_192_64_0p5_0p02_0006_0004.uasset" 5478
"../../../Engine/Content/EngineMaterials/Substrate/GLints/dict_16_192_64_0p5_0p02_0005_0011.uasset" 5479
"../../../Engine/Content/EngineMaterials/Substrate/GLints/dict_16_192_64_0p5_0p02_0006_0003.uasset" 5480
"/Engine/EngineMaterials/Substrate/GLints/dict_16_192_64_0p5_0p02_0006_0004" 5481
"/Engine/EngineMaterials/Substrate/GLints/dict_16_192_64_0p5_0p02_0006_0003" 5482
"../../../Engine/Content/EngineMaterials/Substrate/GLints/dict_16_192_64_0p5_0p02_0006_0005.uasset" 5483
"/Engine/EngineMaterials/Substrate/GLints/dict_16_192_64_0p5_0p02_0006_0001" 5484
"/Engine/EngineMaterials/Substrate/GLints/dict_16_192_64_0p5_0p02_0006_0000" 5485
"/Engine/EngineMaterials/Substrate/GLints/dict_16_192_64_0p5_0p02_0005_0015" 5486
"/Engine/EngineMaterials/Substrate/GLints/dict_16_192_64_0p5_0p02_0005_0014" 5487
"../../../Engine/Content/EngineMaterials/Substrate/GLints/dict_16_192_64_0p5_0p02_0006_0012.uasset" 5488
"/Engine/EngineMaterials/Substrate/GLints/dict_16_192_64_0p5_0p02_0005_0013" 5489
"../../../Engine/Content/EngineMaterials/Substrate/GLints/dict_16_192_64_0p5_0p02_0006_0011.uasset" 5490
"../../../Engine/Content/EngineMaterials/Substrate/GLints/dict_16_192_64_0p5_0p02_0006_0007.uasset" 5491
"/Engine/EngineMaterials/Substrate/GLints/dict_16_192_64_0p5_0p02_0005_0012" 5492
"/Engine/EngineMaterials/Substrate/GLints/dict_16_192_64_0p5_0p02_0005_0011" 5493
"/Engine/EngineMaterials/Substrate/GLints/dict_16_192_64_0p5_0p02_0005_0010" 5494
"/Engine/EngineMaterials/Substrate/GLints/dict_16_192_64_0p5_0p02_0005_0008" 5495
"/Engine/EngineMaterials/Substrate/GLints/dict_16_192_64_0p5_0p02_0006_0007" 5496
"../../../Engine/Content/EngineMaterials/Substrate/GLints/dict_16_192_64_0p5_0p02_0006_0009.uasset" 5497
"/Engine/EngineMaterials/Substrate/GLints/dict_16_192_64_0p5_0p02_0006_0005" 5498
"/Engine/EngineMaterials/Substrate/GLints/dict_16_192_64_0p5_0p02_0006_0012" 5499
"/Engine/EngineMaterials/Substrate/GLints/dict_16_192_64_0p5_0p02_0006_0011" 5500
"../../../Engine/Content/EngineMaterials/Substrate/GLints/dict_16_192_64_0p5_0p02_0006_0006.uasset" 5501
"../../../Engine/Content/EngineMaterials/Substrate/GLints/dict_16_192_64_0p5_0p02_0006_0008.uasset" 5502
"/Engine/EngineMaterials/Substrate/GLints/dict_16_192_64_0p5_0p02_0006_0009" 5503
"/Engine/EngineMaterials/Substrate/GLints/dict_16_192_64_0p5_0p02_0006_0006" 5504
"../../../Engine/Content/EngineMaterials/Substrate/GLints/dict_16_192_64_0p5_0p02_0006_0010.uasset" 5505
"/Engine/EngineMaterials/Substrate/GLints/dict_16_192_64_0p5_0p02_0006_0008" 5506
"../../../Engine/Content/EngineMaterials/Substrate/GLints/dict_16_192_64_0p5_0p02_0006_0002.uasset" 5507
"/Engine/EngineMaterials/Substrate/GLints/dict_16_192_64_0p5_0p02_0006_0010" 5508
"/Engine/EngineMaterials/Substrate/GLints/dict_16_192_64_0p5_0p02_0006_0002" 5509
"../../../Engine/Content/EngineMaterials/Substrate/GLints/dict_16_192_64_0p5_0p02_0005_0009.uasset" 5510
"../../../Engine/Content/EngineMaterials/Substrate/GLints/dict_16_192_64_0p5_0p02_0006_0014.uasset" 5511
"../../../Engine/Content/EngineMaterials/Substrate/GLints/dict_16_192_64_0p5_0p02_0006_0015.uasset" 5512
"../../../Engine/Content/EngineMaterials/Substrate/GLints/dict_16_192_64_0p5_0p02_0007_0001.uasset" 5513
"../../../Engine/Content/EngineMaterials/Substrate/GLints/dict_16_192_64_0p5_0p02_0007_0004.uasset" 5514
"../../../Engine/Content/EngineMaterials/Substrate/GLints/dict_16_192_64_0p5_0p02_0007_0003.uasset" 5515
"/Engine/EngineMaterials/Substrate/GLints/dict_16_192_64_0p5_0p02_0005_0009" 5516
"../../../Engine/Content/EngineMaterials/Substrate/GLints/dict_16_192_64_0p5_0p02_0007_0008.uasset" 5517
"../../../Engine/Content/EngineMaterials/Substrate/GLints/dict_16_192_64_0p5_0p02_0007_0000.uasset" 5518
"/Engine/EngineMaterials/Substrate/GLints/dict_16_192_64_0p5_0p02_0007_0004" 5519
"/Engine/EngineMaterials/Substrate/GLints/dict_16_192_64_0p5_0p02_0007_0003" 5520
"../../../Engine/Content/EngineMaterials/Substrate/GLints/dict_16_192_64_0p5_0p02_0007_0005.uasset" 5521
"../../../Engine/Content/EngineMaterials/Substrate/GLints/dict_16_192_64_0p5_0p02_0007_0006.uasset" 5522
"/Engine/EngineMaterials/Substrate/GLints/dict_16_192_64_0p5_0p02_0007_0001" 5523
"/Engine/EngineMaterials/Substrate/GLints/dict_16_192_64_0p5_0p02_0006_0015" 5524
"/Engine/EngineMaterials/Substrate/GLints/dict_16_192_64_0p5_0p02_0006_0014" 5525
"../../../Engine/Content/EngineMaterials/Substrate/GLints/dict_16_192_64_0p5_0p02_0007_0007.uasset" 5526
"/Engine/EngineMaterials/Substrate/GLints/dict_16_192_64_0p5_0p02_0007_0008" 5527
"/Engine/EngineMaterials/Substrate/GLints/dict_16_192_64_0p5_0p02_0007_0006" 5528
"/Engine/EngineMaterials/Substrate/GLints/dict_16_192_64_0p5_0p02_0007_0005" 5529
"/Engine/EngineMaterials/Substrate/GLints/dict_16_192_64_0p5_0p02_0007_0000" 5530
"/Engine/EngineMaterials/Substrate/GLints/dict_16_192_64_0p5_0p02_0007_0007" 5531
"../../../Engine/Content/EngineMaterials/Substrate/GLints/dict_16_192_64_0p5_0p02_0006_0013.uasset" 5532
"../../../Engine/Content/EngineMaterials/Substrate/GLints/dict_16_192_64_0p5_0p02_0007_0012.uasset" 5533
"../../../Engine/Content/EngineMaterials/Substrate/GLints/dict_16_192_64_0p5_0p02_0007_0009.uasset" 5534
"../../../Engine/Content/EngineMaterials/Substrate/GLints/dict_16_192_64_0p5_0p02_0007_0002.uasset" 5535
"../../../Engine/Content/EngineMaterials/Substrate/GLints/dict_16_192_64_0p5_0p02_0007_0010.uasset" 5536
"../../../Engine/Content/EngineMaterials/Substrate/GLints/dict_16_192_64_0p5_0p02_0007_0013.uasset" 5537
"../../../Engine/Content/EngineMaterials/Substrate/GLints/dict_16_192_64_0p5_0p02_0008_0000.uasset" 5538
"../../../Engine/Content/EngineMaterials/Substrate/GLints/dict_16_192_64_0p5_0p02_0007_0011.uasset" 5539
"../../../Engine/Content/EngineMaterials/Substrate/GLints/dict_16_192_64_0p5_0p02_0007_0015.uasset" 5540
"../../../Engine/Content/EngineMaterials/Substrate/GLints/dict_16_192_64_0p5_0p02_0008_0001.uasset" 5541
"../../../Engine/Content/EngineMaterials/Substrate/GLints/dict_16_192_64_0p5_0p02_0007_0014.uasset" 5542
"/Engine/EngineMaterials/Substrate/GLints/dict_16_192_64_0p5_0p02_0008_0001" 5543
"/Engine/EngineMaterials/Substrate/GLints/dict_16_192_64_0p5_0p02_0008_0000" 5544
"/Engine/EngineMaterials/Substrate/GLints/dict_16_192_64_0p5_0p02_0007_0015" 5545
"/Engine/EngineMaterials/Substrate/GLints/dict_16_192_64_0p5_0p02_0007_0014" 5546
"/Engine/EngineMaterials/Substrate/GLints/dict_16_192_64_0p5_0p02_0007_0013" 5547
"/Engine/EngineMaterials/Substrate/GLints/dict_16_192_64_0p5_0p02_0007_0012" 5548
"/Engine/EngineMaterials/Substrate/GLints/dict_16_192_64_0p5_0p02_0007_0011" 5549
"/Engine/EngineMaterials/Substrate/GLints/dict_16_192_64_0p5_0p02_0007_0010" 5550
"../../../Engine/Content/EngineMaterials/Substrate/GLints/dict_16_192_64_0p5_0p02_0008_0003.uasset" 5551
"/Engine/EngineMaterials/Substrate/GLints/dict_16_192_64_0p5_0p02_0007_0009" 5552
"/Engine/EngineMaterials/Substrate/GLints/dict_16_192_64_0p5_0p02_0007_0002" 5553
"/Engine/EngineMaterials/Substrate/GLints/dict_16_192_64_0p5_0p02_0006_0013" 5554
"../../../Engine/Content/EngineMaterials/Substrate/GLints/dict_16_192_64_0p5_0p02_0008_0004.uasset" 5555
"/Engine/EngineMaterials/Substrate/GLints/dict_16_192_64_0p5_0p02_0008_0004" 5556
"/Engine/EngineMaterials/Substrate/GLints/dict_16_192_64_0p5_0p02_0008_0003" 5557
"../../../Engine/Content/EngineMaterials/Substrate/GLints/dict_16_192_64_0p5_0p02_0008_0002.uasset" 5558
"/Engine/EngineMaterials/Substrate/GLints/dict_16_192_64_0p5_0p02_0008_0002" 5559
"../../../Engine/Content/EngineMaterials/Substrate/GLints/dict_16_192_64_0p5_0p02_0008_0006.uasset" 5560
"../../../Engine/Content/EngineMaterials/Substrate/GLints/dict_16_192_64_0p5_0p02_0008_0008.uasset" 5561
"/Engine/EngineMaterials/Substrate/GLints/dict_16_192_64_0p5_0p02_0008_0008" 5562
"/Engine/EngineMaterials/Substrate/GLints/dict_16_192_64_0p5_0p02_0008_0006" 5563
"../../../Engine/Content/EngineMaterials/Substrate/GLints/dict_16_192_64_0p5_0p02_0008_0012.uasset" 5564
"../../../Engine/Content/EngineMaterials/Substrate/GLints/dict_16_192_64_0p5_0p02_0008_0015.uasset" 5565
"../../../Engine/Content/EngineMaterials/Substrate/GLints/dict_16_192_64_0p5_0p02_0008_0010.uasset" 5566
"../../../Engine/Content/EngineMaterials/Substrate/GLints/dict_16_192_64_0p5_0p02_0008_0011.uasset" 5567
"../../../Engine/Content/EngineMaterials/Substrate/GLints/dict_16_192_64_0p5_0p02_0008_0013.uasset" 5568
"../../../Engine/Content/EngineMaterials/Substrate/GLints/dict_16_192_64_0p5_0p02_0008_0014.uasset" 5569
"../../../Engine/Content/EngineMaterials/Substrate/GLints/dict_16_192_64_0p5_0p02_0009_0000.uasset" 5570
"../../../Engine/Content/EngineMaterials/Substrate/GLints/dict_16_192_64_0p5_0p02_0009_0001.uasset" 5571
"../../../Engine/Content/EngineMaterials/Substrate/GLints/dict_16_192_64_0p5_0p02_0008_0005.uasset" 5572
"/Engine/EngineMaterials/Substrate/GLints/dict_16_192_64_0p5_0p02_0008_0010" 5573
"/Engine/EngineMaterials/Substrate/GLints/dict_16_192_64_0p5_0p02_0008_0005" 5574
"/Engine/EngineMaterials/Substrate/GLints/dict_16_192_64_0p5_0p02_0008_0011" 5575
"../../../Engine/Content/EngineMaterials/Substrate/GLints/dict_16_192_64_0p5_0p02_0009_0002.uasset" 5576
"/Engine/EngineMaterials/Substrate/GLints/dict_16_192_64_0p5_0p02_0009_0001" 5577
"/Engine/EngineMaterials/Substrate/GLints/dict_16_192_64_0p5_0p02_0009_0000" 5578
"/Engine/EngineMaterials/Substrate/GLints/dict_16_192_64_0p5_0p02_0008_0015" 5579
"/Engine/EngineMaterials/Substrate/GLints/dict_16_192_64_0p5_0p02_0008_0014" 5580
"/Engine/EngineMaterials/Substrate/GLints/dict_16_192_64_0p5_0p02_0008_0013" 5581
"/Engine/EngineMaterials/Substrate/GLints/dict_16_192_64_0p5_0p02_0008_0012" 5582
"/Engine/EngineMaterials/Substrate/GLints/dict_16_192_64_0p5_0p02_0009_0002" 5583
"../../../Engine/Content/EngineMaterials/Substrate/GLints/dict_16_192_64_0p5_0p02_0008_0007.uasset" 5584
"../../../Engine/Content/EngineMaterials/Substrate/GLints/dict_16_192_64_0p5_0p02_0009_0003.uasset" 5585
"../../../Engine/Content/EngineMaterials/Substrate/GLints/dict_16_192_64_0p5_0p02_0008_0009.uasset" 5586
"../../../Engine/Content/EngineMaterials/Substrate/GLints/dict_16_192_64_0p5_0p02_0009_0007.uasset" 5587
"../../../Engine/Content/EngineMaterials/Substrate/GLints/dict_16_192_64_0p5_0p02_0009_0010.uasset" 5588
"../../../Engine/Content/EngineMaterials/Substrate/GLints/dict_16_192_64_0p5_0p02_0009_0004.uasset" 5589
"../../../Engine/Content/EngineMaterials/Substrate/GLints/dict_16_192_64_0p5_0p02_0009_0008.uasset" 5590
"../../../Engine/Content/EngineMaterials/Substrate/GLints/dict_16_192_64_0p5_0p02_0009_0005.uasset" 5591
"../../../Engine/Content/EngineMaterials/Substrate/GLints/dict_16_192_64_0p5_0p02_0009_0006.uasset" 5592
"../../../Engine/Content/EngineMaterials/Substrate/GLints/dict_16_192_64_0p5_0p02_0009_0011.uasset" 5593
"../../../Engine/Content/EngineMaterials/Substrate/GLints/dict_16_192_64_0p5_0p02_0009_0009.uasset" 5594
"../../../Engine/Content/EngineMaterials/Substrate/GLints/dict_16_192_64_0p5_0p02_0009_0014.uasset" 5595
"../../../Engine/Content/EngineMaterials/Substrate/GLints/dict_16_192_64_0p5_0p02_0009_0012.uasset" 5596
"../../../Engine/Content/EngineMaterials/Substrate/GLints/dict_16_192_64_0p5_0p02_0009_0013.uasset" 5597
"../../../Engine/Content/EngineMaterials/Substrate/GLints/dict_16_192_64_0p5_0p02_0010_0004.uasset" 5598
"../../../Engine/Content/EngineMaterials/Substrate/GLints/dict_16_192_64_0p5_0p02_0010_0003.uasset" 5599
"../../../Engine/Content/EngineMaterials/Substrate/GLints/dict_16_192_64_0p5_0p02_0010_0002.uasset" 5600
"../../../Engine/Content/EngineMaterials/Substrate/GLints/dict_16_192_64_0p5_0p02_0010_0001.uasset" 5601
"../../../Engine/Content/EngineMaterials/Substrate/GLints/dict_16_192_64_0p5_0p02_0010_0006.uasset" 5602
"../../../Engine/Content/EngineMaterials/Substrate/GLints/dict_16_192_64_0p5_0p02_0010_0000.uasset" 5603
"../../../Engine/Content/EngineMaterials/Substrate/GLints/dict_16_192_64_0p5_0p02_0010_0005.uasset" 5604
"../../../Engine/Content/EngineMaterials/Substrate/GLints/dict_16_192_64_0p5_0p02_0010_0008.uasset" 5605
"../../../Engine/Content/EngineMaterials/Substrate/GLints/dict_16_192_64_0p5_0p02_0010_0007.uasset" 5606
"../../../Engine/Content/EngineMaterials/Substrate/GLints/dict_16_192_64_0p5_0p02_0010_0009.uasset" 5607
"../../../Engine/Content/EngineMaterials/Substrate/GLints/dict_16_192_64_0p5_0p02_0009_0015.uasset" 5608
"../../../Engine/Content/EngineMaterials/Substrate/GLints/dict_16_192_64_0p5_0p02_0010_0010.uasset" 5609
"/Engine/EngineMaterials/Substrate/GLints/dict_16_192_64_0p5_0p02_0010_0006" 5610
"/Engine/EngineMaterials/Substrate/GLints/dict_16_192_64_0p5_0p02_0010_0005" 5611
"/Engine/EngineMaterials/Substrate/GLints/dict_16_192_64_0p5_0p02_0008_0007" 5612
"/Engine/EngineMaterials/Substrate/GLints/dict_16_192_64_0p5_0p02_0010_0004" 5613
"/Engine/EngineMaterials/Substrate/GLints/dict_16_192_64_0p5_0p02_0010_0001" 5614
"/Engine/EngineMaterials/Substrate/GLints/dict_16_192_64_0p5_0p02_0010_0000" 5615
"/Engine/EngineMaterials/Substrate/GLints/dict_16_192_64_0p5_0p02_0009_0015" 5616
"/Engine/EngineMaterials/Substrate/GLints/dict_16_192_64_0p5_0p02_0009_0014" 5617
"../../../Engine/Content/EngineMaterials/Substrate/GLints/dict_16_192_64_0p5_0p02_0010_0011.uasset" 5618
"/Engine/EngineMaterials/Substrate/GLints/dict_16_192_64_0p5_0p02_0009_0013" 5619
"/Engine/EngineMaterials/Substrate/GLints/dict_16_192_64_0p5_0p02_0009_0012" 5620
"/Engine/EngineMaterials/Substrate/GLints/dict_16_192_64_0p5_0p02_0009_0011" 5621
"/Engine/EngineMaterials/Substrate/GLints/dict_16_192_64_0p5_0p02_0009_0010" 5622
"/Engine/EngineMaterials/Substrate/GLints/dict_16_192_64_0p5_0p02_0009_0009" 5623
"/Engine/EngineMaterials/Substrate/GLints/dict_16_192_64_0p5_0p02_0009_0006" 5624
"/Engine/EngineMaterials/Substrate/GLints/dict_16_192_64_0p5_0p02_0009_0005" 5625
"/Engine/EngineMaterials/Substrate/GLints/dict_16_192_64_0p5_0p02_0009_0004" 5626
"/Engine/EngineMaterials/Substrate/GLints/dict_16_192_64_0p5_0p02_0010_0010" 5627
"/Engine/EngineMaterials/Substrate/GLints/dict_16_192_64_0p5_0p02_0009_0008" 5628
"/Engine/EngineMaterials/Substrate/GLints/dict_16_192_64_0p5_0p02_0010_0009" 5629
"/Engine/EngineMaterials/Substrate/GLints/dict_16_192_64_0p5_0p02_0009_0003" 5630
"/Engine/EngineMaterials/Substrate/GLints/dict_16_192_64_0p5_0p02_0010_0008" 5631
"/Engine/EngineMaterials/Substrate/GLints/dict_16_192_64_0p5_0p02_0010_0007" 5632
"/Engine/EngineMaterials/Substrate/GLints/dict_16_192_64_0p5_0p02_0009_0007" 5633
"/Engine/EngineMaterials/Substrate/GLints/dict_16_192_64_0p5_0p02_0010_0003" 5634
"/Engine/EngineMaterials/Substrate/GLints/dict_16_192_64_0p5_0p02_0010_0002" 5635
"/Engine/EngineMaterials/Substrate/GLints/dict_16_192_64_0p5_0p02_0008_0009" 5636
"/Engine/EngineMaterials/Substrate/GLints/dict_16_192_64_0p5_0p02_0010_0011" 5637
"../../../Engine/Content/EngineMaterials/Substrate/GLints/dict_16_192_64_0p5_0p02_0010_0013.uasset" 5638
"../../../Engine/Content/EngineMaterials/Substrate/GLints/dict_16_192_64_0p5_0p02_0010_0015.uasset" 5639
"../../../Engine/Content/EngineMaterials/Substrate/GLints/dict_16_192_64_0p5_0p02_0010_0014.uasset" 5640
"../../../Engine/Content/EngineMaterials/Substrate/GLints/dict_16_192_64_0p5_0p02_0011_0005.uasset" 5641
"../../../Engine/Content/EngineMaterials/Substrate/GLints/dict_16_192_64_0p5_0p02_0010_0012.uasset" 5642
"../../../Engine/Content/EngineMaterials/Substrate/GLints/dict_16_192_64_0p5_0p02_0011_0000.uasset" 5643
"/Engine/EngineMaterials/Substrate/GLints/dict_16_192_64_0p5_0p02_0010_0015" 5644
"/Engine/EngineMaterials/Substrate/GLints/dict_16_192_64_0p5_0p02_0010_0014" 5645
"/Engine/EngineMaterials/Substrate/GLints/dict_16_192_64_0p5_0p02_0010_0013" 5646
"/Engine/EngineMaterials/Substrate/GLints/dict_16_192_64_0p5_0p02_0010_0012" 5647
"/Engine/EngineMaterials/Substrate/GLints/dict_16_192_64_0p5_0p02_0011_0000" 5648
"/Engine/EngineMaterials/Substrate/GLints/dict_16_192_64_0p5_0p02_0011_0005" 5649
"../../../Engine/Content/EngineMaterials/Substrate/GLints/dict_16_192_64_0p5_0p02_0011_0004.uasset" 5650
"../../../Engine/Content/EngineMaterials/Substrate/GLints/dict_16_192_64_0p5_0p02_0011_0002.uasset" 5651
"../../../Engine/Content/EngineMaterials/Substrate/GLints/dict_16_192_64_0p5_0p02_0011_0006.uasset" 5652
"../../../Engine/Content/EngineMaterials/Substrate/GLints/dict_16_192_64_0p5_0p02_0011_0003.uasset" 5653
"/Engine/EngineMaterials/Substrate/GLints/dict_16_192_64_0p5_0p02_0011_0006" 5654
"/Engine/EngineMaterials/Substrate/GLints/dict_16_192_64_0p5_0p02_0011_0004" 5655
"/Engine/EngineMaterials/Substrate/GLints/dict_16_192_64_0p5_0p02_0011_0003" 5656
"/Engine/EngineMaterials/Substrate/GLints/dict_16_192_64_0p5_0p02_0011_0002" 5657
"../../../Engine/Content/EngineMaterials/Substrate/GLints/dict_16_192_64_0p5_0p02_0011_0009.uasset" 5658
"../../../Engine/Content/EngineMaterials/Substrate/GLints/dict_16_192_64_0p5_0p02_0011_0010.uasset" 5659
"../../../Engine/Content/EngineMaterials/Substrate/GLints/dict_16_192_64_0p5_0p02_0011_0011.uasset" 5660
"../../../Engine/Content/EngineMaterials/Substrate/GLints/dict_16_192_64_0p5_0p02_0011_0012.uasset" 5661
"../../../Engine/Content/EngineMaterials/Substrate/GLints/dict_16_192_64_0p5_0p02_0011_0001.uasset" 5662
"../../../Engine/Content/EngineMaterials/Substrate/GLints/dict_16_192_64_0p5_0p02_0011_0013.uasset" 5663
"../../../Engine/Content/EngineMaterials/Substrate/GLints/dict_16_192_64_0p5_0p02_0011_0014.uasset" 5664
"../../../Engine/Content/EngineMaterials/Substrate/GLints/dict_16_192_64_0p5_0p02_0011_0007.uasset" 5665
"../../../Engine/Content/EngineMaterials/Substrate/GLints/dict_16_192_64_0p5_0p02_0011_0008.uasset" 5666
"../../../Engine/Content/EngineMaterials/Substrate/GLints/dict_16_192_64_0p5_0p02_0011_0015.uasset" 5667
"../../../Engine/Content/EngineMaterials/Substrate/GLints/dict_16_192_64_0p5_0p02_0012_0000.uasset" 5668
"../../../Engine/Content/EngineMaterials/Substrate/GLints/dict_16_192_64_0p5_0p02_0012_0003.uasset" 5669
"../../../Engine/Content/EngineMaterials/Substrate/GLints/dict_16_192_64_0p5_0p02_0012_0001.uasset" 5670
"../../../Engine/Content/EngineMaterials/Substrate/GLints/dict_16_192_64_0p5_0p02_0012_0005.uasset" 5671
"../../../Engine/Content/EngineMaterials/Substrate/GLints/dict_16_192_64_0p5_0p02_0012_0006.uasset" 5672
"../../../Engine/Content/EngineMaterials/Substrate/GLints/dict_16_192_64_0p5_0p02_0012_0002.uasset" 5673
"../../../Engine/Content/EngineMaterials/Substrate/GLints/dict_16_192_64_0p5_0p02_0012_0004.uasset" 5674
"../../../Engine/Content/EngineMaterials/Substrate/GLints/dict_16_192_64_0p5_0p02_0012_0008.uasset" 5675
"../../../Engine/Content/EngineMaterials/Substrate/GLints/dict_16_192_64_0p5_0p02_0012_0011.uasset" 5676
"../../../Engine/Content/EngineMaterials/Substrate/GLints/dict_16_192_64_0p5_0p02_0012_0007.uasset" 5677
"../../../Engine/Content/EngineMaterials/Substrate/GLints/dict_16_192_64_0p5_0p02_0012_0009.uasset" 5678
"../../../Engine/Content/EngineMaterials/Substrate/GLints/dict_16_192_64_0p5_0p02_0012_0012.uasset" 5679
"../../../Engine/Content/EngineMaterials/Substrate/GLints/dict_16_192_64_0p5_0p02_0012_0013.uasset" 5680
"../../../Engine/Content/EngineMaterials/Substrate/GLints/dict_16_192_64_0p5_0p02_0012_0010.uasset" 5681
"/Engine/EngineMaterials/Substrate/GLints/dict_16_192_64_0p5_0p02_0012_0009" 5682
"/Engine/EngineMaterials/Substrate/GLints/dict_16_192_64_0p5_0p02_0012_0008" 5683
"/Engine/EngineMaterials/Substrate/GLints/dict_16_192_64_0p5_0p02_0012_0007" 5684
"../../../Engine/Content/EngineMaterials/Substrate/GLints/dict_16_192_64_0p5_0p02_0013_0000.uasset" 5685
"/Engine/EngineMaterials/Substrate/GLints/dict_16_192_64_0p5_0p02_0012_0006" 5686
"/Engine/EngineMaterials/Substrate/GLints/dict_16_192_64_0p5_0p02_0012_0005" 5687
"/Engine/EngineMaterials/Substrate/GLints/dict_16_192_64_0p5_0p02_0012_0004" 5688
"/Engine/EngineMaterials/Substrate/GLints/dict_16_192_64_0p5_0p02_0012_0003" 5689
"/Engine/EngineMaterials/Substrate/GLints/dict_16_192_64_0p5_0p02_0012_0002" 5690
"/Engine/EngineMaterials/Substrate/GLints/dict_16_192_64_0p5_0p02_0012_0001" 5691
"../../../Engine/Content/EngineMaterials/Substrate/GLints/dict_16_192_64_0p5_0p02_0012_0015.uasset" 5692
"/Engine/EngineMaterials/Substrate/GLints/dict_16_192_64_0p5_0p02_0012_0000" 5693
"../../../Engine/Content/EngineMaterials/Substrate/GLints/dict_16_192_64_0p5_0p02_0013_0001.uasset" 5694
"/Engine/EngineMaterials/Substrate/GLints/dict_16_192_64_0p5_0p02_0011_0015" 5695
"/Engine/EngineMaterials/Substrate/GLints/dict_16_192_64_0p5_0p02_0011_0014" 5696
"/Engine/EngineMaterials/Substrate/GLints/dict_16_192_64_0p5_0p02_0011_0013" 5697
"/Engine/EngineMaterials/Substrate/GLints/dict_16_192_64_0p5_0p02_0011_0012" 5698
"/Engine/EngineMaterials/Substrate/GLints/dict_16_192_64_0p5_0p02_0011_0011" 5699
"/Engine/EngineMaterials/Substrate/GLints/dict_16_192_64_0p5_0p02_0012_0011" 5700
"../../../Engine/Content/EngineMaterials/Substrate/GLints/dict_16_192_64_0p5_0p02_0012_0014.uasset" 5701
"/Engine/EngineMaterials/Substrate/GLints/dict_16_192_64_0p5_0p02_0011_0010" 5702
"/Engine/EngineMaterials/Substrate/GLints/dict_16_192_64_0p5_0p02_0011_0009" 5703
"/Engine/EngineMaterials/Substrate/GLints/dict_16_192_64_0p5_0p02_0011_0008" 5704
"/Engine/EngineMaterials/Substrate/GLints/dict_16_192_64_0p5_0p02_0011_0007" 5705
"/Engine/EngineMaterials/Substrate/GLints/dict_16_192_64_0p5_0p02_0012_0013" 5706
"/Engine/EngineMaterials/Substrate/GLints/dict_16_192_64_0p5_0p02_0012_0012" 5707
"/Engine/EngineMaterials/Substrate/GLints/dict_16_192_64_0p5_0p02_0011_0001" 5708
"/Engine/EngineMaterials/Substrate/GLints/dict_16_192_64_0p5_0p02_0012_0010" 5709
"/Engine/EngineMaterials/Substrate/GLints/dict_16_192_64_0p5_0p02_0013_0001" 5710
"/Engine/EngineMaterials/Substrate/GLints/dict_16_192_64_0p5_0p02_0013_0000" 5711
"/Engine/EngineMaterials/Substrate/GLints/dict_16_192_64_0p5_0p02_0012_0015" 5712
"/Engine/EngineMaterials/Substrate/GLints/dict_16_192_64_0p5_0p02_0012_0014" 5713
"../../../Engine/Content/EngineMaterials/Substrate/GLints/dict_16_192_64_0p5_0p02_0013_0002.uasset" 5714
"../../../Engine/Content/EngineMaterials/Substrate/GLints/dict_16_192_64_0p5_0p02_0013_0003.uasset" 5715
"../../../Engine/Content/EngineMaterials/Substrate/GLints/dict_16_192_64_0p5_0p02_0013_0004.uasset" 5716
"../../../Engine/Content/EngineMaterials/Substrate/GLints/dict_16_192_64_0p5_0p02_0013_0005.uasset" 5717
"../../../Engine/Content/EngineMaterials/Substrate/GLints/dict_16_192_64_0p5_0p02_0013_0011.uasset" 5718
"../../../Engine/Content/EngineMaterials/Substrate/GLints/dict_16_192_64_0p5_0p02_0013_0007.uasset" 5719
"../../../Engine/Content/EngineMaterials/Substrate/GLints/dict_16_192_64_0p5_0p02_0013_0009.uasset" 5720
"../../../Engine/Content/EngineMaterials/Substrate/GLints/dict_16_192_64_0p5_0p02_0013_0014.uasset" 5721
"../../../Engine/Content/EngineMaterials/Substrate/GLints/dict_16_192_64_0p5_0p02_0013_0006.uasset" 5722
"../../../Engine/Content/EngineMaterials/Substrate/GLints/dict_16_192_64_0p5_0p02_0013_0012.uasset" 5723
"../../../Engine/Content/EngineMaterials/Substrate/GLints/dict_16_192_64_0p5_0p02_0013_0013.uasset" 5724
"/Engine/EngineMaterials/Substrate/GLints/dict_16_192_64_0p5_0p02_0013_0014" 5725
"/Engine/EngineMaterials/Substrate/GLints/dict_16_192_64_0p5_0p02_0013_0013" 5726
"/Engine/EngineMaterials/Substrate/GLints/dict_16_192_64_0p5_0p02_0013_0012" 5727
"/Engine/EngineMaterials/Substrate/GLints/dict_16_192_64_0p5_0p02_0013_0011" 5728
"/Engine/EngineMaterials/Substrate/GLints/dict_16_192_64_0p5_0p02_0013_0009" 5729
"/Engine/EngineMaterials/Substrate/GLints/dict_16_192_64_0p5_0p02_0013_0005" 5730
"/Engine/EngineMaterials/Substrate/GLints/dict_16_192_64_0p5_0p02_0013_0007" 5731
"/Engine/EngineMaterials/Substrate/GLints/dict_16_192_64_0p5_0p02_0013_0004" 5732
"/Engine/EngineMaterials/Substrate/GLints/dict_16_192_64_0p5_0p02_0013_0003" 5733
"/Engine/EngineMaterials/Substrate/GLints/dict_16_192_64_0p5_0p02_0013_0002" 5734
"/Engine/EngineMaterials/Substrate/GLints/dict_16_192_64_0p5_0p02_0013_0006" 5735
"../../../Engine/Content/EngineMaterials/Substrate/GLints/dict_16_192_64_0p5_0p02_0013_0008.uasset" 5736
"/Engine/EngineMaterials/Substrate/GLints/dict_16_192_64_0p5_0p02_0013_0008" 5737
"../../../Engine/Content/EngineMaterials/Substrate/GLints/dict_16_192_64_0p5_0p02_0014_0000.uasset" 5738
"../../../Engine/Content/EngineMaterials/Substrate/GLints/dict_16_192_64_0p5_0p02_0013_0010.uasset" 5739
"../../../Engine/Content/EngineMaterials/Substrate/GLints/dict_16_192_64_0p5_0p02_0013_0015.uasset" 5740
"../../../Engine/Content/EngineMaterials/Substrate/GLints/dict_16_192_64_0p5_0p02_0014_0001.uasset" 5741
"../../../Engine/Content/EngineMaterials/Substrate/GLints/dict_16_192_64_0p5_0p02_0014_0002.uasset" 5742
"../../../Engine/Content/EngineMaterials/Substrate/GLints/dict_16_192_64_0p5_0p02_0014_0007.uasset" 5743
"../../../Engine/Content/EngineMaterials/Substrate/GLints/dict_16_192_64_0p5_0p02_0014_0008.uasset" 5744
"../../../Engine/Content/EngineMaterials/Substrate/GLints/dict_16_192_64_0p5_0p02_0014_0003.uasset" 5745
"../../../Engine/Content/EngineMaterials/Substrate/GLints/dict_16_192_64_0p5_0p02_0014_0006.uasset" 5746
"../../../Engine/Content/EngineMaterials/Substrate/GLints/dict_16_192_64_0p5_0p02_0014_0004.uasset" 5747
"../../../Engine/Content/EngineMaterials/Substrate/GLints/dict_16_192_64_0p5_0p02_0014_0009.uasset" 5748
"../../../Engine/Content/EngineMaterials/Substrate/GLints/dict_16_192_64_0p5_0p02_0014_0013.uasset" 5749
"../../../Engine/Content/EngineMaterials/Substrate/GLints/dict_16_192_64_0p5_0p02_0014_0010.uasset" 5750
"../../../Engine/Content/EngineMaterials/Substrate/GLints/dict_16_192_64_0p5_0p02_0014_0005.uasset" 5751
"../../../Engine/Content/EngineMaterials/Substrate/GLints/dict_16_192_64_0p5_0p02_0014_0011.uasset" 5752
"../../../Engine/Content/EngineMaterials/Substrate/GLints/dict_16_192_64_0p5_0p02_0014_0012.uasset" 5753
"../../../Engine/Content/EngineMaterials/Substrate/GLints/dict_16_192_64_0p5_0p02_0014_0014.uasset" 5754
"../../../Engine/Content/EngineMaterials/Substrate/GLints/dict_16_192_64_0p5_0p02_0014_0015.uasset" 5755
"../../../Engine/Content/EngineMaterials/Substrate/GLints/dict_16_192_64_0p5_0p02_0015_0000.uasset" 5756
"../../../Engine/Content/EngineMaterials/Substrate/GLints/dict_16_192_64_0p5_0p02_0015_0002.uasset" 5757
"../../../Engine/Content/EngineMaterials/Substrate/GLints/dict_16_192_64_0p5_0p02_0015_0009.uasset" 5758
"../../../Engine/Content/EngineMaterials/Substrate/GLints/dict_16_192_64_0p5_0p02_0015_0003.uasset" 5759
"../../../Engine/Content/EngineMaterials/Substrate/GLints/dict_16_192_64_0p5_0p02_0015_0001.uasset" 5760
"../../../Engine/Content/EngineMaterials/Substrate/GLints/dict_16_192_64_0p5_0p02_0015_0004.uasset" 5761
"../../../Engine/Content/EngineMaterials/Substrate/GLints/dict_16_192_64_0p5_0p02_0015_0006.uasset" 5762
"../../../Engine/Content/EngineMaterials/Substrate/GLints/dict_16_192_64_0p5_0p02_0015_0011.uasset" 5763
"../../../Engine/Content/EngineMaterials/Substrate/GLints/dict_16_192_64_0p5_0p02_0015_0005.uasset" 5764
"../../../Engine/Content/EngineMaterials/Substrate/GLints/dict_16_192_64_0p5_0p02_0015_0012.uasset" 5765
"../../../Engine/Content/EngineMaterials/Substrate/GLints/dict_16_192_64_0p5_0p02_0015_0007.uasset" 5766
"../../../Engine/Content/EngineMaterials/Substrate/GLints/dict_16_192_64_0p5_0p02_0015_0010.uasset" 5767
"../../../Engine/Content/EngineMaterials/Substrate/GLints/dict_16_192_64_0p5_0p02_0015_0008.uasset" 5768
"/Engine/EngineMaterials/Substrate/GLints/dict_16_192_64_0p5_0p02_0015_0001" 5769
"/Engine/EngineMaterials/Substrate/GLints/dict_16_192_64_0p5_0p02_0015_0000" 5770
"/Engine/EngineMaterials/Substrate/GLints/dict_16_192_64_0p5_0p02_0014_0012" 5771
"/Engine/EngineMaterials/Substrate/GLints/dict_16_192_64_0p5_0p02_0014_0011" 5772
"/Engine/EngineMaterials/Substrate/GLints/dict_16_192_64_0p5_0p02_0014_0015" 5773
"/Engine/EngineMaterials/Substrate/GLints/dict_16_192_64_0p5_0p02_0014_0010" 5774
"/Engine/EngineMaterials/Substrate/GLints/dict_16_192_64_0p5_0p02_0014_0009" 5775
"/Engine/EngineMaterials/Substrate/GLints/dict_16_192_64_0p5_0p02_0014_0014" 5776
"/Engine/EngineMaterials/Substrate/GLints/dict_16_192_64_0p5_0p02_0014_0008" 5777
"/Engine/EngineMaterials/Substrate/GLints/dict_16_192_64_0p5_0p02_0014_0007" 5778
"/Engine/EngineMaterials/Substrate/GLints/dict_16_192_64_0p5_0p02_0014_0006" 5779
"/Engine/EngineMaterials/Substrate/GLints/dict_16_192_64_0p5_0p02_0014_0005" 5780
"/Engine/EngineMaterials/Substrate/GLints/dict_16_192_64_0p5_0p02_0014_0004" 5781
"/Engine/EngineMaterials/Substrate/GLints/dict_16_192_64_0p5_0p02_0014_0003" 5782
"/Engine/EngineMaterials/Substrate/GLints/dict_16_192_64_0p5_0p02_0014_0002" 5783
"/Engine/EngineMaterials/Substrate/GLints/dict_16_192_64_0p5_0p02_0014_0001" 5784
"/Engine/EngineMaterials/Substrate/GLints/dict_16_192_64_0p5_0p02_0014_0013" 5785
"/Engine/EngineMaterials/Substrate/GLints/dict_16_192_64_0p5_0p02_0014_0000" 5786
"/Engine/EngineMaterials/Substrate/GLints/dict_16_192_64_0p5_0p02_0013_0015" 5787
"/Engine/EngineMaterials/Substrate/GLints/dict_16_192_64_0p5_0p02_0015_0012" 5788
"/Engine/EngineMaterials/Substrate/GLints/dict_16_192_64_0p5_0p02_0015_0011" 5789
"/Engine/EngineMaterials/Substrate/GLints/dict_16_192_64_0p5_0p02_0015_0010" 5790
"/Engine/EngineMaterials/Substrate/GLints/dict_16_192_64_0p5_0p02_0015_0009" 5791
"/Engine/EngineMaterials/Substrate/GLints/dict_16_192_64_0p5_0p02_0013_0010" 5792
"/Engine/EngineMaterials/Substrate/GLints/dict_16_192_64_0p5_0p02_0015_0008" 5793
"/Engine/EngineMaterials/Substrate/GLints/dict_16_192_64_0p5_0p02_0015_0007" 5794
"/Engine/EngineMaterials/Substrate/GLints/dict_16_192_64_0p5_0p02_0015_0006" 5795
"/Engine/EngineMaterials/Substrate/GLints/dict_16_192_64_0p5_0p02_0015_0005" 5796
"/Engine/EngineMaterials/Substrate/GLints/dict_16_192_64_0p5_0p02_0015_0004" 5797
"../../../Engine/Content/EngineMaterials/Substrate/GLints/dict_16_192_64_0p5_0p02_0015_0013.uasset" 5798
"/Engine/EngineMaterials/Substrate/GLints/dict_16_192_64_0p5_0p02_0015_0003" 5799
"/Engine/EngineMaterials/Substrate/GLints/dict_16_192_64_0p5_0p02_0015_0002" 5800
"/Engine/EngineMaterials/Substrate/GLints/dict_16_192_64_0p5_0p02_0015_0013" 5801
"../../../Engine/Content/EngineMaterials/Substrate/GLints/dict_16_192_64_0p5_0p02_0016_0007.uasset" 5802
"../../../Engine/Content/EngineMaterials/Substrate/GLints/dict_16_192_64_0p5_0p02_0016_0005.uasset" 5803
"../../../Engine/Content/EngineMaterials/Substrate/GLints/dict_16_192_64_0p5_0p02_0016_0008.uasset" 5804
"../../../Engine/Content/EngineMaterials/Substrate/GLints/dict_16_192_64_0p5_0p02_0016_0004.uasset" 5805
"../../../Engine/Content/EngineMaterials/Substrate/GLints/dict_16_192_64_0p5_0p02_0015_0014.uasset" 5806
"../../../Engine/Content/EngineMaterials/Substrate/GLints/dict_16_192_64_0p5_0p02_0016_0006.uasset" 5807
"../../../Engine/Content/EngineMaterials/Substrate/GLints/dict_16_192_64_0p5_0p02_0016_0003.uasset" 5808
"../../../Engine/Content/EngineMaterials/Substrate/GLints/dict_16_192_64_0p5_0p02_0016_0009.uasset" 5809
"../../../Engine/Content/EngineMaterials/Substrate/GLints/dict_16_192_64_0p5_0p02_0016_0001.uasset" 5810
"../../../Engine/Content/EngineMaterials/Substrate/GLints/dict_16_192_64_0p5_0p02_0016_0011.uasset" 5811
"../../../Engine/Content/EngineMaterials/Substrate/GLints/dict_16_192_64_0p5_0p02_0016_0002.uasset" 5812
"../../../Engine/Content/EngineMaterials/Substrate/GLints/dict_16_192_64_0p5_0p02_0016_0012.uasset" 5813
"../../../Engine/Content/EngineMaterials/Substrate/GLints/dict_16_192_64_0p5_0p02_0016_0000.uasset" 5814
"../../../Engine/Content/EngineMaterials/Substrate/GLints/dict_16_192_64_0p5_0p02_0016_0010.uasset" 5815
"../../../Engine/Content/EngineMaterials/Substrate/GLints/dict_16_192_64_0p5_0p02_0016_0013.uasset" 5816
"/Engine/EngineMaterials/Substrate/GLints/dict_16_192_64_0p5_0p02_0016_0013" 5817
"/Engine/EngineMaterials/Substrate/GLints/dict_16_192_64_0p5_0p02_0016_0012" 5818
"/Engine/EngineMaterials/Substrate/GLints/dict_16_192_64_0p5_0p02_0016_0011" 5819
"/Engine/EngineMaterials/Substrate/GLints/dict_16_192_64_0p5_0p02_0016_0010" 5820
"/Engine/EngineMaterials/Substrate/GLints/dict_16_192_64_0p5_0p02_0016_0009" 5821
"/Engine/EngineMaterials/Substrate/GLints/dict_16_192_64_0p5_0p02_0016_0008" 5822
"/Engine/EngineMaterials/Substrate/GLints/dict_16_192_64_0p5_0p02_0016_0007" 5823
"/Engine/EngineMaterials/Substrate/GLints/dict_16_192_64_0p5_0p02_0016_0006" 5824
"/Engine/EngineMaterials/Substrate/GLints/dict_16_192_64_0p5_0p02_0016_0005" 5825
"/Engine/EngineMaterials/Substrate/GLints/dict_16_192_64_0p5_0p02_0016_0004" 5826
"/Engine/EngineMaterials/Substrate/GLints/dict_16_192_64_0p5_0p02_0016_0003" 5827
"/Engine/EngineMaterials/Substrate/GLints/dict_16_192_64_0p5_0p02_0016_0002" 5828
"/Engine/EngineMaterials/Substrate/GLints/dict_16_192_64_0p5_0p02_0016_0001" 5829
"/Engine/EngineMaterials/Substrate/GLints/dict_16_192_64_0p5_0p02_0016_0000" 5830
"/Engine/EngineMaterials/Substrate/GLints/dict_16_192_64_0p5_0p02_0015_0014" 5831
"../../../Engine/Content/EngineMaterials/Substrate/GLints/dict_16_192_64_0p5_0p02_0016_0015.uasset" 5832
"../../../Engine/Content/EngineMaterials/Substrate/GLints/dict_16_192_64_0p5_0p02_0017_0003.uasset" 5833
"/Engine/EngineMaterials/Substrate/GLints/dict_16_192_64_0p5_0p02_0017_0003" 5834
"../../../Engine/Content/EngineMaterials/Substrate/GLints/dict_16_192_64_0p5_0p02_0017_0004.uasset" 5835
"../../../Engine/Content/EngineMaterials/Substrate/GLints/dict_16_192_64_0p5_0p02_0016_0014.uasset" 5836
"/Engine/EngineMaterials/Substrate/GLints/dict_16_192_64_0p5_0p02_0016_0015" 5837
"/Engine/EngineMaterials/Substrate/GLints/dict_16_192_64_0p5_0p02_0017_0004" 5838
"/Engine/EngineMaterials/Substrate/GLints/dict_16_192_64_0p5_0p02_0016_0014" 5839
"../../../Engine/Content/EngineMaterials/Substrate/GLints/dict_16_192_64_0p5_0p02_0015_0015.uasset" 5840
"../../../Engine/Content/EngineMaterials/Substrate/GLints/dict_16_192_64_0p5_0p02_0017_0007.uasset" 5841
"../../../Engine/Content/EngineMaterials/Substrate/GLints/dict_16_192_64_0p5_0p02_0017_0001.uasset" 5842
"../../../Engine/Content/EngineMaterials/Substrate/GLints/dict_16_192_64_0p5_0p02_0017_0005.uasset" 5843
"../../../Engine/Content/EngineMaterials/Substrate/GLints/dict_16_192_64_0p5_0p02_0017_0002.uasset" 5844
"../../../Engine/Content/EngineMaterials/Substrate/GLints/dict_16_192_64_0p5_0p02_0017_0000.uasset" 5845
"/Engine/EngineMaterials/Substrate/GLints/dict_16_192_64_0p5_0p02_0017_0007" 5846
"/Engine/EngineMaterials/Substrate/GLints/dict_16_192_64_0p5_0p02_0017_0005" 5847
"/Engine/EngineMaterials/Substrate/GLints/dict_16_192_64_0p5_0p02_0017_0002" 5848
"/Engine/EngineMaterials/Substrate/GLints/dict_16_192_64_0p5_0p02_0017_0001" 5849
"../../../Engine/Content/EngineMaterials/Substrate/GLints/dict_16_192_64_0p5_0p02_0017_0006.uasset" 5850
"/Engine/EngineMaterials/Substrate/GLints/dict_16_192_64_0p5_0p02_0017_0000" 5851
"../../../Engine/Content/EngineMaterials/Substrate/GLints/dict_16_192_64_0p5_0p02_0017_0008.uasset" 5852
"/Engine/EngineMaterials/Substrate/GLints/dict_16_192_64_0p5_0p02_0015_0015" 5853
"/Engine/EngineMaterials/Substrate/GLints/dict_16_192_64_0p5_0p02_0017_0008" 5854
"/Engine/EngineMaterials/Substrate/GLints/dict_16_192_64_0p5_0p02_0017_0006" 5855
"../../../Engine/Content/EngineMaterials/Substrate/GLints/dict_16_192_64_0p5_0p02_0017_0009.uasset" 5856
"../../../Engine/Content/EngineMaterials/Substrate/GLints/dict_16_192_64_0p5_0p02_0017_0011.uasset" 5857
"../../../Engine/Content/EngineMaterials/Substrate/GLints/dict_16_192_64_0p5_0p02_0017_0010.uasset" 5858
"../../../Engine/Content/EngineMaterials/Substrate/GLints/dict_16_192_64_0p5_0p02_0017_0014.uasset" 5859
"../../../Engine/Content/EngineMaterials/Substrate/GLints/dict_16_192_64_0p5_0p02_0017_0012.uasset" 5860
"../../../Engine/Content/EngineMaterials/Substrate/GLints/dict_16_192_64_0p5_0p02_0018_0006.uasset" 5861
"../../../Engine/Content/EngineMaterials/Substrate/GLints/dict_16_192_64_0p5_0p02_0017_0013.uasset" 5862
"../../../Engine/Content/EngineMaterials/Substrate/GLints/dict_16_192_64_0p5_0p02_0018_0001.uasset" 5863
"../../../Engine/Content/EngineMaterials/Substrate/GLints/dict_16_192_64_0p5_0p02_0018_0002.uasset" 5864
"../../../Engine/Content/EngineMaterials/Substrate/GLints/dict_16_192_64_0p5_0p02_0018_0000.uasset" 5865
"../../../Engine/Content/EngineMaterials/Substrate/GLints/dict_16_192_64_0p5_0p02_0018_0003.uasset" 5866
"../../../Engine/Content/EngineMaterials/Substrate/GLints/dict_16_192_64_0p5_0p02_0017_0015.uasset" 5867
"../../../Engine/Content/EngineMaterials/Substrate/GLints/dict_16_192_64_0p5_0p02_0018_0004.uasset" 5868
"../../../Engine/Content/EngineMaterials/Substrate/GLints/dict_16_192_64_0p5_0p02_0018_0005.uasset" 5869
"/Engine/EngineMaterials/Substrate/GLints/dict_16_192_64_0p5_0p02_0017_0012" 5870
"/Engine/EngineMaterials/Substrate/GLints/dict_16_192_64_0p5_0p02_0017_0011" 5871
"/Engine/EngineMaterials/Substrate/GLints/dict_16_192_64_0p5_0p02_0017_0010" 5872
"/Engine/EngineMaterials/Substrate/GLints/dict_16_192_64_0p5_0p02_0017_0009" 5873
"/Engine/EngineMaterials/Substrate/GLints/dict_16_192_64_0p5_0p02_0018_0006" 5874
"/Engine/EngineMaterials/Substrate/GLints/dict_16_192_64_0p5_0p02_0018_0005" 5875
"/Engine/EngineMaterials/Substrate/GLints/dict_16_192_64_0p5_0p02_0018_0004" 5876
"/Engine/EngineMaterials/Substrate/GLints/dict_16_192_64_0p5_0p02_0018_0003" 5877
"/Engine/EngineMaterials/Substrate/GLints/dict_16_192_64_0p5_0p02_0018_0002" 5878
"/Engine/EngineMaterials/Substrate/GLints/dict_16_192_64_0p5_0p02_0017_0013" 5879
"../../../Engine/Content/EngineMaterials/Substrate/GLints/dict_16_192_64_0p5_0p02_0018_0008.uasset" 5880
"/Engine/EngineMaterials/Substrate/GLints/dict_16_192_64_0p5_0p02_0018_0001" 5881
"/Engine/EngineMaterials/Substrate/GLints/dict_16_192_64_0p5_0p02_0018_0000" 5882
"../../../Engine/Content/EngineMaterials/Substrate/GLints/dict_16_192_64_0p5_0p02_0018_0007.uasset" 5883
"/Engine/EngineMaterials/Substrate/GLints/dict_16_192_64_0p5_0p02_0017_0015" 5884
"/Engine/EngineMaterials/Substrate/GLints/dict_16_192_64_0p5_0p02_0017_0014" 5885
"/Engine/EngineMaterials/Substrate/GLints/dict_16_192_64_0p5_0p02_0018_0008" 5886
"/Engine/EngineMaterials/Substrate/GLints/dict_16_192_64_0p5_0p02_0018_0007" 5887
"../../../Engine/Content/EngineMaterials/Substrate/GLints/dict_16_192_64_0p5_0p02_0018_0009.uasset" 5888
"../../../Engine/Content/EngineMaterials/Substrate/GLints/dict_16_192_64_0p5_0p02_0018_0010.uasset" 5889
"../../../Engine/Content/EngineMaterials/Substrate/GLints/dict_16_192_64_0p5_0p02_0018_0014.uasset" 5890
"../../../Engine/Content/EngineMaterials/Substrate/GLints/dict_16_192_64_0p5_0p02_0018_0011.uasset" 5891
"../../../Engine/Content/EngineMaterials/Substrate/GLints/dict_16_192_64_0p5_0p02_0018_0012.uasset" 5892
"../../../Engine/Content/EngineMaterials/Substrate/GLints/dict_16_192_64_0p5_0p02_0019_0004.uasset" 5893
"../../../Engine/Content/EngineMaterials/Substrate/GLints/dict_16_192_64_0p5_0p02_0018_0013.uasset" 5894
"../../../Engine/Content/EngineMaterials/Substrate/GLints/dict_16_192_64_0p5_0p02_0019_0002.uasset" 5895
"../../../Engine/Content/EngineMaterials/Substrate/GLints/dict_16_192_64_0p5_0p02_0019_0000.uasset" 5896
"../../../Engine/Content/EngineMaterials/Substrate/GLints/dict_16_192_64_0p5_0p02_0019_0003.uasset" 5897
"../../../Engine/Content/EngineMaterials/Substrate/GLints/dict_16_192_64_0p5_0p02_0019_0001.uasset" 5898
"../../../Engine/Content/EngineMaterials/Substrate/GLints/dict_16_192_64_0p5_0p02_0018_0015.uasset" 5899
"../../../Engine/Content/EngineMaterials/Substrate/GLints/dict_16_192_64_0p5_0p02_0019_0005.uasset" 5900
"/Engine/EngineMaterials/Substrate/GLints/dict_16_192_64_0p5_0p02_0019_0005" 5901
"/Engine/EngineMaterials/Substrate/GLints/dict_16_192_64_0p5_0p02_0019_0000" 5902
"../../../Engine/Content/EngineMaterials/Substrate/GLints/dict_16_192_64_0p5_0p02_0019_0007.uasset" 5903
"/Engine/EngineMaterials/Substrate/GLints/dict_16_192_64_0p5_0p02_0018_0014" 5904
"/Engine/EngineMaterials/Substrate/GLints/dict_16_192_64_0p5_0p02_0019_0004" 5905
"/Engine/EngineMaterials/Substrate/GLints/dict_16_192_64_0p5_0p02_0019_0003" 5906
"/Engine/EngineMaterials/Substrate/GLints/dict_16_192_64_0p5_0p02_0019_0002" 5907
"/Engine/EngineMaterials/Substrate/GLints/dict_16_192_64_0p5_0p02_0018_0013" 5908
"/Engine/EngineMaterials/Substrate/GLints/dict_16_192_64_0p5_0p02_0018_0015" 5909
"/Engine/EngineMaterials/Substrate/GLints/dict_16_192_64_0p5_0p02_0018_0012" 5910
"../../../Engine/Content/EngineMaterials/Substrate/GLints/dict_16_192_64_0p5_0p02_0019_0008.uasset" 5911
"/Engine/EngineMaterials/Substrate/GLints/dict_16_192_64_0p5_0p02_0018_0011" 5912
"/Engine/EngineMaterials/Substrate/GLints/dict_16_192_64_0p5_0p02_0018_0010" 5913
"/Engine/EngineMaterials/Substrate/GLints/dict_16_192_64_0p5_0p02_0018_0009" 5914
"/Engine/EngineMaterials/Substrate/GLints/dict_16_192_64_0p5_0p02_0019_0001" 5915
"/Engine/EngineMaterials/Substrate/GLints/dict_16_192_64_0p5_0p02_0019_0008" 5916
"/Engine/EngineMaterials/Substrate/GLints/dict_16_192_64_0p5_0p02_0019_0007" 5917
"../../../Engine/Content/EngineMaterials/Substrate/GLints/dict_16_192_64_0p5_0p02_0019_0014.uasset" 5918
"../../../Engine/Content/EngineMaterials/Substrate/GLints/dict_16_192_64_0p5_0p02_0019_0012.uasset" 5919
"../../../Engine/Content/EngineMaterials/Substrate/GLints/dict_16_192_64_0p5_0p02_0019_0006.uasset" 5920
"../../../Engine/Content/EngineMaterials/Substrate/GLints/dict_16_192_64_0p5_0p02_0019_0009.uasset" 5921
"../../../Engine/Content/EngineMaterials/Substrate/GLints/dict_16_192_64_0p5_0p02_0019_0011.uasset" 5922
"../../../Engine/Content/EngineMaterials/Substrate/GLints/dict_16_192_64_0p5_0p02_0019_0015.uasset" 5923
"../../../Engine/Content/EngineMaterials/Substrate/GLints/dict_16_192_64_0p5_0p02_0019_0013.uasset" 5924
"/Engine/EngineMaterials/Substrate/GLints/dict_16_192_64_0p5_0p02_0019_0006" 5925
"../../../Engine/Content/EngineMaterials/Substrate/GLints/dict_16_192_64_0p5_0p02_0020_0000.uasset" 5926
"/Engine/EngineMaterials/Substrate/GLints/dict_16_192_64_0p5_0p02_0019_0015" 5927
"/Engine/EngineMaterials/Substrate/GLints/dict_16_192_64_0p5_0p02_0019_0014" 5928
"/Engine/EngineMaterials/Substrate/GLints/dict_16_192_64_0p5_0p02_0019_0013" 5929
"/Engine/EngineMaterials/Substrate/GLints/dict_16_192_64_0p5_0p02_0019_0012" 5930
"/Engine/EngineMaterials/Substrate/GLints/dict_16_192_64_0p5_0p02_0019_0011" 5931
"/Engine/EngineMaterials/Substrate/GLints/dict_16_192_64_0p5_0p02_0019_0009" 5932
"/Engine/EngineMaterials/Substrate/GLints/dict_16_192_64_0p5_0p02_0020_0000" 5933
"../../../Engine/Content/EngineMaterials/Substrate/GLints/dict_16_192_64_0p5_0p02_0019_0010.uasset" 5934
"../../../Engine/Content/EngineMaterials/Substrate/GLints/dict_16_192_64_0p5_0p02_0020_0001.uasset" 5935
"../../../Engine/Content/EngineMaterials/Substrate/GLints/dict_16_192_64_0p5_0p02_0020_0003.uasset" 5936
"../../../Engine/Content/EngineMaterials/Substrate/GLints/dict_16_192_64_0p5_0p02_0020_0002.uasset" 5937
"../../../Engine/Content/EngineMaterials/Substrate/GLints/dict_16_192_64_0p5_0p02_0020_0008.uasset" 5938
"../../../Engine/Content/EngineMaterials/Substrate/GLints/dict_16_192_64_0p5_0p02_0020_0010.uasset" 5939
"../../../Engine/Content/EngineMaterials/Substrate/GLints/dict_16_192_64_0p5_0p02_0020_0006.uasset" 5940
"/Engine/EngineMaterials/Substrate/GLints/dict_16_192_64_0p5_0p02_0019_0010" 5941
"/Engine/EngineMaterials/Substrate/GLints/dict_16_192_64_0p5_0p02_0020_0006" 5942
"/Engine/EngineMaterials/Substrate/GLints/dict_16_192_64_0p5_0p02_0020_0003" 5943
"../../../Engine/Content/EngineMaterials/Substrate/GLints/dict_16_192_64_0p5_0p02_0020_0004.uasset" 5944
"/Engine/EngineMaterials/Substrate/GLints/dict_16_192_64_0p5_0p02_0020_0010" 5945
"/Engine/EngineMaterials/Substrate/GLints/dict_16_192_64_0p5_0p02_0020_0008" 5946
"../../../Engine/Content/EngineMaterials/Substrate/GLints/dict_16_192_64_0p5_0p02_0020_0012.uasset" 5947
"/Engine/EngineMaterials/Substrate/GLints/dict_16_192_64_0p5_0p02_0020_0002" 5948
"/Engine/EngineMaterials/Substrate/GLints/dict_16_192_64_0p5_0p02_0020_0001" 5949
"../../../Engine/Content/EngineMaterials/Substrate/GLints/dict_16_192_64_0p5_0p02_0020_0007.uasset" 5950
"/Engine/EngineMaterials/Substrate/GLints/dict_16_192_64_0p5_0p02_0020_0004" 5951
"/Engine/EngineMaterials/Substrate/GLints/dict_16_192_64_0p5_0p02_0020_0012" 5952
"/Engine/EngineMaterials/Substrate/GLints/dict_16_192_64_0p5_0p02_0020_0007" 5953
"../../../Engine/Content/EngineMaterials/Substrate/GLints/dict_16_192_64_0p5_0p02_0020_0005.uasset" 5954
"../../../Engine/Content/EngineMaterials/Substrate/GLints/dict_16_192_64_0p5_0p02_0020_0009.uasset" 5955
"../../../Engine/Content/EngineMaterials/Substrate/GLints/dict_16_192_64_0p5_0p02_0020_0011.uasset" 5956
"../../../Engine/Content/EngineMaterials/Substrate/GLints/dict_16_192_64_0p5_0p02_0020_0015.uasset" 5957
"../../../Engine/Content/EngineMaterials/Substrate/GLints/dict_16_192_64_0p5_0p02_0020_0013.uasset" 5958
"../../../Engine/Content/EngineMaterials/Substrate/GLints/dict_16_192_64_0p5_0p02_0020_0014.uasset" 5959
"../../../Engine/Content/EngineMaterials/Substrate/GLints/dict_16_192_64_0p5_0p02_0021_0001.uasset" 5960
"../../../Engine/Content/EngineMaterials/Substrate/GLints/dict_16_192_64_0p5_0p02_0021_0004.uasset" 5961
"../../../Engine/Content/EngineMaterials/Substrate/GLints/dict_16_192_64_0p5_0p02_0021_0000.uasset" 5962
"../../../Engine/Content/EngineMaterials/Substrate/GLints/dict_16_192_64_0p5_0p02_0021_0003.uasset" 5963
"../../../Engine/Content/EngineMaterials/Substrate/GLints/dict_16_192_64_0p5_0p02_0021_0005.uasset" 5964
"../../../Engine/Content/EngineMaterials/Substrate/GLints/dict_16_192_64_0p5_0p02_0021_0002.uasset" 5965
"../../../Engine/Content/EngineMaterials/Substrate/GLints/dict_16_192_64_0p5_0p02_0021_0008.uasset" 5966
"../../../Engine/Content/EngineMaterials/Substrate/GLints/dict_16_192_64_0p5_0p02_0021_0009.uasset" 5967
"../../../Engine/Content/EngineMaterials/Substrate/GLints/dict_16_192_64_0p5_0p02_0021_0007.uasset" 5968
"../../../Engine/Content/EngineMaterials/Substrate/GLints/dict_16_192_64_0p5_0p02_0021_0006.uasset" 5969
"../../../Engine/Content/EngineMaterials/Substrate/GLints/dict_16_192_64_0p5_0p02_0021_0011.uasset" 5970
"../../../Engine/Content/EngineMaterials/Substrate/GLints/dict_16_192_64_0p5_0p02_0021_0010.uasset" 5971
"../../../Engine/Content/EngineMaterials/Substrate/GLints/dict_16_192_64_0p5_0p02_0021_0014.uasset" 5972
"../../../Engine/Content/EngineMaterials/Substrate/GLints/dict_16_192_64_0p5_0p02_0021_0012.uasset" 5973
"../../../Engine/Content/EngineMaterials/Substrate/GLints/dict_16_192_64_0p5_0p02_0021_0013.uasset" 5974
"../../../Engine/Content/EngineMaterials/Substrate/GLints/dict_16_192_64_0p5_0p02_0021_0015.uasset" 5975
"../../../Engine/Content/EngineMaterials/Substrate/GLints/dict_16_192_64_0p5_0p02_0022_0000.uasset" 5976
"../../../Engine/Content/EngineMaterials/Substrate/GLints/dict_16_192_64_0p5_0p02_0022_0004.uasset" 5977
"../../../Engine/Content/EngineMaterials/Substrate/GLints/dict_16_192_64_0p5_0p02_0022_0001.uasset" 5978
"../../../Engine/Content/EngineMaterials/Substrate/GLints/dict_16_192_64_0p5_0p02_0022_0002.uasset" 5979
"../../../Engine/Content/EngineMaterials/Substrate/GLints/dict_16_192_64_0p5_0p02_0022_0003.uasset" 5980
"../../../Engine/Content/EngineMaterials/Substrate/GLints/dict_16_192_64_0p5_0p02_0022_0008.uasset" 5981
"../../../Engine/Content/EngineMaterials/Substrate/GLints/dict_16_192_64_0p5_0p02_0022_0007.uasset" 5982
"../../../Engine/Content/EngineMaterials/Substrate/GLints/dict_16_192_64_0p5_0p02_0022_0009.uasset" 5983
"../../../Engine/Content/EngineMaterials/Substrate/GLints/dict_16_192_64_0p5_0p02_0022_0005.uasset" 5984
"../../../Engine/Content/EngineMaterials/Substrate/GLints/dict_16_192_64_0p5_0p02_0022_0006.uasset" 5985
"/Engine/EngineMaterials/Substrate/GLints/dict_16_192_64_0p5_0p02_0022_0006" 5986
"/Engine/EngineMaterials/Substrate/GLints/dict_16_192_64_0p5_0p02_0020_0005" 5987
"/Engine/EngineMaterials/Substrate/GLints/dict_16_192_64_0p5_0p02_0022_0008" 5988
"/Engine/EngineMaterials/Substrate/GLints/dict_16_192_64_0p5_0p02_0022_0005" 5989
"/Engine/EngineMaterials/Substrate/GLints/dict_16_192_64_0p5_0p02_0021_0007" 5990
"/Engine/EngineMaterials/Substrate/GLints/dict_16_192_64_0p5_0p02_0021_0014" 5991
"/Engine/EngineMaterials/Substrate/GLints/dict_16_192_64_0p5_0p02_0021_0006" 5992
"/Engine/EngineMaterials/Substrate/GLints/dict_16_192_64_0p5_0p02_0021_0005" 5993
"/Engine/EngineMaterials/Substrate/GLints/dict_16_192_64_0p5_0p02_0021_0004" 5994
"/Engine/EngineMaterials/Substrate/GLints/dict_16_192_64_0p5_0p02_0021_0003" 5995
"/Engine/EngineMaterials/Substrate/GLints/dict_16_192_64_0p5_0p02_0021_0002" 5996
"/Engine/EngineMaterials/Substrate/GLints/dict_16_192_64_0p5_0p02_0021_0001" 5997
"/Engine/EngineMaterials/Substrate/GLints/dict_16_192_64_0p5_0p02_0021_0000" 5998
"/Engine/EngineMaterials/Substrate/GLints/dict_16_192_64_0p5_0p02_0020_0015" 5999
"/Engine/EngineMaterials/Substrate/GLints/dict_16_192_64_0p5_0p02_0020_0014" 6000
"/Engine/EngineMaterials/Substrate/GLints/dict_16_192_64_0p5_0p02_0020_0013" 6001
"/Engine/EngineMaterials/Substrate/GLints/dict_16_192_64_0p5_0p02_0022_0007" 6002
"/Engine/EngineMaterials/Substrate/GLints/dict_16_192_64_0p5_0p02_0020_0011" 6003
"/Engine/EngineMaterials/Substrate/GLints/dict_16_192_64_0p5_0p02_0022_0004" 6004
"/Engine/EngineMaterials/Substrate/GLints/dict_16_192_64_0p5_0p02_0022_0003" 6005
"/Engine/EngineMaterials/Substrate/GLints/dict_16_192_64_0p5_0p02_0022_0009" 6006
"/Engine/EngineMaterials/Substrate/GLints/dict_16_192_64_0p5_0p02_0022_0002" 6007
"/Engine/EngineMaterials/Substrate/GLints/dict_16_192_64_0p5_0p02_0022_0001" 6008
"/Engine/EngineMaterials/Substrate/GLints/dict_16_192_64_0p5_0p02_0021_0015" 6009
"/Engine/EngineMaterials/Substrate/GLints/dict_16_192_64_0p5_0p02_0021_0013" 6010
"/Engine/EngineMaterials/Substrate/GLints/dict_16_192_64_0p5_0p02_0021_0012" 6011
"/Engine/EngineMaterials/Substrate/GLints/dict_16_192_64_0p5_0p02_0021_0011" 6012
"/Engine/EngineMaterials/Substrate/GLints/dict_16_192_64_0p5_0p02_0021_0010" 6013
"/Engine/EngineMaterials/Substrate/GLints/dict_16_192_64_0p5_0p02_0021_0009" 6014
"/Engine/EngineMaterials/Substrate/GLints/dict_16_192_64_0p5_0p02_0022_0000" 6015
"/Engine/EngineMaterials/Substrate/GLints/dict_16_192_64_0p5_0p02_0020_0009" 6016
"/Engine/EngineMaterials/Substrate/GLints/dict_16_192_64_0p5_0p02_0021_0008" 6017
"../../../Engine/Content/EngineMaterials/Substrate/GLints/dict_16_192_64_0p5_0p02_0022_0013.uasset" 6018
"../../../Engine/Content/EngineMaterials/Substrate/GLints/dict_16_192_64_0p5_0p02_0022_0011.uasset" 6019
"../../../Engine/Content/EngineMaterials/Substrate/GLints/dict_16_192_64_0p5_0p02_0023_0000.uasset" 6020
"../../../Engine/Content/EngineMaterials/Substrate/GLints/dict_16_192_64_0p5_0p02_0022_0015.uasset" 6021
"../../../Engine/Content/EngineMaterials/Substrate/GLints/dict_16_192_64_0p5_0p02_0022_0014.uasset" 6022
"../../../Engine/Content/EngineMaterials/Substrate/GLints/dict_16_192_64_0p5_0p02_0023_0001.uasset" 6023
"../../../Engine/Content/EngineMaterials/Substrate/GLints/dict_16_192_64_0p5_0p02_0022_0010.uasset" 6024
"../../../Engine/Content/EngineMaterials/Substrate/GLints/dict_16_192_64_0p5_0p02_0022_0012.uasset" 6025
"../../../Engine/Content/EngineMaterials/Substrate/GLints/dict_16_192_64_0p5_0p02_0023_0002.uasset" 6026
"../../../Engine/Content/EngineMaterials/Substrate/GLints/dict_16_192_64_0p5_0p02_0023_0003.uasset" 6027
"/Engine/EngineMaterials/Substrate/GLints/dict_16_192_64_0p5_0p02_0023_0003" 6028
"../../../Engine/Content/EngineMaterials/Substrate/GLints/dict_16_192_64_0p5_0p02_0023_0004.uasset" 6029
"/Engine/EngineMaterials/Substrate/GLints/dict_16_192_64_0p5_0p02_0023_0002" 6030
"/Engine/EngineMaterials/Substrate/GLints/dict_16_192_64_0p5_0p02_0023_0001" 6031
"/Engine/EngineMaterials/Substrate/GLints/dict_16_192_64_0p5_0p02_0023_0000" 6032
"/Engine/EngineMaterials/Substrate/GLints/dict_16_192_64_0p5_0p02_0022_0015" 6033
"/Engine/EngineMaterials/Substrate/GLints/dict_16_192_64_0p5_0p02_0022_0014" 6034
"/Engine/EngineMaterials/Substrate/GLints/dict_16_192_64_0p5_0p02_0022_0013" 6035
"/Engine/EngineMaterials/Substrate/GLints/dict_16_192_64_0p5_0p02_0022_0012" 6036
"/Engine/EngineMaterials/Substrate/GLints/dict_16_192_64_0p5_0p02_0022_0011" 6037
"/Engine/EngineMaterials/Substrate/GLints/dict_16_192_64_0p5_0p02_0022_0010" 6038
"../../../Engine/Content/EngineMaterials/Substrate/GLints/dict_16_192_64_0p5_0p02_0023_0005.uasset" 6039
"/Engine/EngineMaterials/Substrate/GLints/dict_16_192_64_0p5_0p02_0023_0004" 6040
"/Engine/EngineMaterials/Substrate/GLints/dict_16_192_64_0p5_0p02_0023_0005" 6041
"../../../Engine/Content/EngineMaterials/Substrate/GLints/dict_16_192_64_0p5_0p02_0023_0009.uasset" 6042
"/Engine/EngineMaterials/Substrate/GLints/dict_16_192_64_0p5_0p02_0023_0009" 6043
"../../../Engine/Content/EngineMaterials/Substrate/GLints/dict_16_192_64_0p5_0p02_0023_0010.uasset" 6044
"../../../Engine/Content/EngineMaterials/Substrate/GLints/dict_16_192_64_0p5_0p02_0023_0008.uasset" 6045
"../../../Engine/Content/EngineMaterials/Substrate/GLints/dict_16_192_64_0p5_0p02_0023_0007.uasset" 6046
"../../../Engine/Content/EngineMaterials/Substrate/GLints/dict_16_192_64_0p5_0p02_0023_0013.uasset" 6047
"/Engine/EngineMaterials/Substrate/GLints/dict_16_192_64_0p5_0p02_0023_0013" 6048
"../../../Engine/Content/EngineMaterials/Substrate/GLints/dict_16_192_64_0p5_0p02_0023_0006.uasset" 6049
"/Engine/EngineMaterials/Substrate/GLints/dict_16_192_64_0p5_0p02_0023_0010" 6050
"../../../Engine/Content/EngineMaterials/Substrate/GLints/dict_16_192_64_0p5_0p02_0023_0012.uasset" 6051
"/Engine/EngineMaterials/Substrate/GLints/dict_16_192_64_0p5_0p02_0023_0008" 6052
"/Engine/EngineMaterials/Substrate/GLints/dict_16_192_64_0p5_0p02_0023_0007" 6053
"/Engine/EngineMaterials/Substrate/GLints/dict_16_192_64_0p5_0p02_0023_0012" 6054
"/Engine/EngineMaterials/Substrate/GLints/dict_16_192_64_0p5_0p02_0023_0006" 6055
"../../../Engine/Content/EngineMaterials/Substrate/GLints/dict_16_192_64_0p5_0p02_0023_0014.uasset" 6056
"../../../Engine/Content/EngineMaterials/Substrate/GLints/dict_16_192_64_0p5_0p02_0023_0011.uasset" 6057
"../../../Engine/Content/EngineMaterials/Substrate/GLints/dict_16_192_64_0p5_0p02_0024_0000.uasset" 6058
"/Engine/EngineMaterials/Substrate/GLints/dict_16_192_64_0p5_0p02_0024_0000" 6059
"/Engine/EngineMaterials/Substrate/GLints/dict_16_192_64_0p5_0p02_0023_0014" 6060
"/Engine/EngineMaterials/Substrate/GLints/dict_16_192_64_0p5_0p02_0023_0011" 6061
"../../../Engine/Content/EngineMaterials/Substrate/GLints/dict_16_192_64_0p5_0p02_0024_0001.uasset" 6062
"../../../Engine/Content/EngineMaterials/Substrate/GLints/dict_16_192_64_0p5_0p02_0023_0015.uasset" 6063
"../../../Engine/Content/EngineMaterials/Substrate/GLints/dict_16_192_64_0p5_0p02_0024_0005.uasset" 6064
"../../../Engine/Content/EngineMaterials/Substrate/GLints/dict_16_192_64_0p5_0p02_0024_0006.uasset" 6065
"/Engine/EngineMaterials/Substrate/GLints/dict_16_192_64_0p5_0p02_0024_0006" 6066
"/Engine/EngineMaterials/Substrate/GLints/dict_16_192_64_0p5_0p02_0024_0005" 6067
"/Engine/EngineMaterials/Substrate/GLints/dict_16_192_64_0p5_0p02_0024_0001" 6068
"../../../Engine/Content/EngineMaterials/Substrate/GLints/dict_16_192_64_0p5_0p02_0024_0002.uasset" 6069
"/Engine/EngineMaterials/Substrate/GLints/dict_16_192_64_0p5_0p02_0023_0015" 6070
"/Engine/EngineMaterials/Substrate/GLints/dict_16_192_64_0p5_0p02_0024_0002" 6071
"../../../Engine/Content/EngineMaterials/Substrate/GLints/dict_16_192_64_0p5_0p02_0024_0008.uasset" 6072
"../../../Engine/Content/EngineMaterials/Substrate/GLints/dict_16_192_64_0p5_0p02_0024_0004.uasset" 6073
"../../../Engine/Content/EngineMaterials/Substrate/GLints/dict_16_192_64_0p5_0p02_0024_0009.uasset" 6074
"../../../Engine/Content/EngineMaterials/Substrate/GLints/dict_16_192_64_0p5_0p02_0024_0003.uasset" 6075
"../../../Engine/Content/EngineMaterials/Substrate/GLints/dict_16_192_64_0p5_0p02_0024_0007.uasset" 6076
"../../../Engine/Content/EngineMaterials/Substrate/GLints/dict_16_192_64_0p5_0p02_0024_0011.uasset" 6077
"/Engine/EngineMaterials/Substrate/GLints/dict_16_192_64_0p5_0p02_0024_0009" 6078
"/Engine/EngineMaterials/Substrate/GLints/dict_16_192_64_0p5_0p02_0024_0008" 6079
"/Engine/EngineMaterials/Substrate/GLints/dict_16_192_64_0p5_0p02_0024_0007" 6080
"/Engine/EngineMaterials/Substrate/GLints/dict_16_192_64_0p5_0p02_0024_0004" 6081
"/Engine/EngineMaterials/Substrate/GLints/dict_16_192_64_0p5_0p02_0024_0003" 6082
"/Engine/EngineMaterials/Substrate/GLints/dict_16_192_64_0p5_0p02_0024_0011" 6083
"../../../Engine/Content/EngineMaterials/Substrate/GLints/dict_16_192_64_0p5_0p02_0024_0012.uasset" 6084
"../../../Engine/Content/EngineMaterials/Substrate/GLints/dict_16_192_64_0p5_0p02_0024_0014.uasset" 6085
"../../../Engine/Content/EngineMaterials/Substrate/GLints/dict_16_192_64_0p5_0p02_0024_0013.uasset" 6086
"/Engine/EngineMaterials/Substrate/GLints/dict_16_192_64_0p5_0p02_0024_0014" 6087
"../../../Engine/Content/EngineMaterials/Substrate/GLints/dict_16_192_64_0p5_0p02_0025_0001.uasset" 6088
"/Engine/EngineMaterials/Substrate/GLints/dict_16_192_64_0p5_0p02_0024_0013" 6089
"/Engine/EngineMaterials/Substrate/GLints/dict_16_192_64_0p5_0p02_0024_0012" 6090
"/Engine/EngineMaterials/Substrate/GLints/dict_16_192_64_0p5_0p02_0025_0001" 6091
"../../../Engine/Content/EngineMaterials/Substrate/GLints/dict_16_192_64_0p5_0p02_0024_0010.uasset" 6092
"../../../Engine/Content/EngineMaterials/Substrate/GLints/dict_16_192_64_0p5_0p02_0024_0015.uasset" 6093
"../../../Engine/Content/EngineMaterials/Substrate/GLints/dict_16_192_64_0p5_0p02_0025_0000.uasset" 6094
"../../../Engine/Content/EngineMaterials/Substrate/GLints/dict_16_192_64_0p5_0p02_0025_0006.uasset" 6095
"/Engine/EngineMaterials/Substrate/GLints/dict_16_192_64_0p5_0p02_0025_0006" 6096
"../../../Engine/Content/EngineMaterials/Substrate/GLints/dict_16_192_64_0p5_0p02_0025_0005.uasset" 6097
"/Engine/EngineMaterials/Substrate/GLints/dict_16_192_64_0p5_0p02_0025_0000" 6098
"/Engine/EngineMaterials/Substrate/GLints/dict_16_192_64_0p5_0p02_0024_0015" 6099
"/Engine/EngineMaterials/Substrate/GLints/dict_16_192_64_0p5_0p02_0024_0010" 6100
"/Engine/EngineMaterials/Substrate/GLints/dict_16_192_64_0p5_0p02_0025_0005" 6101
"../../../Engine/Content/EngineMaterials/Substrate/GLints/dict_16_192_64_0p5_0p02_0025_0003.uasset" 6102
"../../../Engine/Content/EngineMaterials/Substrate/GLints/dict_16_192_64_0p5_0p02_0025_0004.uasset" 6103
"../../../Engine/Content/EngineMaterials/Substrate/GLints/dict_16_192_64_0p5_0p02_0025_0002.uasset" 6104
"../../../Engine/Content/EngineMaterials/Substrate/GLints/dict_16_192_64_0p5_0p02_0025_0007.uasset" 6105
"../../../Engine/Content/EngineMaterials/Substrate/GLints/dict_16_192_64_0p5_0p02_0025_0008.uasset" 6106
"/Engine/EngineMaterials/Substrate/GLints/dict_16_192_64_0p5_0p02_0025_0007" 6107
"../../../Engine/Content/EngineMaterials/Substrate/GLints/dict_16_192_64_0p5_0p02_0025_0009.uasset" 6108
"/Engine/EngineMaterials/Substrate/GLints/dict_16_192_64_0p5_0p02_0025_0004" 6109
"/Engine/EngineMaterials/Substrate/GLints/dict_16_192_64_0p5_0p02_0025_0003" 6110
"/Engine/EngineMaterials/Substrate/GLints/dict_16_192_64_0p5_0p02_0025_0002" 6111
"/Engine/EngineMaterials/Substrate/GLints/dict_16_192_64_0p5_0p02_0025_0009" 6112
"/Engine/EngineMaterials/Substrate/GLints/dict_16_192_64_0p5_0p02_0025_0008" 6113
"../../../Engine/Content/EngineMaterials/Substrate/GLints/dict_16_192_64_0p5_0p02_0025_0013.uasset" 6114
"../../../Engine/Content/EngineMaterials/Substrate/GLints/dict_16_192_64_0p5_0p02_0025_0010.uasset" 6115
"../../../Engine/Content/EngineMaterials/Substrate/GLints/dict_16_192_64_0p5_0p02_0025_0011.uasset" 6116
"/Engine/EngineMaterials/Substrate/GLints/dict_16_192_64_0p5_0p02_0025_0010" 6117
"/Engine/EngineMaterials/Substrate/GLints/dict_16_192_64_0p5_0p02_0025_0013" 6118
"/Engine/EngineMaterials/Substrate/GLints/dict_16_192_64_0p5_0p02_0025_0011" 6119
"../../../Engine/Content/EngineMaterials/Substrate/GLints/dict_16_192_64_0p5_0p02_0025_0012.uasset" 6120
"../../../Engine/Content/EngineMaterials/Substrate/GLints/dict_16_192_64_0p5_0p02_0026_0001.uasset" 6121
"../../../Engine/Content/EngineMaterials/Substrate/GLints/dict_16_192_64_0p5_0p02_0026_0000.uasset" 6122
"../../../Engine/Content/EngineMaterials/Substrate/GLints/dict_16_192_64_0p5_0p02_0026_0002.uasset" 6123
"../../../Engine/Content/EngineMaterials/Substrate/GLints/dict_16_192_64_0p5_0p02_0026_0004.uasset" 6124
"../../../Engine/Content/EngineMaterials/Substrate/GLints/dict_16_192_64_0p5_0p02_0025_0014.uasset" 6125
"/Engine/EngineMaterials/Substrate/GLints/dict_16_192_64_0p5_0p02_0026_0002" 6126
"/Engine/EngineMaterials/Substrate/GLints/dict_16_192_64_0p5_0p02_0026_0004" 6127
"/Engine/EngineMaterials/Substrate/GLints/dict_16_192_64_0p5_0p02_0026_0001" 6128
"/Engine/EngineMaterials/Substrate/GLints/dict_16_192_64_0p5_0p02_0026_0000" 6129
"/Engine/EngineMaterials/Substrate/GLints/dict_16_192_64_0p5_0p02_0025_0012" 6130
"/Engine/EngineMaterials/Substrate/GLints/dict_16_192_64_0p5_0p02_0025_0014" 6131
"../../../Engine/Content/EngineMaterials/Substrate/GLints/dict_16_192_64_0p5_0p02_0026_0003.uasset" 6132
"../../../Engine/Content/EngineMaterials/Substrate/GLints/dict_16_192_64_0p5_0p02_0026_0006.uasset" 6133
"../../../Engine/Content/EngineMaterials/Substrate/GLints/dict_16_192_64_0p5_0p02_0026_0005.uasset" 6134
"../../../Engine/Content/EngineMaterials/Substrate/GLints/dict_16_192_64_0p5_0p02_0025_0015.uasset" 6135
"../../../Engine/Content/EngineMaterials/Substrate/GLints/dict_16_192_64_0p5_0p02_0026_0007.uasset" 6136
"/Engine/EngineMaterials/Substrate/GLints/dict_16_192_64_0p5_0p02_0026_0003" 6137
"/Engine/EngineMaterials/Substrate/GLints/dict_16_192_64_0p5_0p02_0026_0006" 6138
"/Engine/EngineMaterials/Substrate/GLints/dict_16_192_64_0p5_0p02_0025_0015" 6139
"/Engine/EngineMaterials/Substrate/GLints/dict_16_192_64_0p5_0p02_0026_0005" 6140
"/Engine/EngineMaterials/Substrate/GLints/dict_16_192_64_0p5_0p02_0026_0007" 6141
"../../../Engine/Content/EngineMaterials/Substrate/GLints/dict_16_192_64_0p5_0p02_0026_0008.uasset" 6142
"../../../Engine/Content/EngineMaterials/Substrate/GLints/dict_16_192_64_0p5_0p02_0026_0009.uasset" 6143
"../../../Engine/Content/EngineMaterials/Substrate/GLints/dict_16_192_64_0p5_0p02_0026_0010.uasset" 6144
"/Engine/EngineMaterials/Substrate/GLints/dict_16_192_64_0p5_0p02_0026_0010" 6145
"/Engine/EngineMaterials/Substrate/GLints/dict_16_192_64_0p5_0p02_0026_0009" 6146
"/Engine/EngineMaterials/Substrate/GLints/dict_16_192_64_0p5_0p02_0026_0008" 6147
"../../../Engine/Content/EngineMaterials/Substrate/GLints/dict_16_192_64_0p5_0p02_0026_0012.uasset" 6148
"../../../Engine/Content/EngineMaterials/Substrate/GLints/dict_16_192_64_0p5_0p02_0027_0002.uasset" 6149
"../../../Engine/Content/EngineMaterials/Substrate/GLints/dict_16_192_64_0p5_0p02_0026_0011.uasset" 6150
"../../../Engine/Content/EngineMaterials/Substrate/GLints/dict_16_192_64_0p5_0p02_0027_0001.uasset" 6151
"../../../Engine/Content/EngineMaterials/Substrate/GLints/dict_16_192_64_0p5_0p02_0026_0014.uasset" 6152
"/Engine/EngineMaterials/Substrate/GLints/dict_16_192_64_0p5_0p02_0027_0002" 6153
"/Engine/EngineMaterials/Substrate/GLints/dict_16_192_64_0p5_0p02_0026_0014" 6154
"../../../Engine/Content/EngineMaterials/Substrate/GLints/dict_16_192_64_0p5_0p02_0026_0015.uasset" 6155
"/Engine/EngineMaterials/Substrate/GLints/dict_16_192_64_0p5_0p02_0027_0001" 6156
"/Engine/EngineMaterials/Substrate/GLints/dict_16_192_64_0p5_0p02_0026_0012" 6157
"/Engine/EngineMaterials/Substrate/GLints/dict_16_192_64_0p5_0p02_0026_0011" 6158
"../../../Engine/Content/EngineMaterials/Substrate/GLints/dict_16_192_64_0p5_0p02_0026_0013.uasset" 6159
"/Engine/EngineMaterials/Substrate/GLints/dict_16_192_64_0p5_0p02_0026_0015" 6160
"/Engine/EngineMaterials/Substrate/GLints/dict_16_192_64_0p5_0p02_0026_0013" 6161
"../../../Engine/Content/EngineMaterials/Substrate/GLints/dict_16_192_64_0p5_0p02_0027_0000.uasset" 6162
"../../../Engine/Content/EngineMaterials/Substrate/GLints/dict_16_192_64_0p5_0p02_0027_0003.uasset" 6163
"../../../Engine/Content/EngineMaterials/Substrate/GLints/dict_16_192_64_0p5_0p02_0027_0008.uasset" 6164
"../../../Engine/Content/EngineMaterials/Substrate/GLints/dict_16_192_64_0p5_0p02_0027_0005.uasset" 6165
"../../../Engine/Content/EngineMaterials/Substrate/GLints/dict_16_192_64_0p5_0p02_0027_0004.uasset" 6166
"/Engine/EngineMaterials/Substrate/GLints/dict_16_192_64_0p5_0p02_0027_0008" 6167
"/Engine/EngineMaterials/Substrate/GLints/dict_16_192_64_0p5_0p02_0027_0003" 6168
"../../../Engine/Content/EngineMaterials/Substrate/GLints/dict_16_192_64_0p5_0p02_0027_0007.uasset" 6169
"/Engine/EngineMaterials/Substrate/GLints/dict_16_192_64_0p5_0p02_0027_0005" 6170
"/Engine/EngineMaterials/Substrate/GLints/dict_16_192_64_0p5_0p02_0027_0004" 6171
"/Engine/EngineMaterials/Substrate/GLints/dict_16_192_64_0p5_0p02_0027_0000" 6172
"/Engine/EngineMaterials/Substrate/GLints/dict_16_192_64_0p5_0p02_0027_0007" 6173
"../../../Engine/Content/EngineMaterials/Substrate/GLints/dict_16_192_64_0p5_0p02_0027_0006.uasset" 6174
"/Engine/EngineMaterials/Substrate/GLints/dict_16_192_64_0p5_0p02_0027_0006" 6175
"../../../Engine/Content/EngineMaterials/Substrate/GLints/dict_16_192_64_0p5_0p02_0027_0010.uasset" 6176
"../../../Engine/Content/EngineMaterials/Substrate/GLints/dict_16_192_64_0p5_0p02_0027_0011.uasset" 6177
"../../../Engine/Content/EngineMaterials/Substrate/GLints/dict_16_192_64_0p5_0p02_0027_0013.uasset" 6178
"../../../Engine/Content/EngineMaterials/Substrate/GLints/dict_16_192_64_0p5_0p02_0027_0012.uasset" 6179
"../../../Engine/Content/EngineMaterials/Substrate/GLints/dict_16_192_64_0p5_0p02_0027_0009.uasset" 6180
"../../../Engine/Content/EngineMaterials/Substrate/GLints/dict_16_192_64_0p5_0p02_0027_0014.uasset" 6181
"/Engine/EngineMaterials/Substrate/GLints/dict_16_192_64_0p5_0p02_0027_0014" 6182
"/Engine/EngineMaterials/Substrate/GLints/dict_16_192_64_0p5_0p02_0027_0011" 6183
"/Engine/EngineMaterials/Substrate/GLints/dict_16_192_64_0p5_0p02_0027_0013" 6184
"/Engine/EngineMaterials/Substrate/GLints/dict_16_192_64_0p5_0p02_0027_0010" 6185
"/Engine/EngineMaterials/Substrate/GLints/dict_16_192_64_0p5_0p02_0027_0009" 6186
"../../../Engine/Content/EngineMaterials/Substrate/GLints/dict_16_192_64_0p5_0p02_0027_0015.uasset" 6187
"/Engine/EngineMaterials/Substrate/GLints/dict_16_192_64_0p5_0p02_0027_0012" 6188
"/Engine/EngineMaterials/Substrate/GLints/dict_16_192_64_0p5_0p02_0027_0015" 6189
"../../../Engine/Content/EngineMaterials/Substrate/GLints/dict_16_192_64_0p5_0p02_0028_0000.uasset" 6190
"/Engine/EngineMaterials/Substrate/GLints/dict_16_192_64_0p5_0p02_0028_0000" 6191
"../../../Engine/Content/EngineMaterials/Substrate/GLints/dict_16_192_64_0p5_0p02_0028_0001.uasset" 6192
"../../../Engine/Content/EngineMaterials/Substrate/GLints/dict_16_192_64_0p5_0p02_0028_0005.uasset" 6193
"/Engine/EngineMaterials/Substrate/GLints/dict_16_192_64_0p5_0p02_0028_0001" 6194
"/Engine/EngineMaterials/Substrate/GLints/dict_16_192_64_0p5_0p02_0028_0005" 6195
"../../../Engine/Content/EngineMaterials/Substrate/GLints/dict_16_192_64_0p5_0p02_0028_0004.uasset" 6196
"../../../Engine/Content/EngineMaterials/Substrate/GLints/dict_16_192_64_0p5_0p02_0028_0002.uasset" 6197
"../../../Engine/Content/EngineMaterials/Substrate/GLints/dict_16_192_64_0p5_0p02_0028_0003.uasset" 6198
"../../../Engine/Content/EngineMaterials/Substrate/GLints/dict_16_192_64_0p5_0p02_0028_0008.uasset" 6199
"../../../Engine/Content/EngineMaterials/Substrate/GLints/dict_16_192_64_0p5_0p02_0028_0010.uasset" 6200
"../../../Engine/Content/EngineMaterials/Substrate/GLints/dict_16_192_64_0p5_0p02_0028_0006.uasset" 6201
"../../../Engine/Content/EngineMaterials/Substrate/GLints/dict_16_192_64_0p5_0p02_0028_0007.uasset" 6202
"../../../Engine/Content/EngineMaterials/Substrate/GLints/dict_16_192_64_0p5_0p02_0028_0009.uasset" 6203
"/Engine/EngineMaterials/Substrate/GLints/dict_16_192_64_0p5_0p02_0028_0010" 6204
"/Engine/EngineMaterials/Substrate/GLints/dict_16_192_64_0p5_0p02_0028_0009" 6205
"/Engine/EngineMaterials/Substrate/GLints/dict_16_192_64_0p5_0p02_0028_0008" 6206
"/Engine/EngineMaterials/Substrate/GLints/dict_16_192_64_0p5_0p02_0028_0006" 6207
"/Engine/EngineMaterials/Substrate/GLints/dict_16_192_64_0p5_0p02_0028_0007" 6208
"/Engine/EngineMaterials/Substrate/GLints/dict_16_192_64_0p5_0p02_0028_0004" 6209
"/Engine/EngineMaterials/Substrate/GLints/dict_16_192_64_0p5_0p02_0028_0002" 6210
"/Engine/EngineMaterials/Substrate/GLints/dict_16_192_64_0p5_0p02_0028_0003" 6211
"../../../Engine/Content/EngineMaterials/Substrate/GLints/dict_16_192_64_0p5_0p02_0028_0012.uasset" 6212
"/Engine/EngineMaterials/Substrate/GLints/dict_16_192_64_0p5_0p02_0028_0012" 6213
"../../../Engine/Content/EngineMaterials/Substrate/GLints/dict_16_192_64_0p5_0p02_0028_0015.uasset" 6214
"../../../Engine/Content/EngineMaterials/Substrate/GLints/dict_16_192_64_0p5_0p02_0028_0013.uasset" 6215
"../../../Engine/Content/EngineMaterials/Substrate/GLints/dict_16_192_64_0p5_0p02_0028_0011.uasset" 6216
"../../../Engine/Content/EngineMaterials/Substrate/GLints/dict_16_192_64_0p5_0p02_0028_0014.uasset" 6217
"../../../Engine/Content/EngineMaterials/Substrate/GLints/dict_16_192_64_0p5_0p02_0029_0007.uasset" 6218
"/Engine/EngineMaterials/Substrate/GLints/dict_16_192_64_0p5_0p02_0028_0015" 6219
"../../../Engine/Content/EngineMaterials/Substrate/GLints/dict_16_192_64_0p5_0p02_0029_0005.uasset" 6220
"/Engine/EngineMaterials/Substrate/GLints/dict_16_192_64_0p5_0p02_0028_0014" 6221
"/Engine/EngineMaterials/Substrate/GLints/dict_16_192_64_0p5_0p02_0028_0013" 6222
"/Engine/EngineMaterials/Substrate/GLints/dict_16_192_64_0p5_0p02_0028_0011" 6223
"/Engine/EngineMaterials/Substrate/GLints/dict_16_192_64_0p5_0p02_0029_0007" 6224
"/Engine/EngineMaterials/Substrate/GLints/dict_16_192_64_0p5_0p02_0029_0005" 6225
"../../../Engine/Content/EngineMaterials/Substrate/GLints/dict_16_192_64_0p5_0p02_0029_0008.uasset" 6226
"../../../Engine/Content/EngineMaterials/Substrate/GLints/dict_16_192_64_0p5_0p02_0029_0002.uasset" 6227
"../../../Engine/Content/EngineMaterials/Substrate/GLints/dict_16_192_64_0p5_0p02_0029_0000.uasset" 6228
"../../../Engine/Content/EngineMaterials/Substrate/GLints/dict_16_192_64_0p5_0p02_0029_0001.uasset" 6229
"../../../Engine/Content/EngineMaterials/Substrate/GLints/dict_16_192_64_0p5_0p02_0029_0006.uasset" 6230
"../../../Engine/Content/EngineMaterials/Substrate/GLints/dict_16_192_64_0p5_0p02_0029_0004.uasset" 6231
"/Engine/EngineMaterials/Substrate/GLints/dict_16_192_64_0p5_0p02_0029_0006" 6232
"/Engine/EngineMaterials/Substrate/GLints/dict_16_192_64_0p5_0p02_0029_0008" 6233
"/Engine/EngineMaterials/Substrate/GLints/dict_16_192_64_0p5_0p02_0029_0004" 6234
"/Engine/EngineMaterials/Substrate/GLints/dict_16_192_64_0p5_0p02_0029_0002" 6235
"../../../Engine/Content/EngineMaterials/Substrate/GLints/dict_16_192_64_0p5_0p02_0029_0003.uasset" 6236
"/Engine/EngineMaterials/Substrate/GLints/dict_16_192_64_0p5_0p02_0029_0001" 6237
"/Engine/EngineMaterials/Substrate/GLints/dict_16_192_64_0p5_0p02_0029_0000" 6238
"/Engine/EngineMaterials/Substrate/GLints/dict_16_192_64_0p5_0p02_0029_0003" 6239
"../../../Engine/Content/EngineMaterials/Substrate/GLints/dict_16_192_64_0p5_0p02_0029_0009.uasset" 6240
"../../../Engine/Content/EngineMaterials/Substrate/GLints/dict_16_192_64_0p5_0p02_0029_0010.uasset" 6241
"../../../Engine/Content/EngineMaterials/Substrate/GLints/dict_16_192_64_0p5_0p02_0029_0011.uasset" 6242
"../../../Engine/Content/EngineMaterials/Substrate/GLints/dict_16_192_64_0p5_0p02_0029_0013.uasset" 6243
"../../../Engine/Content/EngineMaterials/Substrate/GLints/dict_16_192_64_0p5_0p02_0029_0012.uasset" 6244
"/Engine/EngineMaterials/Substrate/GLints/dict_16_192_64_0p5_0p02_0029_0013" 6245
"/Engine/EngineMaterials/Substrate/GLints/dict_16_192_64_0p5_0p02_0029_0012" 6246
"/Engine/EngineMaterials/Substrate/GLints/dict_16_192_64_0p5_0p02_0029_0011" 6247
"/Engine/EngineMaterials/Substrate/GLints/dict_16_192_64_0p5_0p02_0029_0010" 6248
"/Engine/EngineMaterials/Substrate/GLints/dict_16_192_64_0p5_0p02_0029_0009" 6249
"../../../Engine/Content/EngineMaterials/Substrate/GLints/dict_16_192_64_0p5_0p02_0030_0001.uasset" 6250
"../../../Engine/Content/EngineMaterials/Substrate/GLints/dict_16_192_64_0p5_0p02_0030_0000.uasset" 6251
"../../../Engine/Content/EngineMaterials/Substrate/GLints/dict_16_192_64_0p5_0p02_0030_0002.uasset" 6252
"../../../Engine/Content/EngineMaterials/Substrate/GLints/dict_16_192_64_0p5_0p02_0029_0014.uasset" 6253
"/Engine/EngineMaterials/Substrate/GLints/dict_16_192_64_0p5_0p02_0030_0002" 6254
"/Engine/EngineMaterials/Substrate/GLints/dict_16_192_64_0p5_0p02_0030_0001" 6255
"/Engine/EngineMaterials/Substrate/GLints/dict_16_192_64_0p5_0p02_0030_0000" 6256
"/Engine/EngineMaterials/Substrate/GLints/dict_16_192_64_0p5_0p02_0029_0014" 6257
"../../../Engine/Content/EngineMaterials/Substrate/GLints/dict_16_192_64_0p5_0p02_0030_0003.uasset" 6258
"../../../Engine/Content/EngineMaterials/Substrate/GLints/dict_16_192_64_0p5_0p02_0030_0004.uasset" 6259
"../../../Engine/Content/EngineMaterials/Substrate/GLints/dict_16_192_64_0p5_0p02_0030_0005.uasset" 6260
"../../../Engine/Content/EngineMaterials/Substrate/GLints/dict_16_192_64_0p5_0p02_0029_0015.uasset" 6261
"../../../Engine/Content/EngineMaterials/Substrate/GLints/dict_16_192_64_0p5_0p02_0030_0008.uasset" 6262
"/Engine/EngineMaterials/Substrate/GLints/dict_16_192_64_0p5_0p02_0030_0008" 6263
"/Engine/EngineMaterials/Substrate/GLints/dict_16_192_64_0p5_0p02_0029_0015" 6264
"../../../Engine/Content/EngineMaterials/Substrate/GLints/dict_16_192_64_0p5_0p02_0030_0007.uasset" 6265
"/Engine/EngineMaterials/Substrate/GLints/dict_16_192_64_0p5_0p02_0030_0005" 6266
"/Engine/EngineMaterials/Substrate/GLints/dict_16_192_64_0p5_0p02_0030_0004" 6267
"../../../Engine/Content/EngineMaterials/Substrate/GLints/dict_16_192_64_0p5_0p02_0030_0006.uasset" 6268
"/Engine/EngineMaterials/Substrate/GLints/dict_16_192_64_0p5_0p02_0030_0003" 6269
"/Engine/EngineMaterials/Substrate/GLints/dict_16_192_64_0p5_0p02_0030_0007" 6270
"/Engine/EngineMaterials/Substrate/GLints/dict_16_192_64_0p5_0p02_0030_0006" 6271
"../../../Engine/Content/EngineMaterials/Substrate/GLints/dict_16_192_64_0p5_0p02_0030_0014.uasset" 6272
"../../../Engine/Content/EngineMaterials/Substrate/GLints/dict_16_192_64_0p5_0p02_0030_0010.uasset" 6273
"/Engine/EngineMaterials/Substrate/GLints/dict_16_192_64_0p5_0p02_0030_0014" 6274
"../../../Engine/Content/EngineMaterials/Substrate/GLints/dict_16_192_64_0p5_0p02_0030_0009.uasset" 6275
"../../../Engine/Content/EngineMaterials/Substrate/GLints/dict_16_192_64_0p5_0p02_0030_0013.uasset" 6276
"/Engine/EngineMaterials/Substrate/GLints/dict_16_192_64_0p5_0p02_0030_0010" 6277
"/Engine/EngineMaterials/Substrate/GLints/dict_16_192_64_0p5_0p02_0030_0009" 6278
"/Engine/EngineMaterials/Substrate/GLints/dict_16_192_64_0p5_0p02_0030_0013" 6279
"../../../Engine/Content/EngineMaterials/Substrate/GLints/dict_16_192_64_0p5_0p02_0030_0012.uasset" 6280
"../../../Engine/Content/EngineMaterials/Substrate/GLints/dict_16_192_64_0p5_0p02_0030_0015.uasset" 6281
"../../../Engine/Content/EngineMaterials/Substrate/GLints/dict_16_192_64_0p5_0p02_0031_0003.uasset" 6282
"../../../Engine/Content/EngineMaterials/Substrate/GLints/dict_16_192_64_0p5_0p02_0030_0011.uasset" 6283
"../../../Engine/Content/EngineMaterials/Substrate/GLints/dict_16_192_64_0p5_0p02_0031_0002.uasset" 6284
"/Engine/EngineMaterials/Substrate/GLints/dict_16_192_64_0p5_0p02_0030_0015" 6285
"/Engine/EngineMaterials/Substrate/GLints/dict_16_192_64_0p5_0p02_0031_0003" 6286
"/Engine/EngineMaterials/Substrate/GLints/dict_16_192_64_0p5_0p02_0030_0011" 6287
"../../../Engine/Content/EngineMaterials/Substrate/GLints/dict_16_192_64_0p5_0p02_0031_0001.uasset" 6288
"/Engine/EngineMaterials/Substrate/GLints/dict_16_192_64_0p5_0p02_0030_0012" 6289
"/Engine/EngineMaterials/Substrate/GLints/dict_16_192_64_0p5_0p02_0031_0002" 6290
"/Engine/EngineMaterials/Substrate/GLints/dict_16_192_64_0p5_0p02_0031_0001" 6291
"../../../Engine/Content/EngineMaterials/Substrate/GLints/dict_16_192_64_0p5_0p02_0031_0000.uasset" 6292
"/Engine/EngineMaterials/Substrate/GLints/dict_16_192_64_0p5_0p02_0031_0000" 6293
"../../../Engine/Content/EngineMaterials/Substrate/GLints/dict_16_192_64_0p5_0p02_0031_0004.uasset" 6294
"/Engine/EngineMaterials/Substrate/GLints/dict_16_192_64_0p5_0p02_0031_0004" 6295
"../../../Engine/Content/EngineMaterials/Substrate/GLints/dict_16_192_64_0p5_0p02_0031_0006.uasset" 6296
"../../../Engine/Content/EngineMaterials/Substrate/GLints/dict_16_192_64_0p5_0p02_0031_0011.uasset" 6297
"../../../Engine/Content/EngineMaterials/Substrate/GLints/dict_16_192_64_0p5_0p02_0031_0007.uasset" 6298
"../../../Engine/Content/EngineMaterials/Substrate/GLints/dict_16_192_64_0p5_0p02_0031_0005.uasset" 6299
"../../../Engine/Content/EngineMaterials/Substrate/GLints/dict_16_192_64_0p5_0p02_0031_0009.uasset" 6300
"../../../Engine/Content/EngineMaterials/Substrate/GLints/dict_16_192_64_0p5_0p02_0031_0010.uasset" 6301
"/Engine/EngineMaterials/Substrate/GLints/dict_16_192_64_0p5_0p02_0031_0011" 6302
"/Engine/EngineMaterials/Substrate/GLints/dict_16_192_64_0p5_0p02_0031_0010" 6303
"/Engine/EngineMaterials/Substrate/GLints/dict_16_192_64_0p5_0p02_0031_0007" 6304
"/Engine/EngineMaterials/Substrate/GLints/dict_16_192_64_0p5_0p02_0031_0009" 6305
"/Engine/EngineMaterials/Substrate/GLints/dict_16_192_64_0p5_0p02_0031_0006" 6306
"/Engine/EngineMaterials/Substrate/GLints/dict_16_192_64_0p5_0p02_0031_0005" 6307
"../../../Engine/Content/EngineMaterials/Substrate/GLints/dict_16_192_64_0p5_0p02_0031_0012.uasset" 6308
"../../../Engine/Content/EngineMaterials/Substrate/GLints/dict_16_192_64_0p5_0p02_0032_0000.uasset" 6309
"../../../Engine/Content/EngineMaterials/Substrate/GLints/dict_16_192_64_0p5_0p02_0031_0015.uasset" 6310
"../../../Engine/Content/EngineMaterials/Substrate/GLints/dict_16_192_64_0p5_0p02_0031_0008.uasset" 6311
"../../../Engine/Content/EngineMaterials/Substrate/GLints/dict_16_192_64_0p5_0p02_0031_0014.uasset" 6312
"/Engine/EngineMaterials/Substrate/GLints/dict_16_192_64_0p5_0p02_0032_0000" 6313
"/Engine/EngineMaterials/Substrate/GLints/dict_16_192_64_0p5_0p02_0031_0015" 6314
"/Engine/EngineMaterials/Substrate/GLints/dict_16_192_64_0p5_0p02_0031_0014" 6315
"/Engine/EngineMaterials/Substrate/GLints/dict_16_192_64_0p5_0p02_0031_0012" 6316
"/Engine/EngineMaterials/Substrate/GLints/dict_16_192_64_0p5_0p02_0031_0008" 6317
"../../../Engine/Content/EngineMaterials/Substrate/GLints/dict_16_192_64_0p5_0p02_0032_0001.uasset" 6318
"../../../Engine/Content/EngineMaterials/Substrate/GLints/dict_16_192_64_0p5_0p02_0031_0013.uasset" 6319
"../../../Engine/Content/EngineMaterials/Substrate/GLints/dict_16_192_64_0p5_0p02_0032_0004.uasset" 6320
"/Engine/EngineMaterials/Substrate/GLints/dict_16_192_64_0p5_0p02_0032_0001" 6321
"/Engine/EngineMaterials/Substrate/GLints/dict_16_192_64_0p5_0p02_0032_0004" 6322
"../../../Engine/Content/EngineMaterials/Substrate/GLints/dict_16_192_64_0p5_0p02_0032_0002.uasset" 6323
"/Engine/EngineMaterials/Substrate/GLints/dict_16_192_64_0p5_0p02_0031_0013" 6324
"/Engine/EngineMaterials/Substrate/GLints/dict_16_192_64_0p5_0p02_0032_0002" 6325
"../../../Engine/Content/EngineMaterials/Substrate/GLints/dict_16_192_64_0p5_0p02_0032_0006.uasset" 6326
"../../../Engine/Content/EngineMaterials/Substrate/GLints/dict_16_192_64_0p5_0p02_0032_0007.uasset" 6327
"../../../Engine/Content/EngineMaterials/Substrate/GLints/dict_16_192_64_0p5_0p02_0032_0005.uasset" 6328
"../../../Engine/Content/EngineMaterials/Substrate/GLints/dict_16_192_64_0p5_0p02_0032_0003.uasset" 6329
"../../../Engine/Content/EngineMaterials/Substrate/GLints/dict_16_192_64_0p5_0p02_0032_0008.uasset" 6330
"../../../Engine/Content/EngineMaterials/Substrate/GLints/dict_16_192_64_0p5_0p02_0032_0009.uasset" 6331
"/Engine/EngineMaterials/Substrate/GLints/dict_16_192_64_0p5_0p02_0032_0006" 6332
"/Engine/EngineMaterials/Substrate/GLints/dict_16_192_64_0p5_0p02_0032_0008" 6333
"/Engine/EngineMaterials/Substrate/GLints/dict_16_192_64_0p5_0p02_0032_0007" 6334
"/Engine/EngineMaterials/Substrate/GLints/dict_16_192_64_0p5_0p02_0032_0005" 6335
"/Engine/EngineMaterials/Substrate/GLints/dict_16_192_64_0p5_0p02_0032_0003" 6336
"/Engine/EngineMaterials/Substrate/GLints/dict_16_192_64_0p5_0p02_0032_0009" 6337
"../../../Engine/Content/EngineMaterials/Substrate/GLints/dict_16_192_64_0p5_0p02_0032_0011.uasset" 6338
"../../../Engine/Content/EngineMaterials/Substrate/GLints/dict_16_192_64_0p5_0p02_0032_0012.uasset" 6339
"../../../Engine/Content/EngineMaterials/Substrate/GLints/dict_16_192_64_0p5_0p02_0032_0010.uasset" 6340
"../../../Engine/Content/EngineMaterials/Substrate/GLints/dict_16_192_64_0p5_0p02_0032_0013.uasset" 6341
"../../../Engine/Content/EngineMaterials/Substrate/GLints/dict_16_192_64_0p5_0p02_0032_0014.uasset" 6342
"/Engine/EngineMaterials/Substrate/GLints/dict_16_192_64_0p5_0p02_0032_0012" 6343
"/Engine/EngineMaterials/Substrate/GLints/dict_16_192_64_0p5_0p02_0032_0011" 6344
"/Engine/EngineMaterials/Substrate/GLints/dict_16_192_64_0p5_0p02_0032_0010" 6345
"/Engine/EngineMaterials/Substrate/GLints/dict_16_192_64_0p5_0p02_0032_0014" 6346
"/Engine/EngineMaterials/Substrate/GLints/dict_16_192_64_0p5_0p02_0032_0013" 6347
"../../../Engine/Content/EngineMaterials/Substrate/GLints/dict_16_192_64_0p5_0p02_0032_0015.uasset" 6348
"/Engine/EngineMaterials/Substrate/GLints/dict_16_192_64_0p5_0p02_0032_0015" 6349
"../../../Engine/Content/EngineMaterials/Substrate/GLints/dict_16_192_64_0p5_0p02_0033_0000.uasset" 6350
"../../../Engine/Content/EngineMaterials/Substrate/GLints/dict_16_192_64_0p5_0p02_0033_0002.uasset" 6351
"../../../Engine/Content/EngineMaterials/Substrate/GLints/dict_16_192_64_0p5_0p02_0033_0003.uasset" 6352
"../../../Engine/Content/EngineMaterials/Substrate/GLints/dict_16_192_64_0p5_0p02_0033_0005.uasset" 6353
"../../../Engine/Content/EngineMaterials/Substrate/GLints/dict_16_192_64_0p5_0p02_0033_0001.uasset" 6354
"../../../Engine/Content/EngineMaterials/Substrate/GLints/dict_16_192_64_0p5_0p02_0033_0007.uasset" 6355
"../../../Engine/Content/EngineMaterials/Substrate/GLints/dict_16_192_64_0p5_0p02_0033_0004.uasset" 6356
"/Engine/EngineMaterials/Substrate/GLints/dict_16_192_64_0p5_0p02_0033_0001" 6357
"/Engine/EngineMaterials/Substrate/GLints/dict_16_192_64_0p5_0p02_0033_0002" 6358
"../../../Engine/Content/EngineMaterials/Substrate/GLints/dict_16_192_64_0p5_0p02_0033_0006.uasset" 6359
"/Engine/EngineMaterials/Substrate/GLints/dict_16_192_64_0p5_0p02_0033_0007" 6360
"/Engine/EngineMaterials/Substrate/GLints/dict_16_192_64_0p5_0p02_0033_0003" 6361
"/Engine/EngineMaterials/Substrate/GLints/dict_16_192_64_0p5_0p02_0033_0005" 6362
"/Engine/EngineMaterials/Substrate/GLints/dict_16_192_64_0p5_0p02_0033_0004" 6363
"/Engine/EngineMaterials/Substrate/GLints/dict_16_192_64_0p5_0p02_0033_0000" 6364
"../../../Engine/Content/EngineMaterials/Substrate/GLints/dict_16_192_64_0p5_0p02_0033_0008.uasset" 6365
"/Engine/EngineMaterials/Substrate/GLints/dict_16_192_64_0p5_0p02_0033_0008" 6366
"/Engine/EngineMaterials/Substrate/GLints/dict_16_192_64_0p5_0p02_0033_0006" 6367
"../../../Engine/Content/EngineMaterials/Substrate/GLints/dict_16_192_64_0p5_0p02_0033_0010.uasset" 6368
"../../../Engine/Content/EngineMaterials/Substrate/GLints/dict_16_192_64_0p5_0p02_0033_0009.uasset" 6369
"../../../Engine/Content/EngineMaterials/Substrate/GLints/dict_16_192_64_0p5_0p02_0033_0013.uasset" 6370
"../../../Engine/Content/EngineMaterials/Substrate/GLints/dict_16_192_64_0p5_0p02_0033_0011.uasset" 6371
"../../../Engine/Content/EngineMaterials/Substrate/GLints/dict_16_192_64_0p5_0p02_0033_0012.uasset" 6372
"/Engine/EngineMaterials/Substrate/GLints/dict_16_192_64_0p5_0p02_0033_0013" 6373
"/Engine/EngineMaterials/Substrate/GLints/dict_16_192_64_0p5_0p02_0033_0012" 6374
"/Engine/EngineMaterials/Substrate/GLints/dict_16_192_64_0p5_0p02_0033_0010" 6375
"/Engine/EngineMaterials/Substrate/GLints/dict_16_192_64_0p5_0p02_0033_0009" 6376
"/Engine/EngineMaterials/Substrate/GLints/dict_16_192_64_0p5_0p02_0033_0011" 6377
"../../../Engine/Content/EngineMaterials/Substrate/GLints/dict_16_192_64_0p5_0p02_0033_0015.uasset" 6378
"../../../Engine/Content/EngineMaterials/Substrate/GLints/dict_16_192_64_0p5_0p02_0034_0000.uasset" 6379
"/Engine/EngineMaterials/Substrate/GLints/dict_16_192_64_0p5_0p02_0033_0015" 6380
"/Engine/EngineMaterials/Substrate/GLints/dict_16_192_64_0p5_0p02_0034_0000" 6381
"../../../Engine/Content/EngineMaterials/Substrate/GLints/dict_16_192_64_0p5_0p02_0033_0014.uasset" 6382
"../../../Engine/Content/EngineMaterials/Substrate/GLints/dict_16_192_64_0p5_0p02_0034_0003.uasset" 6383
"../../../Engine/Content/EngineMaterials/Substrate/GLints/dict_16_192_64_0p5_0p02_0034_0002.uasset" 6384
"../../../Engine/Content/EngineMaterials/Substrate/GLints/dict_16_192_64_0p5_0p02_0034_0005.uasset" 6385
"../../../Engine/Content/EngineMaterials/Substrate/GLints/dict_16_192_64_0p5_0p02_0034_0004.uasset" 6386
"../../../Engine/Content/EngineMaterials/Substrate/GLints/dict_16_192_64_0p5_0p02_0034_0001.uasset" 6387
"/Engine/EngineMaterials/Substrate/GLints/dict_16_192_64_0p5_0p02_0034_0002" 6388
"/Engine/EngineMaterials/Substrate/GLints/dict_16_192_64_0p5_0p02_0033_0014" 6389
"../../../Engine/Content/EngineMaterials/Substrate/GLints/dict_16_192_64_0p5_0p02_0034_0006.uasset" 6390
"/Engine/EngineMaterials/Substrate/GLints/dict_16_192_64_0p5_0p02_0034_0001" 6391
"/Engine/EngineMaterials/Substrate/GLints/dict_16_192_64_0p5_0p02_0034_0005" 6392
"/Engine/EngineMaterials/Substrate/GLints/dict_16_192_64_0p5_0p02_0034_0004" 6393
"../../../Engine/Content/EngineMaterials/Substrate/GLints/dict_16_192_64_0p5_0p02_0034_0008.uasset" 6394
"/Engine/EngineMaterials/Substrate/GLints/dict_16_192_64_0p5_0p02_0034_0003" 6395
"/Engine/EngineMaterials/Substrate/GLints/dict_16_192_64_0p5_0p02_0034_0008" 6396
"/Engine/EngineMaterials/Substrate/GLints/dict_16_192_64_0p5_0p02_0034_0006" 6397
"../../../Engine/Content/EngineMaterials/Substrate/GLints/dict_16_192_64_0p5_0p02_0034_0007.uasset" 6398
"../../../Engine/Content/EngineMaterials/Substrate/GLints/dict_16_192_64_0p5_0p02_0034_0010.uasset" 6399
"../../../Engine/Content/EngineMaterials/Substrate/GLints/dict_16_192_64_0p5_0p02_0034_0011.uasset" 6400
"/Engine/EngineMaterials/Substrate/GLints/dict_16_192_64_0p5_0p02_0034_0007" 6401
"../../../Engine/Content/EngineMaterials/Substrate/GLints/dict_16_192_64_0p5_0p02_0034_0009.uasset" 6402
"/Engine/EngineMaterials/Substrate/GLints/dict_16_192_64_0p5_0p02_0034_0011" 6403
"/Engine/EngineMaterials/Substrate/GLints/dict_16_192_64_0p5_0p02_0034_0010" 6404
"/Engine/EngineMaterials/Substrate/GLints/dict_16_192_64_0p5_0p02_0034_0009" 6405
"../../../Engine/Content/EngineMaterials/Substrate/GLints/dict_16_192_64_0p5_0p02_0034_0012.uasset" 6406
"../../../Engine/Content/EngineMaterials/Substrate/GLints/dict_16_192_64_0p5_0p02_0034_0014.uasset" 6407
"../../../Engine/Content/EngineMaterials/Substrate/GLints/dict_16_192_64_0p5_0p02_0034_0013.uasset" 6408
"../../../Engine/Content/EngineMaterials/Substrate/GLints/dict_16_192_64_0p5_0p02_0034_0015.uasset" 6409
"/Engine/EngineMaterials/Substrate/GLints/dict_16_192_64_0p5_0p02_0034_0014" 6410
"/Engine/EngineMaterials/Substrate/GLints/dict_16_192_64_0p5_0p02_0034_0013" 6411
"/Engine/EngineMaterials/Substrate/GLints/dict_16_192_64_0p5_0p02_0034_0012" 6412
"../../../Engine/Content/EngineMaterials/Substrate/GLints/dict_16_192_64_0p5_0p02_0035_0000.uasset" 6413
"/Engine/EngineMaterials/Substrate/GLints/dict_16_192_64_0p5_0p02_0034_0015" 6414
"/Engine/EngineMaterials/Substrate/GLints/dict_16_192_64_0p5_0p02_0035_0000" 6415
"../../../Engine/Content/EngineMaterials/Substrate/GLints/dict_16_192_64_0p5_0p02_0035_0004.uasset" 6416
"../../../Engine/Content/EngineMaterials/Substrate/GLints/dict_16_192_64_0p5_0p02_0035_0001.uasset" 6417
"../../../Engine/Content/EngineMaterials/Substrate/GLints/dict_16_192_64_0p5_0p02_0035_0003.uasset" 6418
"../../../Engine/Content/EngineMaterials/Substrate/GLints/dict_16_192_64_0p5_0p02_0035_0007.uasset" 6419
"/Engine/EngineMaterials/Substrate/GLints/dict_16_192_64_0p5_0p02_0035_0004" 6420
"/Engine/EngineMaterials/Substrate/GLints/dict_16_192_64_0p5_0p02_0035_0003" 6421
"/Engine/EngineMaterials/Substrate/GLints/dict_16_192_64_0p5_0p02_0035_0007" 6422
"/Engine/EngineMaterials/Substrate/GLints/dict_16_192_64_0p5_0p02_0035_0001" 6423
"../../../Engine/Content/EngineMaterials/Substrate/GLints/dict_16_192_64_0p5_0p02_0035_0002.uasset" 6424
"../../../Engine/Content/EngineMaterials/Substrate/GLints/dict_16_192_64_0p5_0p02_0035_0006.uasset" 6425
"../../../Engine/Content/EngineMaterials/Substrate/GLints/dict_16_192_64_0p5_0p02_0035_0008.uasset" 6426
"../../../Engine/Content/EngineMaterials/Substrate/GLints/dict_16_192_64_0p5_0p02_0035_0005.uasset" 6427
"../../../Engine/Content/EngineMaterials/Substrate/GLints/dict_16_192_64_0p5_0p02_0035_0009.uasset" 6428
"../../../Engine/Content/EngineMaterials/Substrate/GLints/dict_16_192_64_0p5_0p02_0035_0012.uasset" 6429
"/Engine/EngineMaterials/Substrate/GLints/dict_16_192_64_0p5_0p02_0035_0012" 6430
"/Engine/EngineMaterials/Substrate/GLints/dict_16_192_64_0p5_0p02_0035_0006" 6431
"/Engine/EngineMaterials/Substrate/GLints/dict_16_192_64_0p5_0p02_0035_0008" 6432
"../../../Engine/Content/EngineMaterials/Substrate/GLints/dict_16_192_64_0p5_0p02_0035_0010.uasset" 6433
"/Engine/EngineMaterials/Substrate/GLints/dict_16_192_64_0p5_0p02_0035_0005" 6434
"/Engine/EngineMaterials/Substrate/GLints/dict_16_192_64_0p5_0p02_0035_0002" 6435
"/Engine/EngineMaterials/Substrate/GLints/dict_16_192_64_0p5_0p02_0035_0009" 6436
"/Engine/EngineMaterials/Substrate/GLints/dict_16_192_64_0p5_0p02_0035_0010" 6437
"../../../Engine/Content/EngineMaterials/Substrate/GLints/dict_16_192_64_0p5_0p02_0035_0011.uasset" 6438
"../../../Engine/Content/EngineMaterials/Substrate/GLints/dict_16_192_64_0p5_0p02_0035_0014.uasset" 6439
"../../../Engine/Content/EngineMaterials/Substrate/GLints/dict_16_192_64_0p5_0p02_0035_0013.uasset" 6440
"../../../Engine/Content/EngineMaterials/Substrate/GLints/dict_16_192_64_0p5_0p02_0035_0015.uasset" 6441
"../../../Engine/Content/EngineMaterials/Substrate/GLints/dict_16_192_64_0p5_0p02_0036_0000.uasset" 6442
"../../../Engine/Content/EngineMaterials/Substrate/GLints/dict_16_192_64_0p5_0p02_0036_0001.uasset" 6443
"../../../Engine/Content/EngineMaterials/Substrate/GLints/dict_16_192_64_0p5_0p02_0036_0004.uasset" 6444
"../../../Engine/Content/EngineMaterials/Substrate/GLints/dict_16_192_64_0p5_0p02_0036_0003.uasset" 6445
"../../../Engine/Content/EngineMaterials/Substrate/GLints/dict_16_192_64_0p5_0p02_0036_0005.uasset" 6446
"../../../Engine/Content/EngineMaterials/Substrate/GLints/dict_16_192_64_0p5_0p02_0036_0002.uasset" 6447
"/Engine/EngineMaterials/Substrate/GLints/dict_16_192_64_0p5_0p02_0036_0005" 6448
"/Engine/EngineMaterials/Substrate/GLints/dict_16_192_64_0p5_0p02_0035_0015" 6449
"/Engine/EngineMaterials/Substrate/GLints/dict_16_192_64_0p5_0p02_0036_0004" 6450
"/Engine/EngineMaterials/Substrate/GLints/dict_16_192_64_0p5_0p02_0036_0003" 6451
"/Engine/EngineMaterials/Substrate/GLints/dict_16_192_64_0p5_0p02_0035_0013" 6452
"/Engine/EngineMaterials/Substrate/GLints/dict_16_192_64_0p5_0p02_0035_0014" 6453
"/Engine/EngineMaterials/Substrate/GLints/dict_16_192_64_0p5_0p02_0035_0011" 6454
"/Engine/EngineMaterials/Substrate/GLints/dict_16_192_64_0p5_0p02_0036_0001" 6455
"/Engine/EngineMaterials/Substrate/GLints/dict_16_192_64_0p5_0p02_0036_0000" 6456
"../../../Engine/Content/EngineMaterials/Substrate/GLints/dict_16_192_64_0p5_0p02_0036_0006.uasset" 6457
"/Engine/EngineMaterials/Substrate/GLints/dict_16_192_64_0p5_0p02_0036_0006" 6458
"/Engine/EngineMaterials/Substrate/GLints/dict_16_192_64_0p5_0p02_0036_0002" 6459
"../../../Engine/Content/EngineMaterials/Substrate/GLints/dict_16_192_64_0p5_0p02_0036_0008.uasset" 6460
"../../../Engine/Content/EngineMaterials/Substrate/GLints/dict_16_192_64_0p5_0p02_0036_0007.uasset" 6461
"../../../Engine/Content/EngineMaterials/Substrate/GLints/dict_16_192_64_0p5_0p02_0036_0009.uasset" 6462
"../../../Engine/Content/EngineMaterials/Substrate/GLints/dict_16_192_64_0p5_0p02_0036_0010.uasset" 6463
"../../../Engine/Content/EngineMaterials/Substrate/GLints/dict_16_192_64_0p5_0p02_0036_0011.uasset" 6464
"../../../Engine/Content/EngineMaterials/Substrate/GLints/dict_16_192_64_0p5_0p02_0036_0012.uasset" 6465
"../../../Engine/Content/EngineMaterials/Substrate/GLints/dict_16_192_64_0p5_0p02_0037_0000.uasset" 6466
"../../../Engine/Content/EngineMaterials/Substrate/GLints/dict_16_192_64_0p5_0p02_0037_0001.uasset" 6467
"../../../Engine/Content/EngineMaterials/Substrate/GLints/dict_16_192_64_0p5_0p02_0036_0013.uasset" 6468
"../../../Engine/Content/EngineMaterials/Substrate/GLints/dict_16_192_64_0p5_0p02_0036_0015.uasset" 6469
"/Engine/EngineMaterials/Substrate/GLints/dict_16_192_64_0p5_0p02_0036_0015" 6470
"/Engine/EngineMaterials/Substrate/GLints/dict_16_192_64_0p5_0p02_0036_0011" 6471
"../../../Engine/Content/EngineMaterials/Substrate/GLints/dict_16_192_64_0p5_0p02_0037_0002.uasset" 6472
"../../../Engine/Content/EngineMaterials/Substrate/GLints/dict_16_192_64_0p5_0p02_0037_0003.uasset" 6473
"/Engine/EngineMaterials/Substrate/GLints/dict_16_192_64_0p5_0p02_0036_0007" 6474
"../../../Engine/Content/EngineMaterials/Substrate/GLints/dict_16_192_64_0p5_0p02_0036_0014.uasset" 6475
"/Engine/EngineMaterials/Substrate/GLints/dict_16_192_64_0p5_0p02_0036_0010" 6476
"/Engine/EngineMaterials/Substrate/GLints/dict_16_192_64_0p5_0p02_0036_0013" 6477
"/Engine/EngineMaterials/Substrate/GLints/dict_16_192_64_0p5_0p02_0037_0001" 6478
"/Engine/EngineMaterials/Substrate/GLints/dict_16_192_64_0p5_0p02_0037_0000" 6479
"/Engine/EngineMaterials/Substrate/GLints/dict_16_192_64_0p5_0p02_0036_0012" 6480
"/Engine/EngineMaterials/Substrate/GLints/dict_16_192_64_0p5_0p02_0036_0009" 6481
"/Engine/EngineMaterials/Substrate/GLints/dict_16_192_64_0p5_0p02_0036_0008" 6482
"/Engine/EngineMaterials/Substrate/GLints/dict_16_192_64_0p5_0p02_0036_0014" 6483
"/Engine/EngineMaterials/Substrate/GLints/dict_16_192_64_0p5_0p02_0037_0003" 6484
"/Engine/EngineMaterials/Substrate/GLints/dict_16_192_64_0p5_0p02_0037_0002" 6485
"../../../Engine/Content/EngineMaterials/Substrate/GLints/dict_16_192_64_0p5_0p02_0037_0004.uasset" 6486
"../../../Engine/Content/EngineMaterials/Substrate/GLints/dict_16_192_64_0p5_0p02_0037_0005.uasset" 6487
"../../../Engine/Content/EngineMaterials/Substrate/GLints/dict_16_192_64_0p5_0p02_0037_0006.uasset" 6488
"../../../Engine/Content/EngineMaterials/Substrate/GLints/dict_16_192_64_0p5_0p02_0037_0007.uasset" 6489
"../../../Engine/Content/EngineMaterials/Substrate/GLints/dict_16_192_64_0p5_0p02_0037_0011.uasset" 6490
"../../../Engine/Content/EngineMaterials/Substrate/GLints/dict_16_192_64_0p5_0p02_0037_0008.uasset" 6491
"../../../Engine/Content/EngineMaterials/Substrate/GLints/dict_16_192_64_0p5_0p02_0037_0009.uasset" 6492
"../../../Engine/Content/EngineMaterials/Substrate/GLints/dict_16_192_64_0p5_0p02_0037_0010.uasset" 6493
"/Engine/EngineMaterials/Substrate/GLints/dict_16_192_64_0p5_0p02_0037_0010" 6494
"/Engine/EngineMaterials/Substrate/GLints/dict_16_192_64_0p5_0p02_0037_0011" 6495
"/Engine/EngineMaterials/Substrate/GLints/dict_16_192_64_0p5_0p02_0037_0009" 6496
"/Engine/EngineMaterials/Substrate/GLints/dict_16_192_64_0p5_0p02_0037_0008" 6497
"/Engine/EngineMaterials/Substrate/GLints/dict_16_192_64_0p5_0p02_0037_0007" 6498
"/Engine/EngineMaterials/Substrate/GLints/dict_16_192_64_0p5_0p02_0037_0004" 6499
"/Engine/EngineMaterials/Substrate/GLints/dict_16_192_64_0p5_0p02_0037_0006" 6500
"/Engine/EngineMaterials/Substrate/GLints/dict_16_192_64_0p5_0p02_0037_0005" 6501
"../../../Engine/Content/EngineMaterials/Substrate/GLints/dict_16_192_64_0p5_0p02_0037_0012.uasset" 6502
"../../../Engine/Content/EngineMaterials/Substrate/GLints/dict_16_192_64_0p5_0p02_0038_0001.uasset" 6503
"../../../Engine/Content/EngineMaterials/Substrate/GLints/dict_16_192_64_0p5_0p02_0038_0006.uasset" 6504
"../../../Engine/Content/EngineMaterials/Substrate/GLints/dict_16_192_64_0p5_0p02_0038_0009.uasset" 6505
"../../../Engine/Content/EngineMaterials/Substrate/GLints/dict_16_192_64_0p5_0p02_0038_0008.uasset" 6506
"../../../Engine/Content/EngineMaterials/Substrate/GLints/dict_16_192_64_0p5_0p02_0038_0000.uasset" 6507
"../../../Engine/Content/EngineMaterials/Substrate/GLints/dict_16_192_64_0p5_0p02_0037_0014.uasset" 6508
"../../../Engine/Content/EngineMaterials/Substrate/GLints/dict_16_192_64_0p5_0p02_0037_0015.uasset" 6509
"../../../Engine/Content/EngineMaterials/Substrate/GLints/dict_16_192_64_0p5_0p02_0038_0005.uasset" 6510
"../../../Engine/Content/EngineMaterials/Substrate/GLints/dict_16_192_64_0p5_0p02_0038_0004.uasset" 6511
"../../../Engine/Content/EngineMaterials/Substrate/GLints/dict_16_192_64_0p5_0p02_0038_0002.uasset" 6512
"../../../Engine/Content/EngineMaterials/Substrate/GLints/dict_16_192_64_0p5_0p02_0037_0013.uasset" 6513
"../../../Engine/Content/EngineMaterials/Substrate/GLints/dict_16_192_64_0p5_0p02_0038_0007.uasset" 6514
"../../../Engine/Content/EngineMaterials/Substrate/GLints/dict_16_192_64_0p5_0p02_0038_0003.uasset" 6515
"../../../Engine/Content/EngineMaterials/Substrate/GLints/dict_16_192_64_0p5_0p02_0038_0010.uasset" 6516
"../../../Engine/Content/EngineMaterials/Substrate/GLints/dict_16_192_64_0p5_0p02_0038_0011.uasset" 6517
"../../../Engine/Content/EngineMaterials/Substrate/GLints/dict_16_192_64_0p5_0p02_0038_0012.uasset" 6518
"../../../Engine/Content/EngineMaterials/Substrate/GLints/dict_16_192_64_0p5_0p02_0039_0002.uasset" 6519
"../../../Engine/Content/EngineMaterials/Substrate/GLints/dict_16_192_64_0p5_0p02_0038_0015.uasset" 6520
"../../../Engine/Content/EngineMaterials/Substrate/GLints/dict_16_192_64_0p5_0p02_0039_0000.uasset" 6521
"../../../Engine/Content/EngineMaterials/Substrate/GLints/dict_16_192_64_0p5_0p02_0038_0013.uasset" 6522
"../../../Engine/Content/EngineMaterials/Substrate/GLints/dict_16_192_64_0p5_0p02_0039_0001.uasset" 6523
"../../../Engine/Content/EngineMaterials/Substrate/GLints/dict_16_192_64_0p5_0p02_0039_0004.uasset" 6524
"../../../Engine/Content/EngineMaterials/Substrate/GLints/dict_16_192_64_0p5_0p02_0039_0005.uasset" 6525
"../../../Engine/Content/EngineMaterials/Substrate/GLints/dict_16_192_64_0p5_0p02_0039_0003.uasset" 6526
"../../../Engine/Content/EngineMaterials/Substrate/GLints/dict_16_192_64_0p5_0p02_0039_0006.uasset" 6527
"../../../Engine/Content/EngineMaterials/Substrate/GLints/dict_16_192_64_0p5_0p02_0039_0007.uasset" 6528
"../../../Engine/Content/EngineMaterials/Substrate/GLints/dict_16_192_64_0p5_0p02_0038_0014.uasset" 6529
"../../../Engine/Content/EngineMaterials/Substrate/GLints/dict_16_192_64_0p5_0p02_0039_0009.uasset" 6530
"../../../Engine/Content/EngineMaterials/Substrate/GLints/dict_16_192_64_0p5_0p02_0039_0010.uasset" 6531
"../../../Engine/Content/EngineMaterials/Substrate/GLints/dict_16_192_64_0p5_0p02_0039_0008.uasset" 6532
"../../../Engine/Content/EngineMaterials/Substrate/GLints/dict_16_192_64_0p5_0p02_0039_0011.uasset" 6533
"/Engine/EngineMaterials/Substrate/GLints/dict_16_192_64_0p5_0p02_0039_0000" 6534
"/Engine/EngineMaterials/Substrate/GLints/dict_16_192_64_0p5_0p02_0039_0003" 6535
"/Engine/EngineMaterials/Substrate/GLints/dict_16_192_64_0p5_0p02_0038_0015" 6536
"/Engine/EngineMaterials/Substrate/GLints/dict_16_192_64_0p5_0p02_0038_0014" 6537
"/Engine/EngineMaterials/Substrate/GLints/dict_16_192_64_0p5_0p02_0038_0004" 6538
"/Engine/EngineMaterials/Substrate/GLints/dict_16_192_64_0p5_0p02_0038_0013" 6539
"/Engine/EngineMaterials/Substrate/GLints/dict_16_192_64_0p5_0p02_0038_0003" 6540
"/Engine/EngineMaterials/Substrate/GLints/dict_16_192_64_0p5_0p02_0038_0002" 6541
"/Engine/EngineMaterials/Substrate/GLints/dict_16_192_64_0p5_0p02_0038_0006" 6542
"/Engine/EngineMaterials/Substrate/GLints/dict_16_192_64_0p5_0p02_0038_0001" 6543
"/Engine/EngineMaterials/Substrate/GLints/dict_16_192_64_0p5_0p02_0038_0000" 6544
"/Engine/EngineMaterials/Substrate/GLints/dict_16_192_64_0p5_0p02_0038_0005" 6545
"/Engine/EngineMaterials/Substrate/GLints/dict_16_192_64_0p5_0p02_0037_0015" 6546
"/Engine/EngineMaterials/Substrate/GLints/dict_16_192_64_0p5_0p02_0039_0011" 6547
"/Engine/EngineMaterials/Substrate/GLints/dict_16_192_64_0p5_0p02_0037_0014" 6548
"/Engine/EngineMaterials/Substrate/GLints/dict_16_192_64_0p5_0p02_0039_0010" 6549
"/Engine/EngineMaterials/Substrate/GLints/dict_16_192_64_0p5_0p02_0039_0009" 6550
"/Engine/EngineMaterials/Substrate/GLints/dict_16_192_64_0p5_0p02_0039_0008" 6551
"/Engine/EngineMaterials/Substrate/GLints/dict_16_192_64_0p5_0p02_0039_0007" 6552
"/Engine/EngineMaterials/Substrate/GLints/dict_16_192_64_0p5_0p02_0039_0006" 6553
"/Engine/EngineMaterials/Substrate/GLints/dict_16_192_64_0p5_0p02_0039_0002" 6554
"/Engine/EngineMaterials/Substrate/GLints/dict_16_192_64_0p5_0p02_0039_0001" 6555
"/Engine/EngineMaterials/Substrate/GLints/dict_16_192_64_0p5_0p02_0039_0005" 6556
"/Engine/EngineMaterials/Substrate/GLints/dict_16_192_64_0p5_0p02_0039_0004" 6557
"/Engine/EngineMaterials/Substrate/GLints/dict_16_192_64_0p5_0p02_0037_0013" 6558
"/Engine/EngineMaterials/Substrate/GLints/dict_16_192_64_0p5_0p02_0038_0012" 6559
"/Engine/EngineMaterials/Substrate/GLints/dict_16_192_64_0p5_0p02_0038_0011" 6560
"/Engine/EngineMaterials/Substrate/GLints/dict_16_192_64_0p5_0p02_0038_0010" 6561
"/Engine/EngineMaterials/Substrate/GLints/dict_16_192_64_0p5_0p02_0038_0009" 6562
"/Engine/EngineMaterials/Substrate/GLints/dict_16_192_64_0p5_0p02_0038_0008" 6563
"/Engine/EngineMaterials/Substrate/GLints/dict_16_192_64_0p5_0p02_0037_0012" 6564
"/Engine/EngineMaterials/Substrate/GLints/dict_16_192_64_0p5_0p02_0038_0007" 6565
"../../../Engine/Content/EngineMaterials/Substrate/GLints/dict_16_192_64_0p5_0p02_0040_0004.uasset" 6566
"../../../Engine/Content/EngineMaterials/Substrate/GLints/dict_16_192_64_0p5_0p02_0040_0005.uasset" 6567
"../../../Engine/Content/EngineMaterials/Substrate/GLints/dict_16_192_64_0p5_0p02_0039_0013.uasset" 6568
"../../../Engine/Content/EngineMaterials/Substrate/GLints/dict_16_192_64_0p5_0p02_0040_0001.uasset" 6569
"../../../Engine/Content/EngineMaterials/Substrate/GLints/dict_16_192_64_0p5_0p02_0040_0002.uasset" 6570
"../../../Engine/Content/EngineMaterials/Substrate/GLints/dict_16_192_64_0p5_0p02_0040_0000.uasset" 6571
"../../../Engine/Content/EngineMaterials/Substrate/GLints/dict_16_192_64_0p5_0p02_0039_0012.uasset" 6572
"/Engine/EngineMaterials/Substrate/GLints/dict_16_192_64_0p5_0p02_0040_0005" 6573
"../../../Engine/Content/EngineMaterials/Substrate/GLints/dict_16_192_64_0p5_0p02_0040_0007.uasset" 6574
"/Engine/EngineMaterials/Substrate/GLints/dict_16_192_64_0p5_0p02_0040_0004" 6575
"/Engine/EngineMaterials/Substrate/GLints/dict_16_192_64_0p5_0p02_0040_0002" 6576
"/Engine/EngineMaterials/Substrate/GLints/dict_16_192_64_0p5_0p02_0040_0001" 6577
"/Engine/EngineMaterials/Substrate/GLints/dict_16_192_64_0p5_0p02_0040_0000" 6578
"/Engine/EngineMaterials/Substrate/GLints/dict_16_192_64_0p5_0p02_0039_0013" 6579
"/Engine/EngineMaterials/Substrate/GLints/dict_16_192_64_0p5_0p02_0039_0012" 6580
"../../../Engine/Content/EngineMaterials/Substrate/GLints/dict_16_192_64_0p5_0p02_0040_0003.uasset" 6581
"/Engine/EngineMaterials/Substrate/GLints/dict_16_192_64_0p5_0p02_0040_0007" 6582
"../../../Engine/Content/EngineMaterials/Substrate/GLints/dict_16_192_64_0p5_0p02_0039_0015.uasset" 6583
"../../../Engine/Content/EngineMaterials/Substrate/GLints/dict_16_192_64_0p5_0p02_0039_0014.uasset" 6584
"../../../Engine/Content/EngineMaterials/Substrate/GLints/dict_16_192_64_0p5_0p02_0040_0006.uasset" 6585
"/Engine/EngineMaterials/Substrate/GLints/dict_16_192_64_0p5_0p02_0040_0006" 6586
"/Engine/EngineMaterials/Substrate/GLints/dict_16_192_64_0p5_0p02_0040_0003" 6587
"/Engine/EngineMaterials/Substrate/GLints/dict_16_192_64_0p5_0p02_0039_0015" 6588
"/Engine/EngineMaterials/Substrate/GLints/dict_16_192_64_0p5_0p02_0039_0014" 6589
"../../../Engine/Content/EngineMaterials/Substrate/GLints/dict_16_192_64_0p5_0p02_0040_0014.uasset" 6590
"../../../Engine/Content/EngineMaterials/Substrate/GLints/dict_16_192_64_0p5_0p02_0040_0008.uasset" 6591
"../../../Engine/Content/EngineMaterials/Substrate/GLints/dict_16_192_64_0p5_0p02_0040_0009.uasset" 6592
"../../../Engine/Content/EngineMaterials/Substrate/GLints/dict_16_192_64_0p5_0p02_0041_0000.uasset" 6593
"/Engine/EngineMaterials/Substrate/GLints/dict_16_192_64_0p5_0p02_0041_0000" 6594
"../../../Engine/Content/EngineMaterials/Substrate/GLints/dict_16_192_64_0p5_0p02_0040_0011.uasset" 6595
"/Engine/EngineMaterials/Substrate/GLints/dict_16_192_64_0p5_0p02_0040_0014" 6596
"/Engine/EngineMaterials/Substrate/GLints/dict_16_192_64_0p5_0p02_0040_0009" 6597
"../../../Engine/Content/EngineMaterials/Substrate/GLints/dict_16_192_64_0p5_0p02_0040_0013.uasset" 6598
"/Engine/EngineMaterials/Substrate/GLints/dict_16_192_64_0p5_0p02_0040_0008" 6599
"../../../Engine/Content/EngineMaterials/Substrate/GLints/dict_16_192_64_0p5_0p02_0040_0012.uasset" 6600
"/Engine/EngineMaterials/Substrate/GLints/dict_16_192_64_0p5_0p02_0040_0013" 6601
"/Engine/EngineMaterials/Substrate/GLints/dict_16_192_64_0p5_0p02_0040_0012" 6602
"/Engine/EngineMaterials/Substrate/GLints/dict_16_192_64_0p5_0p02_0040_0011" 6603
"../../../Engine/Content/EngineMaterials/Substrate/GLints/dict_16_192_64_0p5_0p02_0040_0015.uasset" 6604
"../../../Engine/Content/EngineMaterials/Substrate/GLints/dict_16_192_64_0p5_0p02_0040_0010.uasset" 6605
"../../../Engine/Content/EngineMaterials/Substrate/GLints/dict_16_192_64_0p5_0p02_0041_0002.uasset" 6606
"../../../Engine/Content/EngineMaterials/Substrate/GLints/dict_16_192_64_0p5_0p02_0041_0001.uasset" 6607
"../../../Engine/Content/EngineMaterials/Substrate/GLints/dict_16_192_64_0p5_0p02_0041_0003.uasset" 6608
"/Engine/EngineMaterials/Substrate/GLints/dict_16_192_64_0p5_0p02_0041_0003" 6609
"/Engine/EngineMaterials/Substrate/GLints/dict_16_192_64_0p5_0p02_0041_0002" 6610
"/Engine/EngineMaterials/Substrate/GLints/dict_16_192_64_0p5_0p02_0041_0001" 6611
"/Engine/EngineMaterials/Substrate/GLints/dict_16_192_64_0p5_0p02_0040_0015" 6612
"/Engine/EngineMaterials/Substrate/GLints/dict_16_192_64_0p5_0p02_0040_0010" 6613
"../../../Engine/Content/EngineMaterials/Substrate/GLints/dict_16_192_64_0p5_0p02_0041_0004.uasset" 6614
"/Engine/EngineMaterials/Substrate/GLints/dict_16_192_64_0p5_0p02_0041_0004" 6615
"../../../Engine/Content/EngineMaterials/Substrate/GLints/dict_16_192_64_0p5_0p02_0041_0005.uasset" 6616
"../../../Engine/Content/EngineMaterials/Substrate/GLints/dict_16_192_64_0p5_0p02_0041_0009.uasset" 6617
"../../../Engine/Content/EngineMaterials/Substrate/GLints/dict_16_192_64_0p5_0p02_0041_0006.uasset" 6618
"../../../Engine/Content/EngineMaterials/Substrate/GLints/dict_16_192_64_0p5_0p02_0041_0013.uasset" 6619
"../../../Engine/Content/EngineMaterials/Substrate/GLints/dict_16_192_64_0p5_0p02_0041_0014.uasset" 6620
"/Engine/EngineMaterials/Substrate/GLints/dict_16_192_64_0p5_0p02_0041_0009" 6621
"../../../Engine/Content/EngineMaterials/Substrate/GLints/dict_16_192_64_0p5_0p02_0041_0007.uasset" 6622
"../../../Engine/Content/EngineMaterials/Substrate/GLints/dict_16_192_64_0p5_0p02_0041_0010.uasset" 6623
"/Engine/EngineMaterials/Substrate/GLints/dict_16_192_64_0p5_0p02_0041_0006" 6624
"/Engine/EngineMaterials/Substrate/GLints/dict_16_192_64_0p5_0p02_0041_0005" 6625
"../../../Engine/Content/EngineMaterials/Substrate/GLints/dict_16_192_64_0p5_0p02_0041_0012.uasset" 6626
"../../../Engine/Content/EngineMaterials/Substrate/GLints/dict_16_192_64_0p5_0p02_0041_0008.uasset" 6627
"/Engine/EngineMaterials/Substrate/GLints/dict_16_192_64_0p5_0p02_0041_0014" 6628
"/Engine/EngineMaterials/Substrate/GLints/dict_16_192_64_0p5_0p02_0041_0013" 6629
"/Engine/EngineMaterials/Substrate/GLints/dict_16_192_64_0p5_0p02_0041_0010" 6630
"/Engine/EngineMaterials/Substrate/GLints/dict_16_192_64_0p5_0p02_0041_0008" 6631
"/Engine/EngineMaterials/Substrate/GLints/dict_16_192_64_0p5_0p02_0041_0007" 6632
"/Engine/EngineMaterials/Substrate/GLints/dict_16_192_64_0p5_0p02_0041_0012" 6633
"../../../Engine/Content/EngineMaterials/Substrate/GLints/dict_16_192_64_0p5_0p02_0041_0011.uasset" 6634
"../../../Engine/Content/EngineMaterials/Substrate/GLints/dict_16_192_64_0p5_0p02_0041_0015.uasset" 6635
"../../../Engine/Content/EngineMaterials/Substrate/GLints/dict_16_192_64_0p5_0p02_0042_0000.uasset" 6636
"../../../Engine/Content/EngineMaterials/Substrate/GLints/dict_16_192_64_0p5_0p02_0042_0001.uasset" 6637
"/Engine/EngineMaterials/Substrate/GLints/dict_16_192_64_0p5_0p02_0041_0011" 6638
"/Engine/EngineMaterials/Substrate/GLints/dict_16_192_64_0p5_0p02_0042_0001" 6639
"/Engine/EngineMaterials/Substrate/GLints/dict_16_192_64_0p5_0p02_0042_0000" 6640
"../../../Engine/Content/EngineMaterials/Substrate/GLints/dict_16_192_64_0p5_0p02_0042_0005.uasset" 6641
"/Engine/EngineMaterials/Substrate/GLints/dict_16_192_64_0p5_0p02_0041_0015" 6642
"/Engine/EngineMaterials/Substrate/GLints/dict_16_192_64_0p5_0p02_0042_0005" 6643
"../../../Engine/Content/EngineMaterials/Substrate/GLints/dict_16_192_64_0p5_0p02_0042_0004.uasset" 6644
"../../../Engine/Content/EngineMaterials/Substrate/GLints/dict_16_192_64_0p5_0p02_0042_0007.uasset" 6645
"../../../Engine/Content/EngineMaterials/Substrate/GLints/dict_16_192_64_0p5_0p02_0042_0003.uasset" 6646
"../../../Engine/Content/EngineMaterials/Substrate/GLints/dict_16_192_64_0p5_0p02_0042_0002.uasset" 6647
"../../../Engine/Content/EngineMaterials/Substrate/GLints/dict_16_192_64_0p5_0p02_0042_0012.uasset" 6648
"../../../Engine/Content/EngineMaterials/Substrate/GLints/dict_16_192_64_0p5_0p02_0042_0010.uasset" 6649
"../../../Engine/Content/EngineMaterials/Substrate/GLints/dict_16_192_64_0p5_0p02_0042_0011.uasset" 6650
"../../../Engine/Content/EngineMaterials/Substrate/GLints/dict_16_192_64_0p5_0p02_0042_0006.uasset" 6651
"../../../Engine/Content/EngineMaterials/Substrate/GLints/dict_16_192_64_0p5_0p02_0042_0009.uasset" 6652
"../../../Engine/Content/EngineMaterials/Substrate/GLints/dict_16_192_64_0p5_0p02_0042_0013.uasset" 6653
"../../../Engine/Content/EngineMaterials/Substrate/GLints/dict_16_192_64_0p5_0p02_0042_0008.uasset" 6654
"../../../Engine/Content/EngineMaterials/Substrate/GLints/dict_16_192_64_0p5_0p02_0042_0015.uasset" 6655
"../../../Engine/Content/EngineMaterials/Substrate/GLints/dict_16_192_64_0p5_0p02_0042_0014.uasset" 6656
"/Engine/EngineMaterials/Substrate/GLints/dict_16_192_64_0p5_0p02_0042_0011" 6657
"/Engine/EngineMaterials/Substrate/GLints/dict_16_192_64_0p5_0p02_0042_0010" 6658
"/Engine/EngineMaterials/Substrate/GLints/dict_16_192_64_0p5_0p02_0042_0014" 6659
"../../../Engine/Content/EngineMaterials/Substrate/GLints/dict_16_192_64_0p5_0p02_0043_0000.uasset" 6660
"/Engine/EngineMaterials/Substrate/GLints/dict_16_192_64_0p5_0p02_0042_0013" 6661
"/Engine/EngineMaterials/Substrate/GLints/dict_16_192_64_0p5_0p02_0042_0012" 6662
"../../../Engine/Content/EngineMaterials/Substrate/GLints/dict_16_192_64_0p5_0p02_0043_0001.uasset" 6663
"/Engine/EngineMaterials/Substrate/GLints/dict_16_192_64_0p5_0p02_0042_0015" 6664
"/Engine/EngineMaterials/Substrate/GLints/dict_16_192_64_0p5_0p02_0042_0009" 6665
"/Engine/EngineMaterials/Substrate/GLints/dict_16_192_64_0p5_0p02_0042_0008" 6666
"/Engine/EngineMaterials/Substrate/GLints/dict_16_192_64_0p5_0p02_0042_0003" 6667
"/Engine/EngineMaterials/Substrate/GLints/dict_16_192_64_0p5_0p02_0042_0007" 6668
"../../../Engine/Content/EngineMaterials/Substrate/GLints/dict_16_192_64_0p5_0p02_0043_0008.uasset" 6669
"/Engine/EngineMaterials/Substrate/GLints/dict_16_192_64_0p5_0p02_0042_0002" 6670
"../../../Engine/Content/EngineMaterials/Substrate/GLints/dict_16_192_64_0p5_0p02_0043_0004.uasset" 6671
"../../../Engine/Content/EngineMaterials/Substrate/GLints/dict_16_192_64_0p5_0p02_0043_0003.uasset" 6672
"/Engine/EngineMaterials/Substrate/GLints/dict_16_192_64_0p5_0p02_0042_0006" 6673
"../../../Engine/Content/EngineMaterials/Substrate/GLints/dict_16_192_64_0p5_0p02_0043_0005.uasset" 6674
"../../../Engine/Content/EngineMaterials/Substrate/GLints/dict_16_192_64_0p5_0p02_0043_0006.uasset" 6675
"../../../Engine/Content/EngineMaterials/Substrate/GLints/dict_16_192_64_0p5_0p02_0043_0007.uasset" 6676
"/Engine/EngineMaterials/Substrate/GLints/dict_16_192_64_0p5_0p02_0042_0004" 6677
"../../../Engine/Content/EngineMaterials/Substrate/GLints/dict_16_192_64_0p5_0p02_0043_0002.uasset" 6678
"/Engine/EngineMaterials/Substrate/GLints/dict_16_192_64_0p5_0p02_0043_0008" 6679
"/Engine/EngineMaterials/Substrate/GLints/dict_16_192_64_0p5_0p02_0043_0007" 6680
"/Engine/EngineMaterials/Substrate/GLints/dict_16_192_64_0p5_0p02_0043_0004" 6681
"/Engine/EngineMaterials/Substrate/GLints/dict_16_192_64_0p5_0p02_0043_0003" 6682
"/Engine/EngineMaterials/Substrate/GLints/dict_16_192_64_0p5_0p02_0043_0002" 6683
"/Engine/EngineMaterials/Substrate/GLints/dict_16_192_64_0p5_0p02_0043_0001" 6684
"/Engine/EngineMaterials/Substrate/GLints/dict_16_192_64_0p5_0p02_0043_0000" 6685
"/Engine/EngineMaterials/Substrate/GLints/dict_16_192_64_0p5_0p02_0043_0006" 6686
"/Engine/EngineMaterials/Substrate/GLints/dict_16_192_64_0p5_0p02_0043_0005" 6687
"../../../Engine/Content/EngineMaterials/Substrate/GLints/dict_16_192_64_0p5_0p02_0043_0010.uasset" 6688
"../../../Engine/Content/EngineMaterials/Substrate/GLints/dict_16_192_64_0p5_0p02_0043_0012.uasset" 6689
"../../../Engine/Content/EngineMaterials/Substrate/GLints/dict_16_192_64_0p5_0p02_0043_0013.uasset" 6690
"../../../Engine/Content/EngineMaterials/Substrate/GLints/dict_16_192_64_0p5_0p02_0043_0011.uasset" 6691
"/Engine/EngineMaterials/Substrate/GLints/dict_16_192_64_0p5_0p02_0043_0013" 6692
"../../../Engine/Content/EngineMaterials/Substrate/GLints/dict_16_192_64_0p5_0p02_0043_0014.uasset" 6693
"/Engine/EngineMaterials/Substrate/GLints/dict_16_192_64_0p5_0p02_0043_0012" 6694
"/Engine/EngineMaterials/Substrate/GLints/dict_16_192_64_0p5_0p02_0043_0011" 6695
"/Engine/EngineMaterials/Substrate/GLints/dict_16_192_64_0p5_0p02_0043_0010" 6696
"../../../Engine/Content/EngineMaterials/Substrate/GLints/dict_16_192_64_0p5_0p02_0043_0009.uasset" 6697
"/Engine/EngineMaterials/Substrate/GLints/dict_16_192_64_0p5_0p02_0043_0009" 6698
"../../../Engine/Content/EngineMaterials/Substrate/GLints/dict_16_192_64_0p5_0p02_0043_0015.uasset" 6699
"/Engine/EngineMaterials/Substrate/GLints/dict_16_192_64_0p5_0p02_0043_0014" 6700
"../../../Engine/Content/EngineMaterials/Substrate/GLints/dict_16_192_64_0p5_0p02_0044_0002.uasset" 6701
"/Engine/EngineMaterials/Substrate/GLints/dict_16_192_64_0p5_0p02_0043_0015" 6702
"/Engine/EngineMaterials/Substrate/GLints/dict_16_192_64_0p5_0p02_0044_0002" 6703
"../../../Engine/Content/EngineMaterials/Substrate/GLints/dict_16_192_64_0p5_0p02_0044_0001.uasset" 6704
"../../../Engine/Content/EngineMaterials/Substrate/GLints/dict_16_192_64_0p5_0p02_0044_0004.uasset" 6705
"../../../Engine/Content/EngineMaterials/Substrate/GLints/dict_16_192_64_0p5_0p02_0044_0005.uasset" 6706
"../../../Engine/Content/EngineMaterials/Substrate/GLints/dict_16_192_64_0p5_0p02_0044_0003.uasset" 6707
"../../../Engine/Content/EngineMaterials/Substrate/GLints/dict_16_192_64_0p5_0p02_0044_0000.uasset" 6708
"/Engine/EngineMaterials/Substrate/GLints/dict_16_192_64_0p5_0p02_0044_0001" 6709
"/Engine/EngineMaterials/Substrate/GLints/dict_16_192_64_0p5_0p02_0044_0005" 6710
"/Engine/EngineMaterials/Substrate/GLints/dict_16_192_64_0p5_0p02_0044_0000" 6711
"/Engine/EngineMaterials/Substrate/GLints/dict_16_192_64_0p5_0p02_0044_0004" 6712
"/Engine/EngineMaterials/Substrate/GLints/dict_16_192_64_0p5_0p02_0044_0003" 6713
"../../../Engine/Content/EngineMaterials/Substrate/GLints/dict_16_192_64_0p5_0p02_0044_0006.uasset" 6714
"../../../Engine/Content/EngineMaterials/Substrate/GLints/dict_16_192_64_0p5_0p02_0044_0007.uasset" 6715
"../../../Engine/Content/EngineMaterials/Substrate/GLints/dict_16_192_64_0p5_0p02_0044_0008.uasset" 6716
"../../../Engine/Content/EngineMaterials/Substrate/GLints/dict_16_192_64_0p5_0p02_0044_0013.uasset" 6717
"../../../Engine/Content/EngineMaterials/Substrate/GLints/dict_16_192_64_0p5_0p02_0044_0009.uasset" 6718
"../../../Engine/Content/EngineMaterials/Substrate/GLints/dict_16_192_64_0p5_0p02_0044_0010.uasset" 6719
"../../../Engine/Content/EngineMaterials/Substrate/GLints/dict_16_192_64_0p5_0p02_0044_0011.uasset" 6720
"../../../Engine/Content/EngineMaterials/Substrate/GLints/dict_16_192_64_0p5_0p02_0045_0000.uasset" 6721
"../../../Engine/Content/EngineMaterials/Substrate/GLints/dict_16_192_64_0p5_0p02_0044_0014.uasset" 6722
"../../../Engine/Content/EngineMaterials/Substrate/GLints/dict_16_192_64_0p5_0p02_0044_0015.uasset" 6723
"../../../Engine/Content/EngineMaterials/Substrate/GLints/dict_16_192_64_0p5_0p02_0044_0012.uasset" 6724
"/Engine/EngineMaterials/Substrate/GLints/dict_16_192_64_0p5_0p02_0044_0015" 6725
"/Engine/EngineMaterials/Substrate/GLints/dict_16_192_64_0p5_0p02_0044_0014" 6726
"/Engine/EngineMaterials/Substrate/GLints/dict_16_192_64_0p5_0p02_0044_0013" 6727
"/Engine/EngineMaterials/Substrate/GLints/dict_16_192_64_0p5_0p02_0044_0011" 6728
"../../../Engine/Content/EngineMaterials/Substrate/GLints/dict_16_192_64_0p5_0p02_0045_0003.uasset" 6729
"/Engine/EngineMaterials/Substrate/GLints/dict_16_192_64_0p5_0p02_0044_0010" 6730
"/Engine/EngineMaterials/Substrate/GLints/dict_16_192_64_0p5_0p02_0044_0009" 6731
"/Engine/EngineMaterials/Substrate/GLints/dict_16_192_64_0p5_0p02_0044_0008" 6732
"/Engine/EngineMaterials/Substrate/GLints/dict_16_192_64_0p5_0p02_0044_0007" 6733
"/Engine/EngineMaterials/Substrate/GLints/dict_16_192_64_0p5_0p02_0044_0006" 6734
"/Engine/EngineMaterials/Substrate/GLints/dict_16_192_64_0p5_0p02_0045_0000" 6735
"/Engine/EngineMaterials/Substrate/GLints/dict_16_192_64_0p5_0p02_0045_0003" 6736
"/Engine/EngineMaterials/Substrate/GLints/dict_16_192_64_0p5_0p02_0044_0012" 6737
"../../../Engine/Content/EngineMaterials/Substrate/GLints/dict_16_192_64_0p5_0p02_0045_0001.uasset" 6738
"../../../Engine/Content/EngineMaterials/Substrate/GLints/dict_16_192_64_0p5_0p02_0045_0002.uasset" 6739
"../../../Engine/Content/EngineMaterials/Substrate/GLints/dict_16_192_64_0p5_0p02_0045_0009.uasset" 6740
"../../../Engine/Content/EngineMaterials/Substrate/GLints/dict_16_192_64_0p5_0p02_0045_0006.uasset" 6741
"../../../Engine/Content/EngineMaterials/Substrate/GLints/dict_16_192_64_0p5_0p02_0045_0005.uasset" 6742
"../../../Engine/Content/EngineMaterials/Substrate/GLints/dict_16_192_64_0p5_0p02_0045_0011.uasset" 6743
"../../../Engine/Content/EngineMaterials/Substrate/GLints/dict_16_192_64_0p5_0p02_0045_0004.uasset" 6744
"../../../Engine/Content/EngineMaterials/Substrate/GLints/dict_16_192_64_0p5_0p02_0045_0012.uasset" 6745
"../../../Engine/Content/EngineMaterials/Substrate/GLints/dict_16_192_64_0p5_0p02_0045_0010.uasset" 6746
"../../../Engine/Content/EngineMaterials/Substrate/GLints/dict_16_192_64_0p5_0p02_0045_0007.uasset" 6747
"/Engine/EngineMaterials/Substrate/GLints/dict_16_192_64_0p5_0p02_0045_0012" 6748
"../../../Engine/Content/EngineMaterials/Substrate/GLints/dict_16_192_64_0p5_0p02_0045_0008.uasset" 6749
"/Engine/EngineMaterials/Substrate/GLints/dict_16_192_64_0p5_0p02_0045_0011" 6750
"/Engine/EngineMaterials/Substrate/GLints/dict_16_192_64_0p5_0p02_0045_0010" 6751
"/Engine/EngineMaterials/Substrate/GLints/dict_16_192_64_0p5_0p02_0045_0006" 6752
"/Engine/EngineMaterials/Substrate/GLints/dict_16_192_64_0p5_0p02_0045_0005" 6753
"../../../Engine/Content/EngineMaterials/Substrate/GLints/dict_16_192_64_0p5_0p02_0045_0015.uasset" 6754
"/Engine/EngineMaterials/Substrate/GLints/dict_16_192_64_0p5_0p02_0045_0004" 6755
"/Engine/EngineMaterials/Substrate/GLints/dict_16_192_64_0p5_0p02_0045_0002" 6756
"/Engine/EngineMaterials/Substrate/GLints/dict_16_192_64_0p5_0p02_0045_0001" 6757
"/Engine/EngineMaterials/Substrate/GLints/dict_16_192_64_0p5_0p02_0045_0009" 6758
"../../../Engine/Content/EngineMaterials/Substrate/GLints/dict_16_192_64_0p5_0p02_0045_0014.uasset" 6759
"../../../Engine/Content/EngineMaterials/Substrate/GLints/dict_16_192_64_0p5_0p02_0045_0013.uasset" 6760
"/Engine/EngineMaterials/Substrate/GLints/dict_16_192_64_0p5_0p02_0045_0014" 6761
"/Engine/EngineMaterials/Substrate/GLints/dict_16_192_64_0p5_0p02_0045_0008" 6762
"/Engine/EngineMaterials/Substrate/GLints/dict_16_192_64_0p5_0p02_0045_0007" 6763
"/Engine/EngineMaterials/Substrate/GLints/dict_16_192_64_0p5_0p02_0045_0013" 6764
"/Engine/EngineMaterials/Substrate/GLints/dict_16_192_64_0p5_0p02_0045_0015" 6765
"../../../Engine/Content/EngineMaterials/Substrate/GLints/dict_16_192_64_0p5_0p02_0046_0001.uasset" 6766
"../../../Engine/Content/EngineMaterials/Substrate/GLints/dict_16_192_64_0p5_0p02_0046_0006.uasset" 6767
"../../../Engine/Content/EngineMaterials/Substrate/GLints/dict_16_192_64_0p5_0p02_0046_0007.uasset" 6768
"../../../Engine/Content/EngineMaterials/Substrate/GLints/dict_16_192_64_0p5_0p02_0046_0002.uasset" 6769
"../../../Engine/Content/EngineMaterials/Substrate/GLints/dict_16_192_64_0p5_0p02_0046_0005.uasset" 6770
"../../../Engine/Content/EngineMaterials/Substrate/GLints/dict_16_192_64_0p5_0p02_0046_0000.uasset" 6771
"/Engine/EngineMaterials/Substrate/GLints/dict_16_192_64_0p5_0p02_0046_0005" 6772
"../../../Engine/Content/EngineMaterials/Substrate/GLints/dict_16_192_64_0p5_0p02_0046_0008.uasset" 6773
"/Engine/EngineMaterials/Substrate/GLints/dict_16_192_64_0p5_0p02_0046_0007" 6774
"../../../Engine/Content/EngineMaterials/Substrate/GLints/dict_16_192_64_0p5_0p02_0046_0003.uasset" 6775
"../../../Engine/Content/EngineMaterials/Substrate/GLints/dict_16_192_64_0p5_0p02_0046_0004.uasset" 6776
"/Engine/EngineMaterials/Substrate/GLints/dict_16_192_64_0p5_0p02_0046_0002" 6777
"/Engine/EngineMaterials/Substrate/GLints/dict_16_192_64_0p5_0p02_0046_0000" 6778
"/Engine/EngineMaterials/Substrate/GLints/dict_16_192_64_0p5_0p02_0046_0001" 6779
"../../../Engine/Content/EngineMaterials/Substrate/GLints/dict_16_192_64_0p5_0p02_0046_0009.uasset" 6780
"/Engine/EngineMaterials/Substrate/GLints/dict_16_192_64_0p5_0p02_0046_0006" 6781
"../../../Engine/Content/EngineMaterials/Substrate/GLints/dict_16_192_64_0p5_0p02_0046_0010.uasset" 6782
"/Engine/EngineMaterials/Substrate/GLints/dict_16_192_64_0p5_0p02_0046_0010" 6783
"/Engine/EngineMaterials/Substrate/GLints/dict_16_192_64_0p5_0p02_0046_0009" 6784
"/Engine/EngineMaterials/Substrate/GLints/dict_16_192_64_0p5_0p02_0046_0008" 6785
"/Engine/EngineMaterials/Substrate/GLints/dict_16_192_64_0p5_0p02_0046_0004" 6786
"/Engine/EngineMaterials/Substrate/GLints/dict_16_192_64_0p5_0p02_0046_0003" 6787
"../../../Engine/Content/EngineMaterials/Substrate/GLints/dict_16_192_64_0p5_0p02_0046_0011.uasset" 6788
"../../../Engine/Content/EngineMaterials/Substrate/GLints/dict_16_192_64_0p5_0p02_0046_0012.uasset" 6789
"../../../Engine/Content/EngineMaterials/Substrate/GLints/dict_16_192_64_0p5_0p02_0046_0014.uasset" 6790
"../../../Engine/Content/EngineMaterials/Substrate/GLints/dict_16_192_64_0p5_0p02_0047_0002.uasset" 6791
"../../../Engine/Content/EngineMaterials/Substrate/GLints/dict_16_192_64_0p5_0p02_0046_0015.uasset" 6792
"../../../Engine/Content/EngineMaterials/Substrate/GLints/dict_16_192_64_0p5_0p02_0047_0000.uasset" 6793
"../../../Engine/Content/EngineMaterials/Substrate/GLints/dict_16_192_64_0p5_0p02_0047_0001.uasset" 6794
"../../../Engine/Content/EngineMaterials/Substrate/GLints/dict_16_192_64_0p5_0p02_0047_0007.uasset" 6795
"../../../Engine/Content/EngineMaterials/Substrate/GLints/dict_16_192_64_0p5_0p02_0047_0003.uasset" 6796
"../../../Engine/Content/EngineMaterials/Substrate/GLints/dict_16_192_64_0p5_0p02_0047_0006.uasset" 6797
"../../../Engine/Content/EngineMaterials/Substrate/GLints/dict_16_192_64_0p5_0p02_0047_0004.uasset" 6798
"../../../Engine/Content/EngineMaterials/Substrate/GLints/dict_16_192_64_0p5_0p02_0046_0013.uasset" 6799
"../../../Engine/Content/EngineMaterials/Substrate/GLints/dict_16_192_64_0p5_0p02_0047_0010.uasset" 6800
"../../../Engine/Content/EngineMaterials/Substrate/GLints/dict_16_192_64_0p5_0p02_0047_0009.uasset" 6801
"../../../Engine/Content/EngineMaterials/Substrate/GLints/dict_16_192_64_0p5_0p02_0047_0012.uasset" 6802
"../../../Engine/Content/EngineMaterials/Substrate/GLints/dict_16_192_64_0p5_0p02_0047_0005.uasset" 6803
"../../../Engine/Content/EngineMaterials/Substrate/GLints/dict_16_192_64_0p5_0p02_0048_0001.uasset" 6804
"../../../Engine/Content/EngineMaterials/Substrate/GLints/dict_16_192_64_0p5_0p02_0047_0015.uasset" 6805
"../../../Engine/Content/EngineMaterials/Substrate/GLints/dict_16_192_64_0p5_0p02_0047_0013.uasset" 6806
"../../../Engine/Content/EngineMaterials/Substrate/GLints/dict_16_192_64_0p5_0p02_0047_0011.uasset" 6807
"../../../Engine/Content/EngineMaterials/Substrate/GLints/dict_16_192_64_0p5_0p02_0048_0000.uasset" 6808
"../../../Engine/Content/EngineMaterials/Substrate/GLints/dict_16_192_64_0p5_0p02_0048_0003.uasset" 6809
"../../../Engine/Content/EngineMaterials/Substrate/GLints/dict_16_192_64_0p5_0p02_0048_0004.uasset" 6810
"../../../Engine/Content/EngineMaterials/Substrate/GLints/dict_16_192_64_0p5_0p02_0048_0002.uasset" 6811
"../../../Engine/Content/EngineMaterials/Substrate/GLints/dict_16_192_64_0p5_0p02_0047_0008.uasset" 6812
"../../../Engine/Content/EngineMaterials/Substrate/GLints/dict_16_192_64_0p5_0p02_0048_0005.uasset" 6813
"../../../Engine/Content/EngineMaterials/Substrate/GLints/dict_16_192_64_0p5_0p02_0048_0006.uasset" 6814
"../../../Engine/Content/EngineMaterials/Substrate/GLints/dict_16_192_64_0p5_0p02_0047_0014.uasset" 6815
"../../../Engine/Content/EngineMaterials/Substrate/GLints/dict_16_192_64_0p5_0p02_0048_0007.uasset" 6816
"../../../Engine/Content/EngineMaterials/Substrate/GLints/dict_16_192_64_0p5_0p02_0048_0009.uasset" 6817
"../../../Engine/Content/EngineMaterials/Substrate/GLints/dict_16_192_64_0p5_0p02_0048_0010.uasset" 6818
"/Engine/EngineMaterials/Substrate/GLints/dict_16_192_64_0p5_0p02_0048_0005" 6819
"../../../Engine/Content/EngineMaterials/Substrate/GLints/dict_16_192_64_0p5_0p02_0048_0008.uasset" 6820
"/Engine/EngineMaterials/Substrate/GLints/dict_16_192_64_0p5_0p02_0047_0010" 6821
"/Engine/EngineMaterials/Substrate/GLints/dict_16_192_64_0p5_0p02_0047_0015" 6822
"/Engine/EngineMaterials/Substrate/GLints/dict_16_192_64_0p5_0p02_0047_0009" 6823
"/Engine/EngineMaterials/Substrate/GLints/dict_16_192_64_0p5_0p02_0047_0008" 6824
"/Engine/EngineMaterials/Substrate/GLints/dict_16_192_64_0p5_0p02_0047_0014" 6825
"/Engine/EngineMaterials/Substrate/GLints/dict_16_192_64_0p5_0p02_0047_0013" 6826
"/Engine/EngineMaterials/Substrate/GLints/dict_16_192_64_0p5_0p02_0047_0007" 6827
"/Engine/EngineMaterials/Substrate/GLints/dict_16_192_64_0p5_0p02_0047_0006" 6828
"/Engine/EngineMaterials/Substrate/GLints/dict_16_192_64_0p5_0p02_0047_0005" 6829
"/Engine/EngineMaterials/Substrate/GLints/dict_16_192_64_0p5_0p02_0047_0001" 6830
"/Engine/EngineMaterials/Substrate/GLints/dict_16_192_64_0p5_0p02_0046_0015" 6831
"/Engine/EngineMaterials/Substrate/GLints/dict_16_192_64_0p5_0p02_0047_0004" 6832
"/Engine/EngineMaterials/Substrate/GLints/dict_16_192_64_0p5_0p02_0046_0014" 6833
"/Engine/EngineMaterials/Substrate/GLints/dict_16_192_64_0p5_0p02_0046_0013" 6834
"/Engine/EngineMaterials/Substrate/GLints/dict_16_192_64_0p5_0p02_0047_0000" 6835
"/Engine/EngineMaterials/Substrate/GLints/dict_16_192_64_0p5_0p02_0046_0012" 6836
"/Engine/EngineMaterials/Substrate/GLints/dict_16_192_64_0p5_0p02_0046_0011" 6837
"/Engine/EngineMaterials/Substrate/GLints/dict_16_192_64_0p5_0p02_0048_0010" 6838
"/Engine/EngineMaterials/Substrate/GLints/dict_16_192_64_0p5_0p02_0048_0009" 6839
"/Engine/EngineMaterials/Substrate/GLints/dict_16_192_64_0p5_0p02_0048_0004" 6840
"/Engine/EngineMaterials/Substrate/GLints/dict_16_192_64_0p5_0p02_0048_0007" 6841
"/Engine/EngineMaterials/Substrate/GLints/dict_16_192_64_0p5_0p02_0048_0006" 6842
"/Engine/EngineMaterials/Substrate/GLints/dict_16_192_64_0p5_0p02_0048_0003" 6843
"/Engine/EngineMaterials/Substrate/GLints/dict_16_192_64_0p5_0p02_0048_0002" 6844
"/Engine/EngineMaterials/Substrate/GLints/dict_16_192_64_0p5_0p02_0047_0012" 6845
"/Engine/EngineMaterials/Substrate/GLints/dict_16_192_64_0p5_0p02_0047_0003" 6846
"/Engine/EngineMaterials/Substrate/GLints/dict_16_192_64_0p5_0p02_0047_0011" 6847
"/Engine/EngineMaterials/Substrate/GLints/dict_16_192_64_0p5_0p02_0048_0001" 6848
"/Engine/EngineMaterials/Substrate/GLints/dict_16_192_64_0p5_0p02_0048_0000" 6849
"/Engine/EngineMaterials/Substrate/GLints/dict_16_192_64_0p5_0p02_0047_0002" 6850
"/Engine/EngineMaterials/Substrate/GLints/dict_16_192_64_0p5_0p02_0048_0008" 6851
"../../../Engine/Content/EngineMaterials/Substrate/GLints/dict_16_192_64_0p5_0p02_0049_0000.uasset" 6852
"../../../Engine/Content/EngineMaterials/Substrate/GLints/dict_16_192_64_0p5_0p02_0049_0009.uasset" 6853
"../../../Engine/Content/EngineMaterials/Substrate/GLints/dict_16_192_64_0p5_0p02_0049_0011.uasset" 6854
"../../../Engine/Content/EngineMaterials/Substrate/GLints/dict_16_192_64_0p5_0p02_0049_0002.uasset" 6855
"../../../Engine/Content/EngineMaterials/Substrate/GLints/dict_16_192_64_0p5_0p02_0048_0012.uasset" 6856
"../../../Engine/Content/EngineMaterials/Substrate/GLints/dict_16_192_64_0p5_0p02_0048_0011.uasset" 6857
"../../../Engine/Content/EngineMaterials/Substrate/GLints/dict_16_192_64_0p5_0p02_0049_0003.uasset" 6858
"../../../Engine/Content/EngineMaterials/Substrate/GLints/dict_16_192_64_0p5_0p02_0049_0007.uasset" 6859
"../../../Engine/Content/EngineMaterials/Substrate/GLints/dict_16_192_64_0p5_0p02_0049_0010.uasset" 6860
"../../../Engine/Content/EngineMaterials/Substrate/GLints/dict_16_192_64_0p5_0p02_0048_0013.uasset" 6861
"../../../Engine/Content/EngineMaterials/Substrate/GLints/dict_16_192_64_0p5_0p02_0049_0005.uasset" 6862
"../../../Engine/Content/EngineMaterials/Substrate/GLints/dict_16_192_64_0p5_0p02_0049_0001.uasset" 6863
"../../../Engine/Content/EngineMaterials/Substrate/GLints/dict_16_192_64_0p5_0p02_0048_0015.uasset" 6864
"../../../Engine/Content/EngineMaterials/Substrate/GLints/dict_16_192_64_0p5_0p02_0049_0004.uasset" 6865
"../../../Engine/Content/EngineMaterials/Substrate/GLints/dict_16_192_64_0p5_0p02_0049_0008.uasset" 6866
"../../../Engine/Content/EngineMaterials/Substrate/GLints/dict_16_192_64_0p5_0p02_0048_0014.uasset" 6867
"../../../Engine/Content/EngineMaterials/Substrate/GLints/dict_16_192_64_0p5_0p02_0049_0013.uasset" 6868
"../../../Engine/Content/EngineMaterials/Substrate/GLints/dict_16_192_64_0p5_0p02_0049_0012.uasset" 6869
"../../../Engine/Content/EngineMaterials/Substrate/GLints/dict_16_192_64_0p5_0p02_0049_0006.uasset" 6870
"../../../Engine/Content/EngineMaterials/Substrate/GLints/dict_16_192_64_0p5_0p02_0049_0015.uasset" 6871
"/Engine/EngineMaterials/Substrate/GLints/dict_16_192_64_0p5_0p02_0049_0015" 6872
"/Engine/EngineMaterials/Substrate/GLints/dict_16_192_64_0p5_0p02_0049_0013" 6873
"/Engine/EngineMaterials/Substrate/GLints/dict_16_192_64_0p5_0p02_0049_0012" 6874
"/Engine/EngineMaterials/Substrate/GLints/dict_16_192_64_0p5_0p02_0049_0011" 6875
"/Engine/EngineMaterials/Substrate/GLints/dict_16_192_64_0p5_0p02_0049_0010" 6876
"/Engine/EngineMaterials/Substrate/GLints/dict_16_192_64_0p5_0p02_0049_0009" 6877
"/Engine/EngineMaterials/Substrate/GLints/dict_16_192_64_0p5_0p02_0049_0008" 6878
"../../../Engine/Content/EngineMaterials/Substrate/GLints/dict_16_192_64_0p5_0p02_0050_0002.uasset" 6879
"/Engine/EngineMaterials/Substrate/GLints/dict_16_192_64_0p5_0p02_0049_0007" 6880
"/Engine/EngineMaterials/Substrate/GLints/dict_16_192_64_0p5_0p02_0049_0006" 6881
"/Engine/EngineMaterials/Substrate/GLints/dict_16_192_64_0p5_0p02_0049_0005" 6882
"/Engine/EngineMaterials/Substrate/GLints/dict_16_192_64_0p5_0p02_0049_0004" 6883
"/Engine/EngineMaterials/Substrate/GLints/dict_16_192_64_0p5_0p02_0049_0003" 6884
"/Engine/EngineMaterials/Substrate/GLints/dict_16_192_64_0p5_0p02_0049_0002" 6885
"/Engine/EngineMaterials/Substrate/GLints/dict_16_192_64_0p5_0p02_0049_0001" 6886
"/Engine/EngineMaterials/Substrate/GLints/dict_16_192_64_0p5_0p02_0049_0000" 6887
"../../../Engine/Content/EngineMaterials/Substrate/GLints/dict_16_192_64_0p5_0p02_0050_0005.uasset" 6888
"/Engine/EngineMaterials/Substrate/GLints/dict_16_192_64_0p5_0p02_0048_0015" 6889
"/Engine/EngineMaterials/Substrate/GLints/dict_16_192_64_0p5_0p02_0048_0014" 6890
"/Engine/EngineMaterials/Substrate/GLints/dict_16_192_64_0p5_0p02_0048_0013" 6891
"/Engine/EngineMaterials/Substrate/GLints/dict_16_192_64_0p5_0p02_0048_0012" 6892
"/Engine/EngineMaterials/Substrate/GLints/dict_16_192_64_0p5_0p02_0048_0011" 6893
"/Engine/EngineMaterials/Substrate/GLints/dict_16_192_64_0p5_0p02_0050_0005" 6894
"/Engine/EngineMaterials/Substrate/GLints/dict_16_192_64_0p5_0p02_0050_0002" 6895
"../../../Engine/Content/EngineMaterials/Substrate/GLints/dict_16_192_64_0p5_0p02_0050_0001.uasset" 6896
"../../../Engine/Content/EngineMaterials/Substrate/GLints/dict_16_192_64_0p5_0p02_0049_0014.uasset" 6897
"../../../Engine/Content/EngineMaterials/Substrate/GLints/dict_16_192_64_0p5_0p02_0050_0003.uasset" 6898
"../../../Engine/Content/EngineMaterials/Substrate/GLints/dict_16_192_64_0p5_0p02_0050_0004.uasset" 6899
"../../../Engine/Content/EngineMaterials/Substrate/GLints/dict_16_192_64_0p5_0p02_0050_0006.uasset" 6900
"/Engine/EngineMaterials/Substrate/GLints/dict_16_192_64_0p5_0p02_0050_0006" 6901
"/Engine/EngineMaterials/Substrate/GLints/dict_16_192_64_0p5_0p02_0050_0004" 6902
"/Engine/EngineMaterials/Substrate/GLints/dict_16_192_64_0p5_0p02_0050_0003" 6903
"/Engine/EngineMaterials/Substrate/GLints/dict_16_192_64_0p5_0p02_0050_0001" 6904
"../../../Engine/Content/EngineMaterials/Substrate/GLints/dict_16_192_64_0p5_0p02_0050_0007.uasset" 6905
"/Engine/EngineMaterials/Substrate/GLints/dict_16_192_64_0p5_0p02_0049_0014" 6906
"/Engine/EngineMaterials/Substrate/GLints/dict_16_192_64_0p5_0p02_0050_0007" 6907
"../../../Engine/Content/EngineMaterials/Substrate/GLints/dict_16_192_64_0p5_0p02_0050_0000.uasset" 6908
"/Engine/EngineMaterials/Substrate/GLints/dict_16_192_64_0p5_0p02_0050_0000" 6909
"../../../Engine/Content/EngineMaterials/Substrate/GLints/dict_16_192_64_0p5_0p02_0050_0009.uasset" 6910
"/Engine/EngineMaterials/Substrate/GLints/dict_16_192_64_0p5_0p02_0050_0009" 6911
"../../../Engine/Content/EngineMaterials/Substrate/GLints/dict_16_192_64_0p5_0p02_0050_0012.uasset" 6912
"../../../Engine/Content/EngineMaterials/Substrate/GLints/dict_16_192_64_0p5_0p02_0050_0008.uasset" 6913
"../../../Engine/Content/EngineMaterials/Substrate/GLints/dict_16_192_64_0p5_0p02_0050_0010.uasset" 6914
"../../../Engine/Content/EngineMaterials/Substrate/GLints/dict_16_192_64_0p5_0p02_0050_0014.uasset" 6915
"/Engine/EngineMaterials/Substrate/GLints/dict_16_192_64_0p5_0p02_0050_0008" 6916
"../../../Engine/Content/EngineMaterials/Substrate/GLints/dict_16_192_64_0p5_0p02_0051_0002.uasset" 6917
"/Engine/EngineMaterials/Substrate/GLints/dict_16_192_64_0p5_0p02_0050_0010" 6918
"../../../Engine/Content/EngineMaterials/Substrate/GLints/dict_16_192_64_0p5_0p02_0051_0001.uasset" 6919
"/Engine/EngineMaterials/Substrate/GLints/dict_16_192_64_0p5_0p02_0050_0014" 6920
"/Engine/EngineMaterials/Substrate/GLints/dict_16_192_64_0p5_0p02_0050_0012" 6921
"/Engine/EngineMaterials/Substrate/GLints/dict_16_192_64_0p5_0p02_0051_0002" 6922
"/Engine/EngineMaterials/Substrate/GLints/dict_16_192_64_0p5_0p02_0051_0001" 6923
"../../../Engine/Content/EngineMaterials/Substrate/GLints/dict_16_192_64_0p5_0p02_0051_0005.uasset" 6924
"../../../Engine/Content/EngineMaterials/Substrate/GLints/dict_16_192_64_0p5_0p02_0051_0000.uasset" 6925
"../../../Engine/Content/EngineMaterials/Substrate/GLints/dict_16_192_64_0p5_0p02_0050_0013.uasset" 6926
"../../../Engine/Content/EngineMaterials/Substrate/GLints/dict_16_192_64_0p5_0p02_0051_0003.uasset" 6927
"../../../Engine/Content/EngineMaterials/Substrate/GLints/dict_16_192_64_0p5_0p02_0050_0011.uasset" 6928
"../../../Engine/Content/EngineMaterials/Substrate/GLints/dict_16_192_64_0p5_0p02_0051_0004.uasset" 6929
"../../../Engine/Content/EngineMaterials/Substrate/GLints/dict_16_192_64_0p5_0p02_0050_0015.uasset" 6930
"/Engine/EngineMaterials/Substrate/GLints/dict_16_192_64_0p5_0p02_0051_0005" 6931
"/Engine/EngineMaterials/Substrate/GLints/dict_16_192_64_0p5_0p02_0051_0004" 6932
"/Engine/EngineMaterials/Substrate/GLints/dict_16_192_64_0p5_0p02_0051_0003" 6933
"/Engine/EngineMaterials/Substrate/GLints/dict_16_192_64_0p5_0p02_0051_0000" 6934
"/Engine/EngineMaterials/Substrate/GLints/dict_16_192_64_0p5_0p02_0050_0015" 6935
"/Engine/EngineMaterials/Substrate/GLints/dict_16_192_64_0p5_0p02_0050_0013" 6936
"/Engine/EngineMaterials/Substrate/GLints/dict_16_192_64_0p5_0p02_0050_0011" 6937
"../../../Engine/Content/EngineMaterials/Substrate/GLints/dict_16_192_64_0p5_0p02_0051_0007.uasset" 6938
"/Engine/EngineMaterials/Substrate/GLints/dict_16_192_64_0p5_0p02_0051_0007" 6939
"../../../Engine/Content/EngineMaterials/Substrate/GLints/dict_16_192_64_0p5_0p02_0051_0010.uasset" 6940
"../../../Engine/Content/EngineMaterials/Substrate/GLints/dict_16_192_64_0p5_0p02_0051_0006.uasset" 6941
"../../../Engine/Content/EngineMaterials/Substrate/GLints/dict_16_192_64_0p5_0p02_0051_0012.uasset" 6942
"../../../Engine/Content/EngineMaterials/Substrate/GLints/dict_16_192_64_0p5_0p02_0051_0009.uasset" 6943
"../../../Engine/Content/EngineMaterials/Substrate/GLints/dict_16_192_64_0p5_0p02_0051_0008.uasset" 6944
"../../../Engine/Content/EngineMaterials/Substrate/GLints/dict_16_192_64_0p5_0p02_0051_0011.uasset" 6945
"/Engine/EngineMaterials/Substrate/GLints/dict_16_192_64_0p5_0p02_0051_0012" 6946
"/Engine/EngineMaterials/Substrate/GLints/dict_16_192_64_0p5_0p02_0051_0011" 6947
"/Engine/EngineMaterials/Substrate/GLints/dict_16_192_64_0p5_0p02_0051_0010" 6948
"/Engine/EngineMaterials/Substrate/GLints/dict_16_192_64_0p5_0p02_0051_0009" 6949
"/Engine/EngineMaterials/Substrate/GLints/dict_16_192_64_0p5_0p02_0051_0008" 6950
"/Engine/EngineMaterials/Substrate/GLints/dict_16_192_64_0p5_0p02_0051_0006" 6951
"../../../Engine/Content/EngineMaterials/Substrate/GLints/dict_16_192_64_0p5_0p02_0052_0003.uasset" 6952
"../../../Engine/Content/EngineMaterials/Substrate/GLints/dict_16_192_64_0p5_0p02_0052_0001.uasset" 6953
"../../../Engine/Content/EngineMaterials/Substrate/GLints/dict_16_192_64_0p5_0p02_0051_0013.uasset" 6954
"../../../Engine/Content/EngineMaterials/Substrate/GLints/dict_16_192_64_0p5_0p02_0052_0002.uasset" 6955
"../../../Engine/Content/EngineMaterials/Substrate/GLints/dict_16_192_64_0p5_0p02_0051_0014.uasset" 6956
"../../../Engine/Content/EngineMaterials/Substrate/GLints/dict_16_192_64_0p5_0p02_0052_0000.uasset" 6957
"../../../Engine/Content/EngineMaterials/Substrate/GLints/dict_16_192_64_0p5_0p02_0051_0015.uasset" 6958
"/Engine/EngineMaterials/Substrate/GLints/dict_16_192_64_0p5_0p02_0052_0000" 6959
"/Engine/EngineMaterials/Substrate/GLints/dict_16_192_64_0p5_0p02_0052_0003" 6960
"/Engine/EngineMaterials/Substrate/GLints/dict_16_192_64_0p5_0p02_0051_0015" 6961
"/Engine/EngineMaterials/Substrate/GLints/dict_16_192_64_0p5_0p02_0052_0002" 6962
"/Engine/EngineMaterials/Substrate/GLints/dict_16_192_64_0p5_0p02_0051_0014" 6963
"/Engine/EngineMaterials/Substrate/GLints/dict_16_192_64_0p5_0p02_0052_0001" 6964
"/Engine/EngineMaterials/Substrate/GLints/dict_16_192_64_0p5_0p02_0051_0013" 6965
"../../../Engine/Content/EngineMaterials/Substrate/GLints/dict_16_192_64_0p5_0p02_0052_0005.uasset" 6966
"../../../Engine/Content/EngineMaterials/Substrate/GLints/dict_16_192_64_0p5_0p02_0052_0004.uasset" 6967
"/Engine/EngineMaterials/Substrate/GLints/dict_16_192_64_0p5_0p02_0052_0005" 6968
"../../../Engine/Content/EngineMaterials/Substrate/GLints/dict_16_192_64_0p5_0p02_0052_0008.uasset" 6969
"/Engine/EngineMaterials/Substrate/GLints/dict_16_192_64_0p5_0p02_0052_0004" 6970
"/Engine/EngineMaterials/Substrate/GLints/dict_16_192_64_0p5_0p02_0052_0008" 6971
"../../../Engine/Content/EngineMaterials/Substrate/GLints/dict_16_192_64_0p5_0p02_0052_0006.uasset" 6972
"../../../Engine/Content/EngineMaterials/Substrate/GLints/dict_16_192_64_0p5_0p02_0052_0007.uasset" 6973
"../../../Engine/Content/EngineMaterials/Substrate/GLints/dict_16_192_64_0p5_0p02_0052_0014.uasset" 6974
"../../../Engine/Content/EngineMaterials/Substrate/GLints/dict_16_192_64_0p5_0p02_0052_0009.uasset" 6975
"../../../Engine/Content/EngineMaterials/Substrate/GLints/dict_16_192_64_0p5_0p02_0052_0012.uasset" 6976
"../../../Engine/Content/EngineMaterials/Substrate/GLints/dict_16_192_64_0p5_0p02_0052_0013.uasset" 6977
"/Engine/EngineMaterials/Substrate/GLints/dict_16_192_64_0p5_0p02_0052_0012" 6978
"../../../Engine/Content/EngineMaterials/Substrate/GLints/dict_16_192_64_0p5_0p02_0052_0010.uasset" 6979
"/Engine/EngineMaterials/Substrate/GLints/dict_16_192_64_0p5_0p02_0052_0006" 6980
"/Engine/EngineMaterials/Substrate/GLints/dict_16_192_64_0p5_0p02_0052_0007" 6981
"/Engine/EngineMaterials/Substrate/GLints/dict_16_192_64_0p5_0p02_0052_0014" 6982
"/Engine/EngineMaterials/Substrate/GLints/dict_16_192_64_0p5_0p02_0052_0013" 6983
"../../../Engine/Content/EngineMaterials/Substrate/GLints/dict_16_192_64_0p5_0p02_0052_0011.uasset" 6984
"/Engine/EngineMaterials/Substrate/GLints/dict_16_192_64_0p5_0p02_0052_0009" 6985
"../../../Engine/Content/EngineMaterials/Substrate/GLints/dict_16_192_64_0p5_0p02_0052_0015.uasset" 6986
"/Engine/EngineMaterials/Substrate/GLints/dict_16_192_64_0p5_0p02_0052_0011" 6987
"/Engine/EngineMaterials/Substrate/GLints/dict_16_192_64_0p5_0p02_0052_0010" 6988
"/Engine/EngineMaterials/Substrate/GLints/dict_16_192_64_0p5_0p02_0052_0015" 6989
"../../../Engine/Content/EngineMaterials/Substrate/GLints/dict_16_192_64_0p5_0p02_0053_0000.uasset" 6990
"../../../Engine/Content/EngineMaterials/Substrate/GLints/dict_16_192_64_0p5_0p02_0053_0001.uasset" 6991
"/Engine/EngineMaterials/Substrate/GLints/dict_16_192_64_0p5_0p02_0053_0001" 6992
"/Engine/EngineMaterials/Substrate/GLints/dict_16_192_64_0p5_0p02_0053_0000" 6993
"../../../Engine/Content/EngineMaterials/Substrate/GLints/dict_16_192_64_0p5_0p02_0053_0002.uasset" 6994
"../../../Engine/Content/EngineMaterials/Substrate/GLints/dict_16_192_64_0p5_0p02_0053_0006.uasset" 6995
"../../../Engine/Content/EngineMaterials/Substrate/GLints/dict_16_192_64_0p5_0p02_0053_0003.uasset" 6996
"../../../Engine/Content/EngineMaterials/Substrate/GLints/dict_16_192_64_0p5_0p02_0053_0009.uasset" 6997
"/Engine/EngineMaterials/Substrate/GLints/dict_16_192_64_0p5_0p02_0053_0009" 6998
"/Engine/EngineMaterials/Substrate/GLints/dict_16_192_64_0p5_0p02_0053_0006" 6999
"../../../Engine/Content/EngineMaterials/Substrate/GLints/dict_16_192_64_0p5_0p02_0053_0007.uasset" 7000
"/Engine/EngineMaterials/Substrate/GLints/dict_16_192_64_0p5_0p02_0053_0003" 7001
"/Engine/EngineMaterials/Substrate/GLints/dict_16_192_64_0p5_0p02_0053_0002" 7002
"/Engine/EngineMaterials/Substrate/GLints/dict_16_192_64_0p5_0p02_0053_0007" 7003
"../../../Engine/Content/EngineMaterials/Substrate/GLints/dict_16_192_64_0p5_0p02_0053_0008.uasset" 7004
"../../../Engine/Content/EngineMaterials/Substrate/GLints/dict_16_192_64_0p5_0p02_0053_0004.uasset" 7005
"../../../Engine/Content/EngineMaterials/Substrate/GLints/dict_16_192_64_0p5_0p02_0053_0010.uasset" 7006
"/Engine/EngineMaterials/Substrate/GLints/dict_16_192_64_0p5_0p02_0053_0010" 7007
"../../../Engine/Content/EngineMaterials/Substrate/GLints/dict_16_192_64_0p5_0p02_0053_0011.uasset" 7008
"/Engine/EngineMaterials/Substrate/GLints/dict_16_192_64_0p5_0p02_0053_0008" 7009
"../../../Engine/Content/EngineMaterials/Substrate/GLints/dict_16_192_64_0p5_0p02_0053_0013.uasset" 7010
"../../../Engine/Content/EngineMaterials/Substrate/GLints/dict_16_192_64_0p5_0p02_0053_0005.uasset" 7011
"/Engine/EngineMaterials/Substrate/GLints/dict_16_192_64_0p5_0p02_0053_0004" 7012
"/Engine/EngineMaterials/Substrate/GLints/dict_16_192_64_0p5_0p02_0053_0013" 7013
"../../../Engine/Content/EngineMaterials/Substrate/GLints/dict_16_192_64_0p5_0p02_0053_0012.uasset" 7014
"../../../Engine/Content/EngineMaterials/Substrate/GLints/dict_16_192_64_0p5_0p02_0053_0014.uasset" 7015
"/Engine/EngineMaterials/Substrate/GLints/dict_16_192_64_0p5_0p02_0053_0011" 7016
"../../../Engine/Content/EngineMaterials/Substrate/GLints/dict_16_192_64_0p5_0p02_0054_0001.uasset" 7017
"/Engine/EngineMaterials/Substrate/GLints/dict_16_192_64_0p5_0p02_0053_0005" 7018
"/Engine/EngineMaterials/Substrate/GLints/dict_16_192_64_0p5_0p02_0054_0001" 7019
"/Engine/EngineMaterials/Substrate/GLints/dict_16_192_64_0p5_0p02_0053_0014" 7020
"/Engine/EngineMaterials/Substrate/GLints/dict_16_192_64_0p5_0p02_0053_0012" 7021
"../../../Engine/Content/EngineMaterials/Substrate/GLints/dict_16_192_64_0p5_0p02_0054_0000.uasset" 7022
"../../../Engine/Content/EngineMaterials/Substrate/GLints/dict_16_192_64_0p5_0p02_0053_0015.uasset" 7023
"../../../Engine/Content/EngineMaterials/Substrate/GLints/dict_16_192_64_0p5_0p02_0054_0002.uasset" 7024
"../../../Engine/Content/EngineMaterials/Substrate/GLints/dict_16_192_64_0p5_0p02_0054_0003.uasset" 7025
"../../../Engine/Content/EngineMaterials/Substrate/GLints/dict_16_192_64_0p5_0p02_0054_0006.uasset" 7026
"../../../Engine/Content/EngineMaterials/Substrate/GLints/dict_16_192_64_0p5_0p02_0054_0004.uasset" 7027
"/Engine/EngineMaterials/Substrate/GLints/dict_16_192_64_0p5_0p02_0054_0006" 7028
"/Engine/EngineMaterials/Substrate/GLints/dict_16_192_64_0p5_0p02_0054_0003" 7029
"../../../Engine/Content/EngineMaterials/Substrate/GLints/dict_16_192_64_0p5_0p02_0054_0007.uasset" 7030
"/Engine/EngineMaterials/Substrate/GLints/dict_16_192_64_0p5_0p02_0054_0004" 7031
"/Engine/EngineMaterials/Substrate/GLints/dict_16_192_64_0p5_0p02_0054_0002" 7032
"/Engine/EngineMaterials/Substrate/GLints/dict_16_192_64_0p5_0p02_0054_0000" 7033
"/Engine/EngineMaterials/Substrate/GLints/dict_16_192_64_0p5_0p02_0053_0015" 7034
"../../../Engine/Content/EngineMaterials/Substrate/GLints/dict_16_192_64_0p5_0p02_0054_0013.uasset" 7035
"/Engine/EngineMaterials/Substrate/GLints/dict_16_192_64_0p5_0p02_0054_0007" 7036
"/Engine/EngineMaterials/Substrate/GLints/dict_16_192_64_0p5_0p02_0054_0013" 7037
"../../../Engine/Content/EngineMaterials/Substrate/GLints/dict_16_192_64_0p5_0p02_0054_0008.uasset" 7038
"../../../Engine/Content/EngineMaterials/Substrate/GLints/dict_16_192_64_0p5_0p02_0054_0005.uasset" 7039
"../../../Engine/Content/EngineMaterials/Substrate/GLints/dict_16_192_64_0p5_0p02_0054_0009.uasset" 7040
"../../../Engine/Content/EngineMaterials/Substrate/GLints/dict_16_192_64_0p5_0p02_0054_0014.uasset" 7041
"../../../Engine/Content/EngineMaterials/Substrate/GLints/dict_16_192_64_0p5_0p02_0054_0010.uasset" 7042
"../../../Engine/Content/EngineMaterials/Substrate/GLints/dict_16_192_64_0p5_0p02_0054_0012.uasset" 7043
"../../../Engine/Content/EngineMaterials/Substrate/GLints/dict_16_192_64_0p5_0p02_0054_0011.uasset" 7044
"../../../Engine/Content/EngineMaterials/Substrate/GLints/dict_16_192_64_0p5_0p02_0055_0000.uasset" 7045
"../../../Engine/Content/EngineMaterials/Substrate/GLints/dict_16_192_64_0p5_0p02_0055_0003.uasset" 7046
"../../../Engine/Content/EngineMaterials/Substrate/GLints/dict_16_192_64_0p5_0p02_0054_0015.uasset" 7047
"../../../Engine/Content/EngineMaterials/Substrate/GLints/dict_16_192_64_0p5_0p02_0055_0002.uasset" 7048
"/Engine/EngineMaterials/Substrate/GLints/dict_16_192_64_0p5_0p02_0054_0012" 7049
"../../../Engine/Content/EngineMaterials/Substrate/GLints/dict_16_192_64_0p5_0p02_0055_0004.uasset" 7050
"/Engine/EngineMaterials/Substrate/GLints/dict_16_192_64_0p5_0p02_0054_0011" 7051
"/Engine/EngineMaterials/Substrate/GLints/dict_16_192_64_0p5_0p02_0054_0005" 7052
"../../../Engine/Content/EngineMaterials/Substrate/GLints/dict_16_192_64_0p5_0p02_0055_0001.uasset" 7053
"/Engine/EngineMaterials/Substrate/GLints/dict_16_192_64_0p5_0p02_0054_0010" 7054
"/Engine/EngineMaterials/Substrate/GLints/dict_16_192_64_0p5_0p02_0054_0015" 7055
"/Engine/EngineMaterials/Substrate/GLints/dict_16_192_64_0p5_0p02_0055_0003" 7056
"/Engine/EngineMaterials/Substrate/GLints/dict_16_192_64_0p5_0p02_0054_0009" 7057
"/Engine/EngineMaterials/Substrate/GLints/dict_16_192_64_0p5_0p02_0054_0008" 7058
"../../../Engine/Content/EngineMaterials/Substrate/GLints/dict_16_192_64_0p5_0p02_0055_0009.uasset" 7059
"/Engine/EngineMaterials/Substrate/GLints/dict_16_192_64_0p5_0p02_0055_0002" 7060
"/Engine/EngineMaterials/Substrate/GLints/dict_16_192_64_0p5_0p02_0054_0014" 7061
"/Engine/EngineMaterials/Substrate/GLints/dict_16_192_64_0p5_0p02_0055_0000" 7062
"../../../Engine/Content/EngineMaterials/Substrate/GLints/dict_16_192_64_0p5_0p02_0055_0008.uasset" 7063
"/Engine/EngineMaterials/Substrate/GLints/dict_16_192_64_0p5_0p02_0055_0009" 7064
"/Engine/EngineMaterials/Substrate/GLints/dict_16_192_64_0p5_0p02_0055_0008" 7065
"../../../Engine/Content/EngineMaterials/Substrate/GLints/dict_16_192_64_0p5_0p02_0055_0006.uasset" 7066
"../../../Engine/Content/EngineMaterials/Substrate/GLints/dict_16_192_64_0p5_0p02_0055_0010.uasset" 7067
"../../../Engine/Content/EngineMaterials/Substrate/GLints/dict_16_192_64_0p5_0p02_0055_0005.uasset" 7068
"/Engine/EngineMaterials/Substrate/GLints/dict_16_192_64_0p5_0p02_0055_0004" 7069
"/Engine/EngineMaterials/Substrate/GLints/dict_16_192_64_0p5_0p02_0055_0001" 7070
"/Engine/EngineMaterials/Substrate/GLints/dict_16_192_64_0p5_0p02_0055_0005" 7071
"/Engine/EngineMaterials/Substrate/GLints/dict_16_192_64_0p5_0p02_0055_0006" 7072
"/Engine/EngineMaterials/Substrate/GLints/dict_16_192_64_0p5_0p02_0055_0010" 7073
"../../../Engine/Content/EngineMaterials/Substrate/GLints/dict_16_192_64_0p5_0p02_0055_0012.uasset" 7074
"../../../Engine/Content/EngineMaterials/Substrate/GLints/dict_16_192_64_0p5_0p02_0055_0011.uasset" 7075
"../../../Engine/Content/EngineMaterials/Substrate/GLints/dict_16_192_64_0p5_0p02_0055_0007.uasset" 7076
"../../../Engine/Content/EngineMaterials/Substrate/GLints/dict_16_192_64_0p5_0p02_0055_0013.uasset" 7077
"../../../Engine/Content/EngineMaterials/Substrate/GLints/dict_16_192_64_0p5_0p02_0055_0015.uasset" 7078
"../../../Engine/Content/EngineMaterials/Substrate/GLints/dict_16_192_64_0p5_0p02_0056_0000.uasset" 7079
"../../../Engine/Content/EngineMaterials/Substrate/GLints/dict_16_192_64_0p5_0p02_0055_0014.uasset" 7080
"/Engine/EngineMaterials/Substrate/GLints/dict_16_192_64_0p5_0p02_0055_0015" 7081
"../../../Engine/Content/EngineMaterials/Substrate/GLints/dict_16_192_64_0p5_0p02_0056_0001.uasset" 7082
"/Engine/EngineMaterials/Substrate/GLints/dict_16_192_64_0p5_0p02_0056_0000" 7083
"/Engine/EngineMaterials/Substrate/GLints/dict_16_192_64_0p5_0p02_0055_0014" 7084
"/Engine/EngineMaterials/Substrate/GLints/dict_16_192_64_0p5_0p02_0055_0012" 7085
"../../../Engine/Content/EngineMaterials/Substrate/GLints/dict_16_192_64_0p5_0p02_0056_0002.uasset" 7086
"../../../Engine/Content/EngineMaterials/Substrate/GLints/dict_16_192_64_0p5_0p02_0056_0003.uasset" 7087
"/Engine/EngineMaterials/Substrate/GLints/dict_16_192_64_0p5_0p02_0055_0013" 7088
"/Engine/EngineMaterials/Substrate/GLints/dict_16_192_64_0p5_0p02_0055_0011" 7089
"/Engine/EngineMaterials/Substrate/GLints/dict_16_192_64_0p5_0p02_0055_0007" 7090
"../../../Engine/Content/EngineMaterials/Substrate/GLints/dict_16_192_64_0p5_0p02_0056_0004.uasset" 7091
"/Engine/EngineMaterials/Substrate/GLints/dict_16_192_64_0p5_0p02_0056_0004" 7092
"/Engine/EngineMaterials/Substrate/GLints/dict_16_192_64_0p5_0p02_0056_0003" 7093
"/Engine/EngineMaterials/Substrate/GLints/dict_16_192_64_0p5_0p02_0056_0002" 7094
"../../../Engine/Content/EngineMaterials/Substrate/GLints/dict_16_192_64_0p5_0p02_0056_0007.uasset" 7095
"/Engine/EngineMaterials/Substrate/GLints/dict_16_192_64_0p5_0p02_0056_0001" 7096
"/Engine/EngineMaterials/Substrate/GLints/dict_16_192_64_0p5_0p02_0056_0007" 7097
"../../../Engine/Content/EngineMaterials/Substrate/GLints/dict_16_192_64_0p5_0p02_0056_0005.uasset" 7098
"../../../Engine/Content/EngineMaterials/Substrate/GLints/dict_16_192_64_0p5_0p02_0056_0006.uasset" 7099
"../../../Engine/Content/EngineMaterials/Substrate/GLints/dict_16_192_64_0p5_0p02_0056_0008.uasset" 7100
"../../../Engine/Content/EngineMaterials/Substrate/GLints/dict_16_192_64_0p5_0p02_0056_0009.uasset" 7101
"../../../Engine/Content/EngineMaterials/Substrate/GLints/dict_16_192_64_0p5_0p02_0056_0013.uasset" 7102
"../../../Engine/Content/EngineMaterials/Substrate/GLints/dict_16_192_64_0p5_0p02_0056_0011.uasset" 7103
"../../../Engine/Content/EngineMaterials/Substrate/GLints/dict_16_192_64_0p5_0p02_0056_0014.uasset" 7104
"../../../Engine/Content/EngineMaterials/Substrate/GLints/dict_16_192_64_0p5_0p02_0056_0012.uasset" 7105
"../../../Engine/Content/EngineMaterials/Substrate/GLints/dict_16_192_64_0p5_0p02_0056_0010.uasset" 7106
"/Engine/EngineMaterials/Substrate/GLints/dict_16_192_64_0p5_0p02_0056_0005" 7107
"../../../Engine/Content/EngineMaterials/Substrate/GLints/dict_16_192_64_0p5_0p02_0056_0015.uasset" 7108
"/Engine/EngineMaterials/Substrate/GLints/dict_16_192_64_0p5_0p02_0056_0014" 7109
"/Engine/EngineMaterials/Substrate/GLints/dict_16_192_64_0p5_0p02_0056_0013" 7110
"/Engine/EngineMaterials/Substrate/GLints/dict_16_192_64_0p5_0p02_0056_0012" 7111
"/Engine/EngineMaterials/Substrate/GLints/dict_16_192_64_0p5_0p02_0056_0011" 7112
"/Engine/EngineMaterials/Substrate/GLints/dict_16_192_64_0p5_0p02_0056_0010" 7113
"/Engine/EngineMaterials/Substrate/GLints/dict_16_192_64_0p5_0p02_0056_0009" 7114
"/Engine/EngineMaterials/Substrate/GLints/dict_16_192_64_0p5_0p02_0056_0008" 7115
"/Engine/EngineMaterials/Substrate/GLints/dict_16_192_64_0p5_0p02_0056_0006" 7116
"../../../Engine/Content/EngineMaterials/Substrate/GLints/dict_16_192_64_0p5_0p02_0057_0000.uasset" 7117
"/Engine/EngineMaterials/Substrate/GLints/dict_16_192_64_0p5_0p02_0056_0015" 7118
"../../../Engine/Content/EngineMaterials/Substrate/GLints/dict_16_192_64_0p5_0p02_0057_0001.uasset" 7119
"../../../Engine/Content/EngineMaterials/Substrate/GLints/dict_16_192_64_0p5_0p02_0057_0003.uasset" 7120
"../../../Engine/Content/EngineMaterials/Substrate/GLints/dict_16_192_64_0p5_0p02_0057_0002.uasset" 7121
"../../../Engine/Content/EngineMaterials/Substrate/GLints/dict_16_192_64_0p5_0p02_0057_0004.uasset" 7122
"../../../Engine/Content/EngineMaterials/Substrate/GLints/dict_16_192_64_0p5_0p02_0057_0006.uasset" 7123
"../../../Engine/Content/EngineMaterials/Substrate/GLints/dict_16_192_64_0p5_0p02_0057_0007.uasset" 7124
"../../../Engine/Content/EngineMaterials/Substrate/GLints/dict_16_192_64_0p5_0p02_0057_0010.uasset" 7125
"../../../Engine/Content/EngineMaterials/Substrate/GLints/dict_16_192_64_0p5_0p02_0057_0008.uasset" 7126
"../../../Engine/Content/EngineMaterials/Substrate/GLints/dict_16_192_64_0p5_0p02_0057_0009.uasset" 7127
"../../../Engine/Content/EngineMaterials/Substrate/GLints/dict_16_192_64_0p5_0p02_0057_0011.uasset" 7128
"../../../Engine/Content/EngineMaterials/Substrate/GLints/dict_16_192_64_0p5_0p02_0057_0012.uasset" 7129
"/Engine/EngineMaterials/Substrate/GLints/dict_16_192_64_0p5_0p02_0057_0002" 7130
"/Engine/EngineMaterials/Substrate/GLints/dict_16_192_64_0p5_0p02_0057_0001" 7131
"/Engine/EngineMaterials/Substrate/GLints/dict_16_192_64_0p5_0p02_0057_0000" 7132
"/Engine/EngineMaterials/Substrate/GLints/dict_16_192_64_0p5_0p02_0057_0012" 7133
"../../../Engine/Content/EngineMaterials/Substrate/GLints/dict_16_192_64_0p5_0p02_0057_0005.uasset" 7134
"/Engine/EngineMaterials/Substrate/GLints/dict_16_192_64_0p5_0p02_0057_0011" 7135
"/Engine/EngineMaterials/Substrate/GLints/dict_16_192_64_0p5_0p02_0057_0006" 7136
"/Engine/EngineMaterials/Substrate/GLints/dict_16_192_64_0p5_0p02_0057_0009" 7137
"/Engine/EngineMaterials/Substrate/GLints/dict_16_192_64_0p5_0p02_0057_0004" 7138
"../../../Engine/Content/EngineMaterials/Substrate/GLints/dict_16_192_64_0p5_0p02_0057_0013.uasset" 7139
"/Engine/EngineMaterials/Substrate/GLints/dict_16_192_64_0p5_0p02_0057_0008" 7140
"/Engine/EngineMaterials/Substrate/GLints/dict_16_192_64_0p5_0p02_0057_0007" 7141
"/Engine/EngineMaterials/Substrate/GLints/dict_16_192_64_0p5_0p02_0057_0010" 7142
"/Engine/EngineMaterials/Substrate/GLints/dict_16_192_64_0p5_0p02_0057_0003" 7143
"/Engine/EngineMaterials/Substrate/GLints/dict_16_192_64_0p5_0p02_0057_0013" 7144
"../../../Engine/Content/EngineMaterials/Substrate/GLints/dict_16_192_64_0p5_0p02_0057_0014.uasset" 7145
"/Engine/EngineMaterials/Substrate/GLints/dict_16_192_64_0p5_0p02_0057_0005" 7146
"/Engine/EngineMaterials/Substrate/GLints/dict_16_192_64_0p5_0p02_0057_0014" 7147
"../../../Engine/Content/EngineMaterials/Substrate/GLints/dict_16_192_64_0p5_0p02_0058_0001.uasset" 7148
"../../../Engine/Content/EngineMaterials/Substrate/GLints/dict_16_192_64_0p5_0p02_0057_0015.uasset" 7149
"../../../Engine/Content/EngineMaterials/Substrate/GLints/dict_16_192_64_0p5_0p02_0058_0000.uasset" 7150
"../../../Engine/Content/EngineMaterials/Substrate/GLints/dict_16_192_64_0p5_0p02_0058_0003.uasset" 7151
"../../../Engine/Content/EngineMaterials/Substrate/GLints/dict_16_192_64_0p5_0p02_0058_0005.uasset" 7152
"../../../Engine/Content/EngineMaterials/Substrate/GLints/dict_16_192_64_0p5_0p02_0058_0004.uasset" 7153
"../../../Engine/Content/EngineMaterials/Substrate/GLints/dict_16_192_64_0p5_0p02_0058_0006.uasset" 7154
"../../../Engine/Content/EngineMaterials/Substrate/GLints/dict_16_192_64_0p5_0p02_0058_0007.uasset" 7155
"../../../Engine/Content/EngineMaterials/Substrate/GLints/dict_16_192_64_0p5_0p02_0058_0002.uasset" 7156
"../../../Engine/Content/EngineMaterials/Substrate/GLints/dict_16_192_64_0p5_0p02_0058_0009.uasset" 7157
"../../../Engine/Content/EngineMaterials/Substrate/GLints/dict_16_192_64_0p5_0p02_0058_0008.uasset" 7158
"/Engine/EngineMaterials/Substrate/GLints/dict_16_192_64_0p5_0p02_0058_0004" 7159
"/Engine/EngineMaterials/Substrate/GLints/dict_16_192_64_0p5_0p02_0058_0003" 7160
"../../../Engine/Content/EngineMaterials/Substrate/GLints/dict_16_192_64_0p5_0p02_0058_0010.uasset" 7161
"/Engine/EngineMaterials/Substrate/GLints/dict_16_192_64_0p5_0p02_0058_0002" 7162
"/Engine/EngineMaterials/Substrate/GLints/dict_16_192_64_0p5_0p02_0058_0000" 7163
"/Engine/EngineMaterials/Substrate/GLints/dict_16_192_64_0p5_0p02_0058_0001" 7164
"/Engine/EngineMaterials/Substrate/GLints/dict_16_192_64_0p5_0p02_0057_0015" 7165
"/Engine/EngineMaterials/Substrate/GLints/dict_16_192_64_0p5_0p02_0058_0009" 7166
"/Engine/EngineMaterials/Substrate/GLints/dict_16_192_64_0p5_0p02_0058_0008" 7167
"/Engine/EngineMaterials/Substrate/GLints/dict_16_192_64_0p5_0p02_0058_0007" 7168
"/Engine/EngineMaterials/Substrate/GLints/dict_16_192_64_0p5_0p02_0058_0005" 7169
"/Engine/EngineMaterials/Substrate/GLints/dict_16_192_64_0p5_0p02_0058_0006" 7170
"../../../Engine/Content/EngineMaterials/Substrate/GLints/dict_16_192_64_0p5_0p02_0058_0011.uasset" 7171
"/Engine/EngineMaterials/Substrate/GLints/dict_16_192_64_0p5_0p02_0058_0010" 7172
"/Engine/EngineMaterials/Substrate/GLints/dict_16_192_64_0p5_0p02_0058_0011" 7173
"../../../Engine/Content/EngineMaterials/Substrate/GLints/dict_16_192_64_0p5_0p02_0058_0012.uasset" 7174
"../../../Engine/Content/EngineMaterials/Substrate/GLints/dict_16_192_64_0p5_0p02_0058_0013.uasset" 7175
"../../../Engine/Content/EngineMaterials/Substrate/GLints/dict_16_192_64_0p5_0p02_0058_0014.uasset" 7176
"../../../Engine/Content/EngineMaterials/Substrate/GLints/dict_16_192_64_0p5_0p02_0059_0000.uasset" 7177
"../../../Engine/Content/EngineMaterials/Substrate/GLints/dict_16_192_64_0p5_0p02_0058_0015.uasset" 7178
"../../../Engine/Content/EngineMaterials/Substrate/GLints/dict_16_192_64_0p5_0p02_0059_0001.uasset" 7179
"../../../Engine/Content/EngineMaterials/Substrate/GLints/dict_16_192_64_0p5_0p02_0059_0002.uasset" 7180
"../../../Engine/Content/EngineMaterials/Substrate/GLints/dict_16_192_64_0p5_0p02_0059_0003.uasset" 7181
"../../../Engine/Content/EngineMaterials/Substrate/GLints/dict_16_192_64_0p5_0p02_0059_0004.uasset" 7182
"../../../Engine/Content/EngineMaterials/Substrate/GLints/dict_16_192_64_0p5_0p02_0059_0005.uasset" 7183
"/Engine/EngineMaterials/Substrate/GLints/dict_16_192_64_0p5_0p02_0058_0014" 7184
"/Engine/EngineMaterials/Substrate/GLints/dict_16_192_64_0p5_0p02_0058_0015" 7185
"/Engine/EngineMaterials/Substrate/GLints/dict_16_192_64_0p5_0p02_0059_0005" 7186
"/Engine/EngineMaterials/Substrate/GLints/dict_16_192_64_0p5_0p02_0059_0004" 7187
"../../../Engine/Content/EngineMaterials/Substrate/GLints/dict_16_192_64_0p5_0p02_0059_0007.uasset" 7188
"../../../Engine/Content/EngineMaterials/Substrate/GLints/dict_16_192_64_0p5_0p02_0059_0008.uasset" 7189
"/Engine/EngineMaterials/Substrate/GLints/dict_16_192_64_0p5_0p02_0059_0003" 7190
"/Engine/EngineMaterials/Substrate/GLints/dict_16_192_64_0p5_0p02_0058_0013" 7191
"/Engine/EngineMaterials/Substrate/GLints/dict_16_192_64_0p5_0p02_0059_0002" 7192
"../../../Engine/Content/EngineMaterials/Substrate/GLints/dict_16_192_64_0p5_0p02_0059_0006.uasset" 7193
"/Engine/EngineMaterials/Substrate/GLints/dict_16_192_64_0p5_0p02_0059_0001" 7194
"/Engine/EngineMaterials/Substrate/GLints/dict_16_192_64_0p5_0p02_0058_0012" 7195
"/Engine/EngineMaterials/Substrate/GLints/dict_16_192_64_0p5_0p02_0059_0000" 7196
"/Engine/EngineMaterials/Substrate/GLints/dict_16_192_64_0p5_0p02_0059_0008" 7197
"/Engine/EngineMaterials/Substrate/GLints/dict_16_192_64_0p5_0p02_0059_0007" 7198
"/Engine/EngineMaterials/Substrate/GLints/dict_16_192_64_0p5_0p02_0059_0006" 7199
"../../../Engine/Content/EngineMaterials/Substrate/GLints/dict_16_192_64_0p5_0p02_0059_0009.uasset" 7200
"../../../Engine/Content/EngineMaterials/Substrate/GLints/dict_16_192_64_0p5_0p02_0059_0011.uasset" 7201
"../../../Engine/Content/EngineMaterials/Substrate/GLints/dict_16_192_64_0p5_0p02_0059_0010.uasset" 7202
"../../../Engine/Content/EngineMaterials/Substrate/GLints/dict_16_192_64_0p5_0p02_0059_0013.uasset" 7203
"../../../Engine/Content/EngineMaterials/Substrate/GLints/dict_16_192_64_0p5_0p02_0059_0014.uasset" 7204
"../../../Engine/Content/EngineMaterials/Substrate/GLints/dict_16_192_64_0p5_0p02_0059_0012.uasset" 7205
"../../../Engine/Content/EngineMaterials/Substrate/GLints/dict_16_192_64_0p5_0p02_0059_0015.uasset" 7206
"../../../Engine/Content/EngineMaterials/Substrate/GLints/dict_16_192_64_0p5_0p02_0060_0000.uasset" 7207
"../../../Engine/Content/EngineMaterials/Substrate/GLints/dict_16_192_64_0p5_0p02_0060_0002.uasset" 7208
"../../../Engine/Content/EngineMaterials/Substrate/GLints/dict_16_192_64_0p5_0p02_0060_0001.uasset" 7209
"/Engine/EngineMaterials/Substrate/GLints/dict_16_192_64_0p5_0p02_0059_0011" 7210
"/Engine/EngineMaterials/Substrate/GLints/dict_16_192_64_0p5_0p02_0059_0010" 7211
"/Engine/EngineMaterials/Substrate/GLints/dict_16_192_64_0p5_0p02_0059_0009" 7212
"/Engine/EngineMaterials/Substrate/GLints/dict_16_192_64_0p5_0p02_0059_0014" 7213
"/Engine/EngineMaterials/Substrate/GLints/dict_16_192_64_0p5_0p02_0059_0013" 7214
"/Engine/EngineMaterials/Substrate/GLints/dict_16_192_64_0p5_0p02_0059_0012" 7215
"/Engine/EngineMaterials/Substrate/GLints/dict_16_192_64_0p5_0p02_0060_0002" 7216
"../../../Engine/Content/EngineMaterials/Substrate/GLints/dict_16_192_64_0p5_0p02_0060_0004.uasset" 7217
"/Engine/EngineMaterials/Substrate/GLints/dict_16_192_64_0p5_0p02_0060_0001" 7218
"/Engine/EngineMaterials/Substrate/GLints/dict_16_192_64_0p5_0p02_0060_0000" 7219
"../../../Engine/Content/EngineMaterials/Substrate/GLints/dict_16_192_64_0p5_0p02_0060_0003.uasset" 7220
"/Engine/EngineMaterials/Substrate/GLints/dict_16_192_64_0p5_0p02_0059_0015" 7221
"/Engine/EngineMaterials/Substrate/GLints/dict_16_192_64_0p5_0p02_0060_0004" 7222
"../../../Engine/Content/EngineMaterials/Substrate/GLints/dict_16_192_64_0p5_0p02_0060_0005.uasset" 7223
"/Engine/EngineMaterials/Substrate/GLints/dict_16_192_64_0p5_0p02_0060_0003" 7224
"/Engine/EngineMaterials/Substrate/GLints/dict_16_192_64_0p5_0p02_0060_0005" 7225
"../../../Engine/Content/EngineMaterials/Substrate/GLints/dict_16_192_64_0p5_0p02_0060_0008.uasset" 7226
"../../../Engine/Content/EngineMaterials/Substrate/GLints/dict_16_192_64_0p5_0p02_0060_0006.uasset" 7227
"../../../Engine/Content/EngineMaterials/Substrate/GLints/dict_16_192_64_0p5_0p02_0060_0012.uasset" 7228
"../../../Engine/Content/EngineMaterials/Substrate/GLints/dict_16_192_64_0p5_0p02_0060_0010.uasset" 7229
"../../../Engine/Content/EngineMaterials/Substrate/GLints/dict_16_192_64_0p5_0p02_0060_0007.uasset" 7230
"../../../Engine/Content/EngineMaterials/Substrate/GLints/dict_16_192_64_0p5_0p02_0060_0009.uasset" 7231
"../../../Engine/Content/EngineMaterials/Substrate/GLints/dict_16_192_64_0p5_0p02_0060_0014.uasset" 7232
"../../../Engine/Content/EngineMaterials/Substrate/GLints/dict_16_192_64_0p5_0p02_0060_0013.uasset" 7233
"../../../Engine/Content/EngineMaterials/Substrate/GLints/dict_16_192_64_0p5_0p02_0060_0011.uasset" 7234
"../../../Engine/Content/EngineMaterials/Substrate/GLints/dict_16_192_64_0p5_0p02_0060_0015.uasset" 7235
"../../../Engine/Content/EngineMaterials/Substrate/GLints/dict_16_192_64_0p5_0p02_0061_0000.uasset" 7236
"/Engine/EngineMaterials/Substrate/GLints/dict_16_192_64_0p5_0p02_0060_0009" 7237
"/Engine/EngineMaterials/Substrate/GLints/dict_16_192_64_0p5_0p02_0060_0008" 7238
"/Engine/EngineMaterials/Substrate/GLints/dict_16_192_64_0p5_0p02_0060_0007" 7239
"/Engine/EngineMaterials/Substrate/GLints/dict_16_192_64_0p5_0p02_0060_0006" 7240
"/Engine/EngineMaterials/Substrate/GLints/dict_16_192_64_0p5_0p02_0061_0000" 7241
"/Engine/EngineMaterials/Substrate/GLints/dict_16_192_64_0p5_0p02_0060_0015" 7242
"/Engine/EngineMaterials/Substrate/GLints/dict_16_192_64_0p5_0p02_0060_0014" 7243
"/Engine/EngineMaterials/Substrate/GLints/dict_16_192_64_0p5_0p02_0060_0013" 7244
"../../../Engine/Content/EngineMaterials/Substrate/GLints/dict_16_192_64_0p5_0p02_0061_0003.uasset" 7245
"/Engine/EngineMaterials/Substrate/GLints/dict_16_192_64_0p5_0p02_0060_0011" 7246
"/Engine/EngineMaterials/Substrate/GLints/dict_16_192_64_0p5_0p02_0060_0010" 7247
"/Engine/EngineMaterials/Substrate/GLints/dict_16_192_64_0p5_0p02_0060_0012" 7248
"/Engine/EngineMaterials/Substrate/GLints/dict_16_192_64_0p5_0p02_0061_0003" 7249
"../../../Engine/Content/EngineMaterials/Substrate/GLints/dict_16_192_64_0p5_0p02_0061_0001.uasset" 7250
"../../../Engine/Content/EngineMaterials/Substrate/GLints/dict_16_192_64_0p5_0p02_0061_0002.uasset" 7251
"/Engine/EngineMaterials/Substrate/GLints/dict_16_192_64_0p5_0p02_0061_0002" 7252
"/Engine/EngineMaterials/Substrate/GLints/dict_16_192_64_0p5_0p02_0061_0001" 7253
"../../../Engine/Content/EngineMaterials/Substrate/GLints/dict_16_192_64_0p5_0p02_0061_0006.uasset" 7254
"../../../Engine/Content/EngineMaterials/Substrate/GLints/dict_16_192_64_0p5_0p02_0061_0009.uasset" 7255
"../../../Engine/Content/EngineMaterials/Substrate/GLints/dict_16_192_64_0p5_0p02_0061_0005.uasset" 7256
"../../../Engine/Content/EngineMaterials/Substrate/GLints/dict_16_192_64_0p5_0p02_0061_0007.uasset" 7257
"../../../Engine/Content/EngineMaterials/Substrate/GLints/dict_16_192_64_0p5_0p02_0061_0011.uasset" 7258
"../../../Engine/Content/EngineMaterials/Substrate/GLints/dict_16_192_64_0p5_0p02_0061_0008.uasset" 7259
"../../../Engine/Content/EngineMaterials/Substrate/GLints/dict_16_192_64_0p5_0p02_0061_0004.uasset" 7260
"../../../Engine/Content/EngineMaterials/Substrate/GLints/dict_16_192_64_0p5_0p02_0061_0010.uasset" 7261
"../../../Engine/Content/EngineMaterials/Substrate/GLints/dict_16_192_64_0p5_0p02_0061_0013.uasset" 7262
"../../../Engine/Content/EngineMaterials/Substrate/GLints/dict_16_192_64_0p5_0p02_0061_0012.uasset" 7263
"../../../Engine/Content/EngineMaterials/Substrate/GLints/dict_16_192_64_0p5_0p02_0061_0014.uasset" 7264
"/Engine/EngineMaterials/Substrate/GLints/dict_16_192_64_0p5_0p02_0061_0005" 7265
"/Engine/EngineMaterials/Substrate/GLints/dict_16_192_64_0p5_0p02_0061_0004" 7266
"/Engine/EngineMaterials/Substrate/GLints/dict_16_192_64_0p5_0p02_0061_0008" 7267
"/Engine/EngineMaterials/Substrate/GLints/dict_16_192_64_0p5_0p02_0061_0007" 7268
"/Engine/EngineMaterials/Substrate/GLints/dict_16_192_64_0p5_0p02_0061_0006" 7269
"/Engine/EngineMaterials/Substrate/GLints/dict_16_192_64_0p5_0p02_0061_0013" 7270
"/Engine/EngineMaterials/Substrate/GLints/dict_16_192_64_0p5_0p02_0061_0012" 7271
"/Engine/EngineMaterials/Substrate/GLints/dict_16_192_64_0p5_0p02_0061_0011" 7272
"/Engine/EngineMaterials/Substrate/GLints/dict_16_192_64_0p5_0p02_0061_0010" 7273
"/Engine/EngineMaterials/Substrate/GLints/dict_16_192_64_0p5_0p02_0061_0009" 7274
"../../../Engine/Content/EngineMaterials/Substrate/GLints/dict_16_192_64_0p5_0p02_0061_0015.uasset" 7275
"/Engine/EngineMaterials/Substrate/GLints/dict_16_192_64_0p5_0p02_0061_0015" 7276
"../../../Engine/Content/EngineMaterials/Substrate/GLints/dict_16_192_64_0p5_0p02_0062_0000.uasset" 7277
"/Engine/EngineMaterials/Substrate/GLints/dict_16_192_64_0p5_0p02_0061_0014" 7278
"../../../Engine/Content/EngineMaterials/Substrate/GLints/dict_16_192_64_0p5_0p02_0062_0002.uasset" 7279
"/Engine/EngineMaterials/Substrate/GLints/dict_16_192_64_0p5_0p02_0062_0002" 7280
"/Engine/EngineMaterials/Substrate/GLints/dict_16_192_64_0p5_0p02_0062_0000" 7281
"../../../Engine/Content/EngineMaterials/Substrate/GLints/dict_16_192_64_0p5_0p02_0062_0005.uasset" 7282
"../../../Engine/Content/EngineMaterials/Substrate/GLints/dict_16_192_64_0p5_0p02_0062_0009.uasset" 7283
"../../../Engine/Content/EngineMaterials/Substrate/GLints/dict_16_192_64_0p5_0p02_0062_0006.uasset" 7284
"../../../Engine/Content/EngineMaterials/Substrate/GLints/dict_16_192_64_0p5_0p02_0062_0010.uasset" 7285
"../../../Engine/Content/EngineMaterials/Substrate/GLints/dict_16_192_64_0p5_0p02_0062_0001.uasset" 7286
"../../../Engine/Content/EngineMaterials/Substrate/GLints/dict_16_192_64_0p5_0p02_0062_0003.uasset" 7287
"../../../Engine/Content/EngineMaterials/Substrate/GLints/dict_16_192_64_0p5_0p02_0062_0008.uasset" 7288
"../../../Engine/Content/EngineMaterials/Substrate/GLints/dict_16_192_64_0p5_0p02_0062_0004.uasset" 7289
"../../../Engine/Content/EngineMaterials/Substrate/GLints/dict_16_192_64_0p5_0p02_0062_0012.uasset" 7290
"../../../Engine/Content/EngineMaterials/Substrate/GLints/dict_16_192_64_0p5_0p02_0062_0007.uasset" 7291
"/Engine/EngineMaterials/Substrate/GLints/dict_16_192_64_0p5_0p02_0062_0001" 7292
"/Engine/EngineMaterials/Substrate/GLints/dict_16_192_64_0p5_0p02_0062_0005" 7293
"/Engine/EngineMaterials/Substrate/GLints/dict_16_192_64_0p5_0p02_0062_0004" 7294
"/Engine/EngineMaterials/Substrate/GLints/dict_16_192_64_0p5_0p02_0062_0012" 7295
"/Engine/EngineMaterials/Substrate/GLints/dict_16_192_64_0p5_0p02_0062_0010" 7296
"/Engine/EngineMaterials/Substrate/GLints/dict_16_192_64_0p5_0p02_0062_0009" 7297
"/Engine/EngineMaterials/Substrate/GLints/dict_16_192_64_0p5_0p02_0062_0008" 7298
"/Engine/EngineMaterials/Substrate/GLints/dict_16_192_64_0p5_0p02_0062_0007" 7299
"/Engine/EngineMaterials/Substrate/GLints/dict_16_192_64_0p5_0p02_0062_0003" 7300
"/Engine/EngineMaterials/Substrate/GLints/dict_16_192_64_0p5_0p02_0062_0006" 7301
"../../../Engine/Content/EngineMaterials/Substrate/GLints/dict_16_192_64_0p5_0p02_0062_0014.uasset" 7302
"../../../Engine/Content/EngineMaterials/Substrate/GLints/dict_16_192_64_0p5_0p02_0062_0015.uasset" 7303
"../../../Engine/Content/EngineMaterials/Substrate/GLints/dict_16_192_64_0p5_0p02_0063_0007.uasset" 7304
"../../../Engine/Content/EngineMaterials/Substrate/GLints/dict_16_192_64_0p5_0p02_0063_0001.uasset" 7305
"../../../Engine/Content/EngineMaterials/Substrate/GLints/dict_16_192_64_0p5_0p02_0062_0013.uasset" 7306
"../../../Engine/Content/EngineMaterials/Substrate/GLints/dict_16_192_64_0p5_0p02_0063_0000.uasset" 7307
"../../../Engine/Content/EngineMaterials/Substrate/GLints/dict_16_192_64_0p5_0p02_0063_0005.uasset" 7308
"../../../Engine/Content/EngineMaterials/Substrate/GLints/dict_16_192_64_0p5_0p02_0063_0002.uasset" 7309
"../../../Engine/Content/EngineMaterials/Substrate/GLints/dict_16_192_64_0p5_0p02_0063_0003.uasset" 7310
"../../../Engine/Content/EngineMaterials/Substrate/GLints/dict_16_192_64_0p5_0p02_0063_0004.uasset" 7311
"../../../Engine/Content/EngineMaterials/Substrate/GLints/dict_16_192_64_0p5_0p02_0063_0006.uasset" 7312
"../../../Engine/Content/EngineMaterials/Substrate/GLints/dict_16_192_64_0p5_0p02_0062_0011.uasset" 7313
"/Engine/EngineMaterials/Substrate/GLints/dict_16_192_64_0p5_0p02_0063_0000" 7314
"/Engine/EngineMaterials/Substrate/GLints/dict_16_192_64_0p5_0p02_0062_0015" 7315
"/Engine/EngineMaterials/Substrate/GLints/dict_16_192_64_0p5_0p02_0062_0014" 7316
"/Engine/EngineMaterials/Substrate/GLints/dict_16_192_64_0p5_0p02_0062_0013" 7317
"/Engine/EngineMaterials/Substrate/GLints/dict_16_192_64_0p5_0p02_0063_0001" 7318
"/Engine/EngineMaterials/Substrate/GLints/dict_16_192_64_0p5_0p02_0063_0003" 7319
"/Engine/EngineMaterials/Substrate/GLints/dict_16_192_64_0p5_0p02_0063_0002" 7320
"../../../Engine/Content/EngineMaterials/Substrate/GLints/dict_16_192_64_0p5_0p02_0063_0008.uasset" 7321
"/Engine/EngineMaterials/Substrate/GLints/dict_16_192_64_0p5_0p02_0062_0011" 7322
"/Engine/EngineMaterials/Substrate/GLints/dict_16_192_64_0p5_0p02_0063_0007" 7323
"/Engine/EngineMaterials/Substrate/GLints/dict_16_192_64_0p5_0p02_0063_0006" 7324
"/Engine/EngineMaterials/Substrate/GLints/dict_16_192_64_0p5_0p02_0063_0005" 7325
"/Engine/EngineMaterials/Substrate/GLints/dict_16_192_64_0p5_0p02_0063_0004" 7326
"/Engine/EngineMaterials/Substrate/GLints/dict_16_192_64_0p5_0p02_0063_0008" 7327
"../../../Engine/Content/EngineMaterials/Substrate/GLints/dict_16_192_64_0p5_0p02_0063_0011.uasset" 7328
"../../../Engine/Content/EngineMaterials/Substrate/Glints2/dict_0000_0000.uasset" 7329
"../../../Engine/Content/EngineMaterials/Substrate/GLints/dict_16_192_64_0p5_0p02_0063_0015.uasset" 7330
"../../../Engine/Content/EngineMaterials/Substrate/GLints/dict_16_192_64_0p5_0p02_0063_0012.uasset" 7331
"../../../Engine/Content/EngineMaterials/Substrate/GLints/dict_16_192_64_0p5_0p02_0063_0009.uasset" 7332
"../../../Engine/Content/EngineMaterials/Substrate/Glints2/dict_0000_0001.uasset" 7333
"../../../Engine/Content/EngineMaterials/Substrate/GLints/dict_16_192_64_0p5_0p02_0063_0014.uasset" 7334
"../../../Engine/Content/EngineMaterials/Substrate/GLints/dict_16_192_64_0p5_0p02_0063_0010.uasset" 7335
"../../../Engine/Content/EngineMaterials/Substrate/GLints/AGlintTex2dArray.uasset" 7336
"../../../Engine/Content/EngineMaterials/Substrate/GLints/dict_16_192_64_0p5_0p02_0063_0013.uasset" 7337
"../../../Engine/Content/EngineMaterials/Substrate/Glints2/dict_0000_0002.uasset" 7338
"../../../Engine/Content/EngineMaterials/Substrate/Glints2/dict_0000_0003.uasset" 7339
"/Engine/EngineMaterials/Substrate/GLints/dict_16_192_64_0p5_0p02_0063_0013" 7340
"../../../Engine/Content/EngineMaterials/Substrate/Glints2/dict_0000_0004.uasset" 7341
"/Engine/EngineMaterials/Substrate/Glints2/dict_0000_0000" 7342
"/Engine/EngineMaterials/Substrate/GLints/AGlintTex2dArray" 7343
"../../../Engine/Content/EngineMaterials/Substrate/Glints2/dict_0000_0005.uasset" 7344
"../../../Engine/Content/EngineMaterials/Substrate/Glints2/dict_0000_0006.uasset" 7345
"../../../Engine/Content/EngineMaterials/Substrate/Glints2/dict_0000_0013.uasset" 7346
"../../../Engine/Content/EngineMaterials/Substrate/Glints2/dict_0000_0009.uasset" 7347
"../../../Engine/Content/EngineMaterials/Substrate/Glints2/dict_0000_0008.uasset" 7348
"../../../Engine/Content/EngineMaterials/Substrate/Glints2/dict_0000_0010.uasset" 7349
"../../../Engine/Content/EngineMaterials/Substrate/Glints2/dict_0000_0011.uasset" 7350
"../../../Engine/Content/EngineMaterials/Substrate/Glints2/dict_0000_0014.uasset" 7351
"../../../Engine/Content/EngineMaterials/Substrate/Glints2/dict_0000_0007.uasset" 7352
"../../../Engine/Content/EngineMaterials/Substrate/Glints2/dict_0000_0018.uasset" 7353
"../../../Engine/Content/EngineMaterials/Substrate/Glints2/dict_0000_0012.uasset" 7354
"../../../Engine/Content/EngineMaterials/Substrate/Glints2/dict_0000_0016.uasset" 7355
"../../../Engine/Content/EngineMaterials/Substrate/Glints2/dict_0000_0015.uasset" 7356
"../../../Engine/Content/EngineMaterials/Substrate/Glints2/dict_0000_0017.uasset" 7357
"/Engine/EngineMaterials/Substrate/Glints2/dict_0000_0003" 7358
"/Engine/EngineMaterials/Substrate/Glints2/dict_0000_0002" 7359
"/Engine/EngineMaterials/Substrate/Glints2/dict_0000_0001" 7360
"/Engine/EngineMaterials/Substrate/Glints2/dict_0000_0010" 7361
"/Engine/EngineMaterials/Substrate/Glints2/dict_0000_0009" 7362
"/Engine/EngineMaterials/Substrate/Glints2/dict_0000_0008" 7363
"/Engine/EngineMaterials/Substrate/Glints2/dict_0000_0018" 7364
"/Engine/EngineMaterials/Substrate/Glints2/dict_0000_0017" 7365
"/Engine/EngineMaterials/Substrate/Glints2/dict_0000_0016" 7366
"/Engine/EngineMaterials/Substrate/Glints2/dict_0000_0007" 7367
"/Engine/EngineMaterials/Substrate/Glints2/dict_0000_0015" 7368
"/Engine/EngineMaterials/Substrate/Glints2/dict_0000_0006" 7369
"/Engine/EngineMaterials/Substrate/Glints2/dict_0000_0005" 7370
"/Engine/EngineMaterials/Substrate/Glints2/dict_0000_0004" 7371
"/Engine/EngineMaterials/Substrate/Glints2/dict_0000_0014" 7372
"/Engine/EngineMaterials/Substrate/Glints2/dict_0000_0013" 7373
"/Engine/EngineMaterials/Substrate/Glints2/dict_0000_0012" 7374
"/Engine/EngineMaterials/Substrate/Glints2/dict_0000_0011" 7375
"../../../Engine/Content/EngineMaterials/Substrate/Glints2/dict_0000_0019.uasset" 7376
"../../../Engine/Content/EngineMaterials/Substrate/Glints2/dict_0000_0021.uasset" 7377
"../../../Engine/Content/EngineMaterials/Substrate/Glints2/dict_0000_0022.uasset" 7378
"/Engine/EngineMaterials/Substrate/Glints2/dict_0000_0022" 7379
"/Engine/EngineMaterials/Substrate/Glints2/dict_0000_0021" 7380
"../../../Engine/Content/EngineMaterials/Substrate/Glints2/dict_0000_0023.uasset" 7381
"/Engine/EngineMaterials/Substrate/Glints2/dict_0000_0019" 7382
"/Engine/EngineMaterials/Substrate/Glints2/dict_0000_0023" 7383
"../../../Engine/Content/EngineMaterials/Substrate/Glints2/dict_0000_0020.uasset" 7384
"/Engine/EngineMaterials/Substrate/Glints2/dict_0000_0020" 7385
"../../../Engine/Content/EngineMaterials/Substrate/Glints2/dict_0000_0029.uasset" 7386
"../../../Engine/Content/EngineMaterials/Substrate/Glints2/dict_0000_0031.uasset" 7387
"../../../Engine/Content/EngineMaterials/Substrate/Glints2/dict_0000_0028.uasset" 7388
"../../../Engine/Content/EngineMaterials/Substrate/Glints2/dict_0000_0030.uasset" 7389
"../../../Engine/Content/EngineMaterials/Substrate/Glints2/dict_0000_0024.uasset" 7390
"../../../Engine/Content/EngineMaterials/Substrate/Glints2/dict_0000_0026.uasset" 7391
"/Engine/EngineMaterials/Substrate/Glints2/dict_0000_0031" 7392
"/Engine/EngineMaterials/Substrate/Glints2/dict_0000_0030" 7393
"../../../Engine/Content/EngineMaterials/Substrate/Glints2/dict_0000_0033.uasset" 7394
"/Engine/EngineMaterials/Substrate/Glints2/dict_0000_0029" 7395
"/Engine/EngineMaterials/Substrate/Glints2/dict_0000_0028" 7396
"/Engine/EngineMaterials/Substrate/Glints2/dict_0000_0026" 7397
"/Engine/EngineMaterials/Substrate/Glints2/dict_0000_0024" 7398
"../../../Engine/Content/EngineMaterials/Substrate/Glints2/dict_0000_0025.uasset" 7399
"/Engine/EngineMaterials/Substrate/Glints2/dict_0000_0033" 7400
"/Engine/EngineMaterials/Substrate/Glints2/dict_0000_0025" 7401
"../../../Engine/Content/EngineMaterials/Substrate/Glints2/dict_0000_0027.uasset" 7402
"../../../Engine/Content/EngineMaterials/Substrate/Glints2/dict_0000_0032.uasset" 7403
"/Engine/EngineMaterials/Substrate/Glints2/dict_0000_0032" 7404
"/Engine/EngineMaterials/Substrate/Glints2/dict_0000_0027" 7405
"../../../Engine/Content/EngineMaterials/Substrate/Glints2/dict_0000_0034.uasset" 7406
"../../../Engine/Content/EngineMaterials/Substrate/Glints2/dict_0000_0037.uasset" 7407
"../../../Engine/Content/EngineMaterials/Substrate/Glints2/dict_0000_0036.uasset" 7408
"../../../Engine/Content/EngineMaterials/Substrate/Glints2/dict_0000_0035.uasset" 7409
"/Engine/EngineMaterials/Substrate/Glints2/dict_0000_0035" 7410
"/Engine/EngineMaterials/Substrate/Glints2/dict_0000_0034" 7411
"/Engine/EngineMaterials/Substrate/Glints2/dict_0000_0037" 7412
"/Engine/EngineMaterials/Substrate/Glints2/dict_0000_0036" 7413
"../../../Engine/Content/EngineMaterials/Substrate/Glints2/dict_0000_0042.uasset" 7414
"../../../Engine/Content/EngineMaterials/Substrate/Glints2/dict_0000_0044.uasset" 7415
"../../../Engine/Content/EngineMaterials/Substrate/Glints2/dict_0000_0043.uasset" 7416
"/Engine/EngineMaterials/Substrate/Glints2/dict_0000_0044" 7417
"/Engine/EngineMaterials/Substrate/Glints2/dict_0000_0043" 7418
"/Engine/EngineMaterials/Substrate/Glints2/dict_0000_0042" 7419
"../../../Engine/Content/EngineMaterials/Substrate/Glints2/dict_0000_0041.uasset" 7420
"../../../Engine/Content/EngineMaterials/Substrate/Glints2/dict_0000_0038.uasset" 7421
"../../../Engine/Content/EngineMaterials/Substrate/Glints2/dict_0000_0039.uasset" 7422
"../../../Engine/Content/EngineMaterials/Substrate/Glints2/dict_0000_0047.uasset" 7423
"../../../Engine/Content/EngineMaterials/Substrate/Glints2/dict_0000_0045.uasset" 7424
"../../../Engine/Content/EngineMaterials/Substrate/Glints2/dict_0000_0040.uasset" 7425
"../../../Engine/Content/EngineMaterials/Substrate/Glints2/dict_0000_0046.uasset" 7426
"../../../Engine/Content/EngineMaterials/Substrate/Glints2/dict_0000_0048.uasset" 7427
"../../../Engine/Content/EngineMaterials/Substrate/Glints2/dict_0000_0050.uasset" 7428
"/Engine/EngineMaterials/Substrate/Glints2/dict_0000_0050" 7429
"../../../Engine/Content/EngineMaterials/Substrate/Glints2/dict_0000_0051.uasset" 7430
"/Engine/EngineMaterials/Substrate/Glints2/dict_0000_0048" 7431
"/Engine/EngineMaterials/Substrate/Glints2/dict_0000_0047" 7432
"/Engine/EngineMaterials/Substrate/Glints2/dict_0000_0046" 7433
"../../../Engine/Content/EngineMaterials/Substrate/Glints2/dict_0000_0049.uasset" 7434
"/Engine/EngineMaterials/Substrate/Glints2/dict_0000_0045" 7435
"/Engine/EngineMaterials/Substrate/Glints2/dict_0000_0041" 7436
"/Engine/EngineMaterials/Substrate/Glints2/dict_0000_0040" 7437
"../../../Engine/Content/EngineMaterials/Substrate/Glints2/dict_0000_0056.uasset" 7438
"/Engine/EngineMaterials/Substrate/Glints2/dict_0000_0039" 7439
"/Engine/EngineMaterials/Substrate/Glints2/dict_0000_0038" 7440
"/Engine/EngineMaterials/Substrate/Glints2/dict_0000_0051" 7441
"/Engine/EngineMaterials/Substrate/Glints2/dict_0000_0049" 7442
"../../../Engine/Content/EngineMaterials/Substrate/Glints2/dict_0000_0058.uasset" 7443
"/Engine/EngineMaterials/Substrate/Glints2/dict_0000_0056" 7444
"../../../Engine/Content/EngineMaterials/Substrate/Glints2/dict_0000_0059.uasset" 7445
"/Engine/EngineMaterials/Substrate/Glints2/dict_0000_0058" 7446
"/Engine/EngineMaterials/Substrate/Glints2/dict_0000_0059" 7447
"../../../Engine/Content/EngineMaterials/Substrate/Glints2/dict_0000_0053.uasset" 7448
"../../../Engine/Content/EngineMaterials/Substrate/Glints2/dict_0000_0052.uasset" 7449
"../../../Engine/Content/EngineMaterials/Substrate/Glints2/dict_0000_0054.uasset" 7450
"../../../Engine/Content/EngineMaterials/Substrate/Glints2/dict_0000_0057.uasset" 7451
"../../../Engine/Content/EngineMaterials/Substrate/Glints2/dict_0000_0055.uasset" 7452
"../../../Engine/Content/EngineMaterials/Substrate/Glints2/dict_0000_0060.uasset" 7453
"../../../Engine/Content/EngineMaterials/Substrate/Glints2/dict_0000_0062.uasset" 7454
"../../../Engine/Content/EngineMaterials/Substrate/Glints2/dict_0000_0063.uasset" 7455
"../../../Engine/Content/EngineMaterials/Substrate/Glints2/dict_0000_0061.uasset" 7456
"/Engine/EngineMaterials/Substrate/Glints2/dict_0000_0063" 7457
"/Engine/EngineMaterials/Substrate/Glints2/dict_0000_0053" 7458
"/Engine/EngineMaterials/Substrate/Glints2/dict_0000_0052" 7459
"/Engine/EngineMaterials/Substrate/Glints2/dict_0000_0055" 7460
"/Engine/EngineMaterials/Substrate/Glints2/dict_0000_0061" 7461
"../../../Engine/Content/EngineMaterials/Substrate/Glints2/dict_0000_0064.uasset" 7462
"../../../Engine/Content/EngineMaterials/Substrate/Glints2/dict_0000_0065.uasset" 7463
"/Engine/EngineMaterials/Substrate/Glints2/dict_0000_0060" 7464
"/Engine/EngineMaterials/Substrate/Glints2/dict_0000_0054" 7465
"../../../Engine/Content/EngineMaterials/Substrate/Glints2/dict_0000_0069.uasset" 7466
"/Engine/EngineMaterials/Substrate/Glints2/dict_0000_0057" 7467
"/Engine/EngineMaterials/Substrate/Glints2/dict_0000_0062" 7468
"/Engine/EngineMaterials/Substrate/Glints2/dict_0000_0069" 7469
"/Engine/EngineMaterials/Substrate/Glints2/dict_0000_0065" 7470
"/Engine/EngineMaterials/Substrate/Glints2/dict_0000_0064" 7471
"../../../Engine/Content/EngineMaterials/Substrate/Glints2/dict_0000_0067.uasset" 7472
"../../../Engine/Content/EngineMaterials/Substrate/Glints2/dict_0000_0072.uasset" 7473
"/Engine/EngineMaterials/Substrate/Glints2/dict_0000_0072" 7474
"../../../Engine/Content/EngineMaterials/Substrate/Glints2/dict_0000_0073.uasset" 7475
"/Engine/EngineMaterials/Substrate/Glints2/dict_0000_0067" 7476
"../../../Engine/Content/EngineMaterials/Substrate/Glints2/dict_0000_0071.uasset" 7477
"/Engine/EngineMaterials/Substrate/Glints2/dict_0000_0071" 7478
"../../../Engine/Content/EngineMaterials/Substrate/Glints2/dict_0000_0070.uasset" 7479
"/Engine/EngineMaterials/Substrate/Glints2/dict_0000_0073" 7480
"../../../Engine/Content/EngineMaterials/Substrate/Glints2/dict_0000_0066.uasset" 7481
"../../../Engine/Content/EngineMaterials/Substrate/Glints2/dict_0000_0074.uasset" 7482
"/Engine/EngineMaterials/Substrate/Glints2/dict_0000_0070" 7483
"/Engine/EngineMaterials/Substrate/Glints2/dict_0000_0066" 7484
"/Engine/EngineMaterials/Substrate/Glints2/dict_0000_0074" 7485
"../../../Engine/Content/EngineMaterials/Substrate/Glints2/dict_0000_0068.uasset" 7486
"../../../Engine/Content/EngineMaterials/Substrate/Glints2/dict_0000_0075.uasset" 7487
"../../../Engine/Content/EngineMaterials/Substrate/Glints2/dict_0000_0076.uasset" 7488
"../../../Engine/Content/EngineMaterials/Substrate/Glints2/dict_0000_0077.uasset" 7489
"/Engine/EngineMaterials/Substrate/Glints2/dict_0000_0068" 7490
"/Engine/EngineMaterials/Substrate/Glints2/dict_0000_0077" 7491
"/Engine/EngineMaterials/Substrate/Glints2/dict_0000_0076" 7492
"../../../Engine/Content/EngineMaterials/Substrate/Glints2/dict_0000_0078.uasset" 7493
"../../../Engine/Content/EngineMaterials/Substrate/Glints2/dict_0000_0087.uasset" 7494
"../../../Engine/Content/EngineMaterials/Substrate/Glints2/dict_0000_0081.uasset" 7495
"/Engine/EngineMaterials/Substrate/Glints2/dict_0000_0075" 7496
"/Engine/EngineMaterials/Substrate/Glints2/dict_0000_0081" 7497
"../../../Engine/Content/EngineMaterials/Substrate/Glints2/dict_0000_0079.uasset" 7498
"/Engine/EngineMaterials/Substrate/Glints2/dict_0000_0078" 7499
"/Engine/EngineMaterials/Substrate/Glints2/dict_0000_0087" 7500
"../../../Engine/Content/EngineMaterials/Substrate/Glints2/dict_0000_0084.uasset" 7501
"/Engine/EngineMaterials/Substrate/Glints2/dict_0000_0079" 7502
"/Engine/EngineMaterials/Substrate/Glints2/dict_0000_0084" 7503
"../../../Engine/Content/EngineMaterials/Substrate/Glints2/dict_0000_0086.uasset" 7504
"../../../Engine/Content/EngineMaterials/Substrate/Glints2/dict_0000_0080.uasset" 7505
"../../../Engine/Content/EngineMaterials/Substrate/Glints2/dict_0000_0083.uasset" 7506
"../../../Engine/Content/EngineMaterials/Substrate/Glints2/dict_0000_0085.uasset" 7507
"../../../Engine/Content/EngineMaterials/Substrate/Glints2/dict_0000_0082.uasset" 7508
"../../../Engine/Content/EngineMaterials/Substrate/Glints2/dict_0000_0089.uasset" 7509
"../../../Engine/Content/EngineMaterials/Substrate/Glints2/dict_0000_0088.uasset" 7510
"/Engine/EngineMaterials/Substrate/Glints2/dict_0000_0083" 7511
"/Engine/EngineMaterials/Substrate/Glints2/dict_0000_0080" 7512
"../../../Engine/Content/EngineMaterials/Substrate/Glints2/dict_0000_0090.uasset" 7513
"/Engine/EngineMaterials/Substrate/Glints2/dict_0000_0086" 7514
"../../../Engine/Content/EngineMaterials/Substrate/Glints2/dict_0000_0091.uasset" 7515
"../../../Engine/Content/EngineMaterials/Substrate/Glints2/dict_0000_0092.uasset" 7516
"/Engine/EngineMaterials/Substrate/Glints2/dict_0000_0085" 7517
"../../../Engine/Content/EngineMaterials/Substrate/Glints2/dict_0000_0100.uasset" 7518
"/Engine/EngineMaterials/Substrate/Glints2/dict_0000_0089" 7519
"../../../Engine/Content/EngineMaterials/Substrate/Glints2/dict_0000_0094.uasset" 7520
"../../../Engine/Content/EngineMaterials/Substrate/Glints2/dict_0000_0097.uasset" 7521
"/Engine/EngineMaterials/Substrate/Glints2/dict_0000_0088" 7522
"/Engine/EngineMaterials/Substrate/Glints2/dict_0000_0082" 7523
"/Engine/EngineMaterials/Substrate/Glints2/dict_0000_0094" 7524
"../../../Engine/Content/EngineMaterials/Substrate/Glints2/dict_0000_0095.uasset" 7525
"/Engine/EngineMaterials/Substrate/Glints2/dict_0000_0092" 7526
"/Engine/EngineMaterials/Substrate/Glints2/dict_0000_0097" 7527
"../../../Engine/Content/EngineMaterials/Substrate/Glints2/dict_0000_0093.uasset" 7528
"/Engine/EngineMaterials/Substrate/Glints2/dict_0000_0091" 7529
"../../../Engine/Content/EngineMaterials/Substrate/Glints2/dict_0000_0101.uasset" 7530
"../../../Engine/Content/EngineMaterials/Substrate/Glints2/dict_0000_0098.uasset" 7531
"/Engine/EngineMaterials/Substrate/Glints2/dict_0000_0090" 7532
"/Engine/EngineMaterials/Substrate/Glints2/dict_0000_0100" 7533
"/Engine/EngineMaterials/Substrate/Glints2/dict_0000_0098" 7534
"../../../Engine/Content/EngineMaterials/Substrate/Glints2/dict_0000_0096.uasset" 7535
"/Engine/EngineMaterials/Substrate/Glints2/dict_0000_0095" 7536
"/Engine/EngineMaterials/Substrate/Glints2/dict_0000_0093" 7537
"/Engine/EngineMaterials/Substrate/Glints2/dict_0000_0101" 7538
"/Engine/EngineMaterials/Substrate/Glints2/dict_0000_0096" 7539
"../../../Engine/Content/EngineMaterials/Substrate/Glints2/dict_0000_0099.uasset" 7540
"../../../Engine/Content/EngineMaterials/Substrate/Glints2/dict_0000_0103.uasset" 7541
"../../../Engine/Content/EngineMaterials/Substrate/Glints2/dict_0000_0102.uasset" 7542
"/Engine/EngineMaterials/Substrate/Glints2/dict_0000_0102" 7543
"../../../Engine/Content/EngineMaterials/Substrate/Glints2/dict_0000_0108.uasset" 7544
"/Engine/EngineMaterials/Substrate/Glints2/dict_0000_0099" 7545
"../../../Engine/Content/EngineMaterials/Substrate/Glints2/dict_0000_0109.uasset" 7546
"/Engine/EngineMaterials/Substrate/Glints2/dict_0000_0103" 7547
"/Engine/EngineMaterials/Substrate/Glints2/dict_0000_0109" 7548
"/Engine/EngineMaterials/Substrate/Glints2/dict_0000_0108" 7549
"../../../Engine/Content/EngineMaterials/Substrate/Glints2/dict_0000_0110.uasset" 7550
"../../../Engine/Content/EngineMaterials/Substrate/Glints2/dict_0000_0105.uasset" 7551
"../../../Engine/Content/EngineMaterials/Substrate/Glints2/dict_0000_0104.uasset" 7552
"/Engine/EngineMaterials/Substrate/Glints2/dict_0000_0110" 7553
"../../../Engine/Content/EngineMaterials/Substrate/Glints2/dict_0000_0106.uasset" 7554
"/Engine/EngineMaterials/Substrate/Glints2/dict_0000_0105" 7555
"/Engine/EngineMaterials/Substrate/Glints2/dict_0000_0104" 7556
"../../../Engine/Content/EngineMaterials/Substrate/Glints2/dict_0000_0111.uasset" 7557
"/Engine/EngineMaterials/Substrate/Glints2/dict_0000_0106" 7558
"/Engine/EngineMaterials/Substrate/Glints2/dict_0000_0111" 7559
"../../../Engine/Content/EngineMaterials/Substrate/Glints2/dict_0000_0107.uasset" 7560
"../../../Engine/Content/EngineMaterials/Substrate/Glints2/dict_0000_0113.uasset" 7561
"../../../Engine/Content/EngineMaterials/Substrate/Glints2/dict_0000_0112.uasset" 7562
"../../../Engine/Content/EngineMaterials/Substrate/Glints2/dict_0000_0115.uasset" 7563
"../../../Engine/Content/EngineMaterials/Substrate/Glints2/dict_0000_0114.uasset" 7564
"../../../Engine/Content/EngineMaterials/Substrate/Glints2/dict_0000_0116.uasset" 7565
"/Engine/EngineMaterials/Substrate/Glints2/dict_0000_0112" 7566
"../../../Engine/Content/EngineMaterials/Substrate/Glints2/dict_0000_0118.uasset" 7567
"/Engine/EngineMaterials/Substrate/Glints2/dict_0000_0114" 7568
"../../../Engine/Content/EngineMaterials/Substrate/Glints2/dict_0000_0117.uasset" 7569
"/Engine/EngineMaterials/Substrate/Glints2/dict_0000_0113" 7570
"/Engine/EngineMaterials/Substrate/Glints2/dict_0000_0107" 7571
"/Engine/EngineMaterials/Substrate/Glints2/dict_0000_0116" 7572
"../../../Engine/Content/EngineMaterials/Substrate/Glints2/dict_0000_0121.uasset" 7573
"/Engine/EngineMaterials/Substrate/Glints2/dict_0000_0115" 7574
"../../../Engine/Content/EngineMaterials/Substrate/Glints2/dict_0000_0120.uasset" 7575
"/Engine/EngineMaterials/Substrate/Glints2/dict_0000_0121" 7576
"../../../Engine/Content/EngineMaterials/Substrate/Glints2/dict_0000_0123.uasset" 7577
"../../../Engine/Content/EngineMaterials/Substrate/Glints2/dict_0000_0119.uasset" 7578
"/Engine/EngineMaterials/Substrate/Glints2/dict_0000_0118" 7579
"/Engine/EngineMaterials/Substrate/Glints2/dict_0000_0117" 7580
"/Engine/EngineMaterials/Substrate/Glints2/dict_0000_0120" 7581
"../../../Engine/Content/EngineMaterials/Substrate/Glints2/dict_0000_0124.uasset" 7582
"/Engine/EngineMaterials/Substrate/Glints2/dict_0000_0123" 7583
"/Engine/EngineMaterials/Substrate/Glints2/dict_0000_0119" 7584
"/Engine/EngineMaterials/Substrate/Glints2/dict_0000_0124" 7585
"../../../Engine/Content/EngineMaterials/Substrate/Glints2/dict_0000_0128.uasset" 7586
"../../../Engine/Content/EngineMaterials/Substrate/Glints2/dict_0000_0122.uasset" 7587
"../../../Engine/Content/EngineMaterials/Substrate/Glints2/dict_0000_0125.uasset" 7588
"../../../Engine/Content/EngineMaterials/Substrate/Glints2/dict_0000_0126.uasset" 7589
"../../../Engine/Content/EngineMaterials/Substrate/Glints2/dict_0000_0127.uasset" 7590
"../../../Engine/Content/EngineMaterials/Substrate/Glints2/dict_0000_0129.uasset" 7591
"../../../Engine/Content/EngineMaterials/Substrate/Glints2/dict_0000_0135.uasset" 7592
"../../../Engine/Content/EngineMaterials/Substrate/Glints2/dict_0000_0131.uasset" 7593
"/Engine/EngineMaterials/Substrate/Glints2/dict_0000_0131" 7594
"/Engine/EngineMaterials/Substrate/Glints2/dict_0000_0127" 7595
"../../../Engine/Content/EngineMaterials/Substrate/Glints2/dict_0000_0130.uasset" 7596
"/Engine/EngineMaterials/Substrate/Glints2/dict_0000_0129" 7597
"../../../Engine/Content/EngineMaterials/Substrate/Glints2/dict_0000_0134.uasset" 7598
"/Engine/EngineMaterials/Substrate/Glints2/dict_0000_0126" 7599
"../../../Engine/Content/EngineMaterials/Substrate/Glints2/dict_0000_0137.uasset" 7600
"/Engine/EngineMaterials/Substrate/Glints2/dict_0000_0125" 7601
"/Engine/EngineMaterials/Substrate/Glints2/dict_0000_0122" 7602
"/Engine/EngineMaterials/Substrate/Glints2/dict_0000_0135" 7603
"../../../Engine/Content/EngineMaterials/Substrate/Glints2/dict_0000_0133.uasset" 7604
"/Engine/EngineMaterials/Substrate/Glints2/dict_0000_0128" 7605
"/Engine/EngineMaterials/Substrate/Glints2/dict_0000_0137" 7606
"/Engine/EngineMaterials/Substrate/Glints2/dict_0000_0130" 7607
"/Engine/EngineMaterials/Substrate/Glints2/dict_0000_0134" 7608
"/Engine/EngineMaterials/Substrate/Glints2/dict_0000_0133" 7609
"../../../Engine/Content/EngineMaterials/Substrate/Glints2/dict_0000_0136.uasset" 7610
"../../../Engine/Content/EngineMaterials/Substrate/Glints2/dict_0000_0132.uasset" 7611
"../../../Engine/Content/EngineMaterials/Substrate/Glints2/dict_0000_0138.uasset" 7612
"../../../Engine/Content/EngineMaterials/Substrate/Glints2/dict_0000_0140.uasset" 7613
"../../../Engine/Content/EngineMaterials/Substrate/Glints2/dict_0000_0141.uasset" 7614
"../../../Engine/Content/EngineMaterials/Substrate/Glints2/dict_0000_0142.uasset" 7615
"../../../Engine/Content/EngineMaterials/Substrate/Glints2/dict_0000_0139.uasset" 7616
"../../../Engine/Content/EngineMaterials/Substrate/Glints2/dict_0000_0144.uasset" 7617
"/Engine/EngineMaterials/Substrate/Glints2/dict_0000_0132" 7618
"../../../Engine/Content/EngineMaterials/Substrate/Glints2/dict_0000_0145.uasset" 7619
"../../../Engine/Content/EngineMaterials/Substrate/Glints2/dict_0000_0148.uasset" 7620
"/Engine/EngineMaterials/Substrate/Glints2/dict_0000_0142" 7621
"../../../Engine/Content/EngineMaterials/Substrate/Glints2/dict_0000_0146.uasset" 7622
"/Engine/EngineMaterials/Substrate/Glints2/dict_0000_0136" 7623
"/Engine/EngineMaterials/Substrate/Glints2/dict_0000_0141" 7624
"/Engine/EngineMaterials/Substrate/Glints2/dict_0000_0140" 7625
"/Engine/EngineMaterials/Substrate/Glints2/dict_0000_0139" 7626
"../../../Engine/Content/EngineMaterials/Substrate/Glints2/dict_0000_0143.uasset" 7627
"/Engine/EngineMaterials/Substrate/Glints2/dict_0000_0138" 7628
"/Engine/EngineMaterials/Substrate/Glints2/dict_0000_0148" 7629
"/Engine/EngineMaterials/Substrate/Glints2/dict_0000_0146" 7630
"/Engine/EngineMaterials/Substrate/Glints2/dict_0000_0145" 7631
"/Engine/EngineMaterials/Substrate/Glints2/dict_0000_0144" 7632
"/Engine/EngineMaterials/Substrate/Glints2/dict_0000_0143" 7633
"../../../Engine/Content/EngineMaterials/Substrate/Glints2/dict_0000_0147.uasset" 7634
"/Engine/EngineMaterials/Substrate/Glints2/dict_0000_0147" 7635
"../../../Engine/Content/EngineMaterials/Substrate/Glints2/dict_0000_0150.uasset" 7636
"../../../Engine/Content/EngineMaterials/Substrate/Glints2/dict_0000_0152.uasset" 7637
"../../../Engine/Content/EngineMaterials/Substrate/Glints2/dict_0000_0154.uasset" 7638
"../../../Engine/Content/EngineMaterials/Substrate/Glints2/dict_0000_0155.uasset" 7639
"../../../Engine/Content/EngineMaterials/Substrate/Glints2/dict_0000_0149.uasset" 7640
"../../../Engine/Content/EngineMaterials/Substrate/Glints2/dict_0000_0151.uasset" 7641
"../../../Engine/Content/EngineMaterials/Substrate/Glints2/dict_0000_0156.uasset" 7642
"../../../Engine/Content/EngineMaterials/Substrate/Glints2/dict_0000_0153.uasset" 7643
"/Engine/EngineMaterials/Substrate/Glints2/dict_0000_0151" 7644
"/Engine/EngineMaterials/Substrate/Glints2/dict_0000_0154" 7645
"/Engine/EngineMaterials/Substrate/Glints2/dict_0000_0155" 7646
"../../../Engine/Content/EngineMaterials/Substrate/Glints2/dict_0000_0157.uasset" 7647
"/Engine/EngineMaterials/Substrate/Glints2/dict_0000_0153" 7648
"../../../Engine/Content/EngineMaterials/Substrate/Glints2/dict_0000_0158.uasset" 7649
"/Engine/EngineMaterials/Substrate/Glints2/dict_0000_0152" 7650
"/Engine/EngineMaterials/Substrate/Glints2/dict_0000_0150" 7651
"../../../Engine/Content/EngineMaterials/Substrate/Glints2/dict_0000_0160.uasset" 7652
"/Engine/EngineMaterials/Substrate/Glints2/dict_0000_0149" 7653
"../../../Engine/Content/EngineMaterials/Substrate/Glints2/dict_0000_0159.uasset" 7654
"../../../Engine/Content/EngineMaterials/Substrate/Glints2/dict_0000_0161.uasset" 7655
"/Engine/EngineMaterials/Substrate/Glints2/dict_0000_0156" 7656
"/Engine/EngineMaterials/Substrate/Glints2/dict_0000_0161" 7657
"/Engine/EngineMaterials/Substrate/Glints2/dict_0000_0160" 7658
"/Engine/EngineMaterials/Substrate/Glints2/dict_0000_0159" 7659
"../../../Engine/Content/EngineMaterials/Substrate/Glints2/dict_0000_0162.uasset" 7660
"/Engine/EngineMaterials/Substrate/Glints2/dict_0000_0158" 7661
"/Engine/EngineMaterials/Substrate/Glints2/dict_0000_0157" 7662
"/Engine/EngineMaterials/Substrate/Glints2/dict_0000_0162" 7663
"../../../Engine/Content/EngineMaterials/Substrate/Glints2/dict_0000_0163.uasset" 7664
"../../../Engine/Content/EngineMaterials/Substrate/Glints2/dict_0000_0164.uasset" 7665
"../../../Engine/Content/EngineMaterials/Substrate/Glints2/dict_0000_0165.uasset" 7666
"../../../Engine/Content/EngineMaterials/Substrate/Glints2/dict_0000_0169.uasset" 7667
"../../../Engine/Content/EngineMaterials/Substrate/Glints2/dict_0000_0167.uasset" 7668
"../../../Engine/Content/EngineMaterials/Substrate/Glints2/dict_0000_0166.uasset" 7669
"../../../Engine/Content/EngineMaterials/Substrate/Glints2/dict_0000_0170.uasset" 7670
"../../../Engine/Content/EngineMaterials/Substrate/Glints2/dict_0000_0168.uasset" 7671
"/Engine/EngineMaterials/Substrate/Glints2/dict_0000_0163" 7672
"../../../Engine/Content/EngineMaterials/Substrate/Glints2/dict_0000_0171.uasset" 7673
"/Engine/EngineMaterials/Substrate/Glints2/dict_0000_0167" 7674
"/Engine/EngineMaterials/Substrate/Glints2/dict_0000_0166" 7675
"/Engine/EngineMaterials/Substrate/Glints2/dict_0000_0170" 7676
"/Engine/EngineMaterials/Substrate/Glints2/dict_0000_0169" 7677
"/Engine/EngineMaterials/Substrate/Glints2/dict_0000_0168" 7678
"/Engine/EngineMaterials/Substrate/Glints2/dict_0000_0165" 7679
"/Engine/EngineMaterials/Substrate/Glints2/dict_0000_0164" 7680
"../../../Engine/Content/EngineMaterials/Substrate/Glints2/dict_0000_0176.uasset" 7681
"/Engine/EngineMaterials/Substrate/Glints2/dict_0000_0171" 7682
"/Engine/EngineMaterials/Substrate/Glints2/dict_0000_0176" 7683
"../../../Engine/Content/EngineMaterials/Substrate/Glints2/dict_0000_0173.uasset" 7684
"/Engine/EngineMaterials/Substrate/Glints2/dict_0000_0173" 7685
"../../../Engine/Content/EngineMaterials/Substrate/Glints2/dict_0000_0174.uasset" 7686
"../../../Engine/Content/EngineMaterials/Substrate/Glints2/dict_0000_0175.uasset" 7687
"/Engine/EngineMaterials/Substrate/Glints2/dict_0000_0174" 7688
"/Engine/EngineMaterials/Substrate/Glints2/dict_0000_0175" 7689
"../../../Engine/Content/EngineMaterials/Substrate/Glints2/dict_0000_0172.uasset" 7690
"/Engine/EngineMaterials/Substrate/Glints2/dict_0000_0172" 7691
"../../../Engine/Content/EngineMaterials/Substrate/Glints2/dict_0000_0177.uasset" 7692
"/Engine/EngineMaterials/Substrate/Glints2/dict_0000_0177" 7693
"../../../Engine/Content/EngineMaterials/Substrate/Glints2/dict_0000_0178.uasset" 7694
"../../../Engine/Content/EngineMaterials/Substrate/Glints2/dict_0000_0180.uasset" 7695
"../../../Engine/Content/EngineMaterials/Substrate/Glints2/dict_0000_0179.uasset" 7696
"../../../Engine/Content/EngineMaterials/Substrate/Glints2/dict_0000_0182.uasset" 7697
"../../../Engine/Content/EngineMaterials/Substrate/Glints2/dict_0000_0181.uasset" 7698
"../../../Engine/Content/EngineMaterials/Substrate/Glints2/dict_0000_0184.uasset" 7699
"../../../Engine/Content/EngineMaterials/Substrate/Glints2/dict_0000_0183.uasset" 7700
"/Engine/EngineMaterials/Substrate/Glints2/dict_0000_0179" 7701
"/Engine/EngineMaterials/Substrate/Glints2/dict_0000_0180" 7702
"/Engine/EngineMaterials/Substrate/Glints2/dict_0000_0184" 7703
"/Engine/EngineMaterials/Substrate/Glints2/dict_0000_0183" 7704
"/Engine/EngineMaterials/Substrate/Glints2/dict_0000_0178" 7705
"/Engine/EngineMaterials/Substrate/Glints2/dict_0000_0182" 7706
"../../../Engine/Content/EngineMaterials/Substrate/Glints2/dict_0000_0185.uasset" 7707
"../../../Engine/Content/EngineMaterials/Substrate/Glints2/dict_0000_0188.uasset" 7708
"/Engine/EngineMaterials/Substrate/Glints2/dict_0000_0181" 7709
"/Engine/EngineMaterials/Substrate/Glints2/dict_0000_0188" 7710
"/Engine/EngineMaterials/Substrate/Glints2/dict_0000_0185" 7711
"../../../Engine/Content/EngineMaterials/Substrate/Glints2/dict_0000_0190.uasset" 7712
"/Engine/EngineMaterials/Substrate/Glints2/dict_0000_0190" 7713
"../../../Engine/Content/EngineMaterials/Substrate/Glints2/dict_0000_0189.uasset" 7714
"/Engine/EngineMaterials/Substrate/Glints2/dict_0000_0189" 7715
"../../../Engine/Content/EngineMaterials/Substrate/Glints2/dict_0000_0187.uasset" 7716
"../../../Engine/Content/EngineMaterials/Substrate/Glints2/dict_0000_0192.uasset" 7717
"../../../Engine/Content/EngineMaterials/Substrate/Glints2/dict_0000_0191.uasset" 7718
"/Engine/EngineMaterials/Substrate/Glints2/dict_0000_0192" 7719
"../../../Engine/Content/EngineMaterials/Substrate/Glints2/dict_0000_0186.uasset" 7720
"/Engine/EngineMaterials/Substrate/Glints2/dict_0000_0187" 7721
"/Engine/EngineMaterials/Substrate/Glints2/dict_0000_0191" 7722
"/Engine/EngineMaterials/Substrate/Glints2/dict_0000_0186" 7723
"../../../Engine/Content/EngineMaterials/Substrate/Glints2/dict_0000_0193.uasset" 7724
"../../../Engine/Content/EngineMaterials/Substrate/Glints2/dict_0000_0196.uasset" 7725
"../../../Engine/Content/EngineMaterials/Substrate/Glints2/dict_0000_0194.uasset" 7726
"../../../Engine/Content/EngineMaterials/Substrate/Glints2/dict_0000_0195.uasset" 7727
"../../../Engine/Content/EngineMaterials/Substrate/Glints2/dict_0000_0197.uasset" 7728
"/Engine/EngineMaterials/Substrate/Glints2/dict_0000_0194" 7729
"/Engine/EngineMaterials/Substrate/Glints2/dict_0000_0193" 7730
"../../../Engine/Content/EngineMaterials/Substrate/Glints2/dict_0000_0198.uasset" 7731
"/Engine/EngineMaterials/Substrate/Glints2/dict_0000_0197" 7732
"/Engine/EngineMaterials/Substrate/Glints2/dict_0000_0196" 7733
"../../../Engine/Content/EngineMaterials/Substrate/Glints2/dict_0000_0200.uasset" 7734
"/Engine/EngineMaterials/Substrate/Glints2/dict_0000_0195" 7735
"/Engine/EngineMaterials/Substrate/Glints2/dict_0000_0200" 7736
"../../../Engine/Content/EngineMaterials/Substrate/Glints2/dict_0000_0202.uasset" 7737
"/Engine/EngineMaterials/Substrate/Glints2/dict_0000_0198" 7738
"/Engine/EngineMaterials/Substrate/Glints2/dict_0000_0202" 7739
"../../../Engine/Content/EngineMaterials/Substrate/Glints2/dict_0000_0205.uasset" 7740
"../../../Engine/Content/EngineMaterials/Substrate/Glints2/dict_0000_0201.uasset" 7741
"../../../Engine/Content/EngineMaterials/Substrate/Glints2/dict_0000_0206.uasset" 7742
"../../../Engine/Content/EngineMaterials/Substrate/Glints2/dict_0000_0204.uasset" 7743
"../../../Engine/Content/EngineMaterials/Substrate/Glints2/dict_0000_0199.uasset" 7744
"../../../Engine/Content/EngineMaterials/Substrate/Glints2/dict_0000_0203.uasset" 7745
"../../../Engine/Content/EngineMaterials/Substrate/Glints2/dict_0000_0208.uasset" 7746
"../../../Engine/Content/EngineMaterials/Substrate/Glints2/dict_0000_0207.uasset" 7747
"../../../Engine/Content/EngineMaterials/Substrate/Glints2/dict_0000_0209.uasset" 7748
"../../../Engine/Content/EngineMaterials/Substrate/Glints2/dict_0000_0210.uasset" 7749
"/Engine/EngineMaterials/Substrate/Glints2/dict_0000_0201" 7750
"/Engine/EngineMaterials/Substrate/Glints2/dict_0000_0207" 7751
"/Engine/EngineMaterials/Substrate/Glints2/dict_0000_0205" 7752
"/Engine/EngineMaterials/Substrate/Glints2/dict_0000_0208" 7753
"/Engine/EngineMaterials/Substrate/Glints2/dict_0000_0204" 7754
"../../../Engine/Content/EngineMaterials/Substrate/Glints2/dict_0000_0211.uasset" 7755
"/Engine/EngineMaterials/Substrate/Glints2/dict_0000_0209" 7756
"/Engine/EngineMaterials/Substrate/Glints2/dict_0000_0199" 7757
"/Engine/EngineMaterials/Substrate/Glints2/dict_0000_0203" 7758
"/Engine/EngineMaterials/Substrate/Glints2/dict_0000_0206" 7759
"/Engine/EngineMaterials/Substrate/Glints2/dict_0000_0210" 7760
"/Engine/EngineMaterials/Substrate/Glints2/dict_0000_0211" 7761
"../../../Engine/Content/EngineMaterials/Substrate/Glints2/dict_0000_0215.uasset" 7762
"../../../Engine/Content/EngineMaterials/Substrate/Glints2/dict_0000_0214.uasset" 7763
"../../../Engine/Content/EngineMaterials/Substrate/Glints2/dict_0000_0220.uasset" 7764
"../../../Engine/Content/EngineMaterials/Substrate/Glints2/dict_0000_0213.uasset" 7765
"../../../Engine/Content/EngineMaterials/Substrate/Glints2/dict_0000_0216.uasset" 7766
"../../../Engine/Content/EngineMaterials/Substrate/Glints2/dict_0000_0212.uasset" 7767
"../../../Engine/Content/EngineMaterials/Substrate/Glints2/dict_0000_0217.uasset" 7768
"../../../Engine/Content/EngineMaterials/Substrate/Glints2/dict_0000_0219.uasset" 7769
"../../../Engine/Content/EngineMaterials/Substrate/Glints2/dict_0000_0218.uasset" 7770
"../../../Engine/Content/EngineMaterials/Substrate/Glints2/dict_0000_0223.uasset" 7771
"../../../Engine/Content/EngineMaterials/Substrate/Glints2/dict_0000_0221.uasset" 7772
"../../../Engine/Content/EngineMaterials/Substrate/Glints2/dict_0000_0222.uasset" 7773
"../../../Engine/Content/EngineMaterials/Substrate/Glints2/dict_0000_0224.uasset" 7774
"/Engine/EngineMaterials/Substrate/Glints2/dict_0000_0216" 7775
"/Engine/EngineMaterials/Substrate/Glints2/dict_0000_0222" 7776
"/Engine/EngineMaterials/Substrate/Glints2/dict_0000_0215" 7777
"../../../Engine/Content/EngineMaterials/Substrate/Glints2/dict_0000_0225.uasset" 7778
"/Engine/EngineMaterials/Substrate/Glints2/dict_0000_0218" 7779
"/Engine/EngineMaterials/Substrate/Glints2/dict_0000_0224" 7780
"/Engine/EngineMaterials/Substrate/Glints2/dict_0000_0221" 7781
"/Engine/EngineMaterials/Substrate/Glints2/dict_0000_0223" 7782
"/Engine/EngineMaterials/Substrate/Glints2/dict_0000_0217" 7783
"/Engine/EngineMaterials/Substrate/Glints2/dict_0000_0214" 7784
"/Engine/EngineMaterials/Substrate/Glints2/dict_0000_0213" 7785
"/Engine/EngineMaterials/Substrate/Glints2/dict_0000_0212" 7786
"/Engine/EngineMaterials/Substrate/Glints2/dict_0000_0219" 7787
"../../../Engine/Content/EngineMaterials/Substrate/Glints2/dict_0000_0227.uasset" 7788
"/Engine/EngineMaterials/Substrate/Glints2/dict_0000_0220" 7789
"/Engine/EngineMaterials/Substrate/Glints2/dict_0000_0227" 7790
"/Engine/EngineMaterials/Substrate/Glints2/dict_0000_0225" 7791
"../../../Engine/Content/EngineMaterials/Substrate/Glints2/dict_0000_0226.uasset" 7792
"../../../Engine/Content/EngineMaterials/Substrate/Glints2/dict_0000_0230.uasset" 7793
"/Engine/EngineMaterials/Substrate/Glints2/dict_0000_0230" 7794
"/Engine/EngineMaterials/Substrate/Glints2/dict_0000_0226" 7795
"../../../Engine/Content/EngineMaterials/Substrate/Glints2/dict_0000_0229.uasset" 7796
"../../../Engine/Content/EngineMaterials/Substrate/Glints2/dict_0000_0231.uasset" 7797
"../../../Engine/Content/EngineMaterials/Substrate/Glints2/dict_0000_0228.uasset" 7798
"../../../Engine/Content/EngineMaterials/Substrate/Glints2/dict_0000_0233.uasset" 7799
"../../../Engine/Content/EngineMaterials/Substrate/Glints2/dict_0000_0232.uasset" 7800
"../../../Engine/Content/EngineMaterials/Substrate/Glints2/dict_0000_0234.uasset" 7801
"../../../Engine/Content/EngineMaterials/Substrate/Glints2/dict_0000_0235.uasset" 7802
"../../../Engine/Content/EngineMaterials/Substrate/Glints2/dict_0000_0236.uasset" 7803
"../../../Engine/Content/EngineMaterials/Substrate/Glints2/dict_0000_0237.uasset" 7804
"../../../Engine/Content/EngineMaterials/Substrate/Glints2/dict_0000_0238.uasset" 7805
"/Engine/EngineMaterials/Substrate/Glints2/dict_0000_0232" 7806
"../../../Engine/Content/EngineMaterials/Substrate/Glints2/dict_0000_0239.uasset" 7807
"/Engine/EngineMaterials/Substrate/Glints2/dict_0000_0231" 7808
"/Engine/EngineMaterials/Substrate/Glints2/dict_0000_0229" 7809
"/Engine/EngineMaterials/Substrate/Glints2/dict_0000_0228" 7810
"/Engine/EngineMaterials/Substrate/Glints2/dict_0000_0238" 7811
"/Engine/EngineMaterials/Substrate/Glints2/dict_0000_0237" 7812
"/Engine/EngineMaterials/Substrate/Glints2/dict_0000_0236" 7813
"../../../Engine/Content/EngineMaterials/Substrate/Glints2/dict_0000_0242.uasset" 7814
"/Engine/EngineMaterials/Substrate/Glints2/dict_0000_0235" 7815
"/Engine/EngineMaterials/Substrate/Glints2/dict_0000_0234" 7816
"/Engine/EngineMaterials/Substrate/Glints2/dict_0000_0233" 7817
"/Engine/EngineMaterials/Substrate/Glints2/dict_0000_0242" 7818
"/Engine/EngineMaterials/Substrate/Glints2/dict_0000_0239" 7819
"../../../Engine/Content/EngineMaterials/Substrate/Glints2/dict_0000_0243.uasset" 7820
"../../../Engine/Content/EngineMaterials/Substrate/Glints2/dict_0000_0241.uasset" 7821
"../../../Engine/Content/EngineMaterials/Substrate/Glints2/dict_0000_0248.uasset" 7822
"../../../Engine/Content/EngineMaterials/Substrate/Glints2/dict_0000_0247.uasset" 7823
"../../../Engine/Content/EngineMaterials/Substrate/Glints2/dict_0000_0240.uasset" 7824
"../../../Engine/Content/EngineMaterials/Substrate/Glints2/dict_0000_0244.uasset" 7825
"../../../Engine/Content/EngineMaterials/Substrate/Glints2/dict_0000_0246.uasset" 7826
"../../../Engine/Content/EngineMaterials/Substrate/Glints2/dict_0000_0245.uasset" 7827
"../../../Engine/Content/EngineMaterials/Substrate/Glints2/dict_0000_0249.uasset" 7828
"../../../Engine/Content/EngineMaterials/Substrate/Glints2/dict_0000_0251.uasset" 7829
"/Engine/EngineMaterials/Substrate/Glints2/dict_0000_0251" 7830
"/Engine/EngineMaterials/Substrate/Glints2/dict_0000_0249" 7831
"../../../Engine/Content/EngineMaterials/Substrate/Glints2/dict_0000_0253.uasset" 7832
"/Engine/EngineMaterials/Substrate/Glints2/dict_0000_0248" 7833
"/Engine/EngineMaterials/Substrate/Glints2/dict_0000_0247" 7834
"../../../Engine/Content/EngineMaterials/Substrate/Glints2/dict_0000_0252.uasset" 7835
"/Engine/EngineMaterials/Substrate/Glints2/dict_0000_0241" 7836
"../../../Engine/Content/EngineMaterials/Substrate/Glints2/dict_0000_0250.uasset" 7837
"/Engine/EngineMaterials/Substrate/Glints2/dict_0000_0246" 7838
"/Engine/EngineMaterials/Substrate/Glints2/dict_0000_0243" 7839
"../../../Engine/Content/EngineMaterials/Substrate/Glints2/dict_0000_0255.uasset" 7840
"/Engine/EngineMaterials/Substrate/Glints2/dict_0000_0240" 7841
"/Engine/EngineMaterials/Substrate/Glints2/dict_0000_0245" 7842
"/Engine/EngineMaterials/Substrate/Glints2/dict_0000_0244" 7843
"../../../Engine/Content/EngineMaterials/Substrate/Glints2/dict_0001_0003.uasset" 7844
"/Engine/EngineMaterials/Substrate/Glints2/dict_0000_0255" 7845
"../../../Engine/Content/EngineMaterials/Substrate/Glints2/dict_0001_0000.uasset" 7846
"/Engine/EngineMaterials/Substrate/Glints2/dict_0000_0253" 7847
"../../../Engine/Content/EngineMaterials/Substrate/Glints2/dict_0000_0254.uasset" 7848
"../../../Engine/Content/EngineMaterials/Substrate/Glints2/dict_0001_0001.uasset" 7849
"/Engine/EngineMaterials/Substrate/Glints2/dict_0000_0252" 7850
"/Engine/EngineMaterials/Substrate/Glints2/dict_0000_0250" 7851
"/Engine/EngineMaterials/Substrate/Glints2/dict_0001_0003" 7852
"../../../Engine/Content/EngineMaterials/Substrate/Glints2/dict_0001_0002.uasset" 7853
"/Engine/EngineMaterials/Substrate/Glints2/dict_0001_0000" 7854
"/Engine/EngineMaterials/Substrate/Glints2/dict_0000_0254" 7855
"../../../Engine/Content/EngineMaterials/Substrate/Glints2/dict_0001_0004.uasset" 7856
"../../../Engine/Content/EngineMaterials/Substrate/Glints2/dict_0001_0006.uasset" 7857
"/Engine/EngineMaterials/Substrate/Glints2/dict_0001_0002" 7858
"/Engine/EngineMaterials/Substrate/Glints2/dict_0001_0001" 7859
"/Engine/EngineMaterials/Substrate/Glints2/dict_0001_0004" 7860
"/Engine/EngineMaterials/Substrate/Glints2/dict_0001_0006" 7861
"../../../Engine/Content/EngineMaterials/Substrate/Glints2/dict_0001_0005.uasset" 7862
"../../../Engine/Content/EngineMaterials/Substrate/Glints2/dict_0001_0007.uasset" 7863
"../../../Engine/Content/EngineMaterials/Substrate/Glints2/dict_0001_0008.uasset" 7864
"../../../Engine/Content/EngineMaterials/Substrate/Glints2/dict_0001_0009.uasset" 7865
"/Engine/EngineMaterials/Substrate/Glints2/dict_0001_0009" 7866
"../../../Engine/Content/EngineMaterials/Substrate/Glints2/dict_0001_0010.uasset" 7867
"../../../Engine/Content/EngineMaterials/Substrate/Glints2/dict_0001_0014.uasset" 7868
"/Engine/EngineMaterials/Substrate/Glints2/dict_0001_0008" 7869
"/Engine/EngineMaterials/Substrate/Glints2/dict_0001_0007" 7870
"../../../Engine/Content/EngineMaterials/Substrate/Glints2/dict_0001_0013.uasset" 7871
"/Engine/EngineMaterials/Substrate/Glints2/dict_0001_0005" 7872
"../../../Engine/Content/EngineMaterials/Substrate/Glints2/dict_0001_0011.uasset" 7873
"/Engine/EngineMaterials/Substrate/Glints2/dict_0001_0014" 7874
"../../../Engine/Content/EngineMaterials/Substrate/Glints2/dict_0001_0017.uasset" 7875
"../../../Engine/Content/EngineMaterials/Substrate/Glints2/dict_0001_0012.uasset" 7876
"/Engine/EngineMaterials/Substrate/Glints2/dict_0001_0013" 7877
"/Engine/EngineMaterials/Substrate/Glints2/dict_0001_0011" 7878
"../../../Engine/Content/EngineMaterials/Substrate/Glints2/dict_0001_0015.uasset" 7879
"/Engine/EngineMaterials/Substrate/Glints2/dict_0001_0010" 7880
"/Engine/EngineMaterials/Substrate/Glints2/dict_0001_0012" 7881
"/Engine/EngineMaterials/Substrate/Glints2/dict_0001_0015" 7882
"/Engine/EngineMaterials/Substrate/Glints2/dict_0001_0017" 7883
"../../../Engine/Content/EngineMaterials/Substrate/Glints2/dict_0001_0018.uasset" 7884
"../../../Engine/Content/EngineMaterials/Substrate/Glints2/dict_0001_0016.uasset" 7885
"/Engine/EngineMaterials/Substrate/Glints2/dict_0001_0018" 7886
"../../../Engine/Content/EngineMaterials/Substrate/Glints2/dict_0001_0019.uasset" 7887
"/Engine/EngineMaterials/Substrate/Glints2/dict_0001_0016" 7888
"/Engine/EngineMaterials/Substrate/Glints2/dict_0001_0019" 7889
"../../../Engine/Content/EngineMaterials/Substrate/Glints2/dict_0001_0020.uasset" 7890
"../../../Engine/Content/EngineMaterials/Substrate/Glints2/dict_0001_0021.uasset" 7891
"../../../Engine/Content/EngineMaterials/Substrate/Glints2/dict_0001_0022.uasset" 7892
"../../../Engine/Content/EngineMaterials/Substrate/Glints2/dict_0001_0024.uasset" 7893
"../../../Engine/Content/EngineMaterials/Substrate/Glints2/dict_0001_0026.uasset" 7894
"../../../Engine/Content/EngineMaterials/Substrate/Glints2/dict_0001_0027.uasset" 7895
"../../../Engine/Content/EngineMaterials/Substrate/Glints2/dict_0001_0025.uasset" 7896
"../../../Engine/Content/EngineMaterials/Substrate/Glints2/dict_0001_0023.uasset" 7897
"../../../Engine/Content/EngineMaterials/Substrate/Glints2/dict_0001_0028.uasset" 7898
"/Engine/EngineMaterials/Substrate/Glints2/dict_0001_0026" 7899
"/Engine/EngineMaterials/Substrate/Glints2/dict_0001_0028" 7900
"/Engine/EngineMaterials/Substrate/Glints2/dict_0001_0025" 7901
"../../../Engine/Content/EngineMaterials/Substrate/Glints2/dict_0001_0029.uasset" 7902
"/Engine/EngineMaterials/Substrate/Glints2/dict_0001_0024" 7903
"../../../Engine/Content/EngineMaterials/Substrate/Glints2/dict_0001_0030.uasset" 7904
"/Engine/EngineMaterials/Substrate/Glints2/dict_0001_0023" 7905
"../../../Engine/Content/EngineMaterials/Substrate/Glints2/dict_0001_0032.uasset" 7906
"/Engine/EngineMaterials/Substrate/Glints2/dict_0001_0022" 7907
"/Engine/EngineMaterials/Substrate/Glints2/dict_0001_0021" 7908
"/Engine/EngineMaterials/Substrate/Glints2/dict_0001_0020" 7909
"/Engine/EngineMaterials/Substrate/Glints2/dict_0001_0027" 7910
"../../../Engine/Content/EngineMaterials/Substrate/Glints2/dict_0001_0033.uasset" 7911
"/Engine/EngineMaterials/Substrate/Glints2/dict_0001_0030" 7912
"/Engine/EngineMaterials/Substrate/Glints2/dict_0001_0029" 7913
"../../../Engine/Content/EngineMaterials/Substrate/Glints2/dict_0001_0031.uasset" 7914
"/Engine/EngineMaterials/Substrate/Glints2/dict_0001_0032" 7915
"/Engine/EngineMaterials/Substrate/Glints2/dict_0001_0031" 7916
"/Engine/EngineMaterials/Substrate/Glints2/dict_0001_0033" 7917
"../../../Engine/Content/EngineMaterials/Substrate/Glints2/dict_0001_0035.uasset" 7918
"../../../Engine/Content/EngineMaterials/Substrate/Glints2/dict_0001_0034.uasset" 7919
"../../../Engine/Content/EngineMaterials/Substrate/Glints2/dict_0001_0037.uasset" 7920
"../../../Engine/Content/EngineMaterials/Substrate/Glints2/dict_0001_0036.uasset" 7921
"../../../Engine/Content/EngineMaterials/Substrate/Glints2/dict_0001_0038.uasset" 7922
"../../../Engine/Content/EngineMaterials/Substrate/Glints2/dict_0001_0041.uasset" 7923
"../../../Engine/Content/EngineMaterials/Substrate/Glints2/dict_0001_0040.uasset" 7924
"/Engine/EngineMaterials/Substrate/Glints2/dict_0001_0035" 7925
"../../../Engine/Content/EngineMaterials/Substrate/Glints2/dict_0001_0039.uasset" 7926
"/Engine/EngineMaterials/Substrate/Glints2/dict_0001_0034" 7927
"../../../Engine/Content/EngineMaterials/Substrate/Glints2/dict_0001_0043.uasset" 7928
"/Engine/EngineMaterials/Substrate/Glints2/dict_0001_0041" 7929
"../../../Engine/Content/EngineMaterials/Substrate/Glints2/dict_0001_0042.uasset" 7930
"/Engine/EngineMaterials/Substrate/Glints2/dict_0001_0040" 7931
"../../../Engine/Content/EngineMaterials/Substrate/Glints2/dict_0001_0045.uasset" 7932
"../../../Engine/Content/EngineMaterials/Substrate/Glints2/dict_0001_0044.uasset" 7933
"/Engine/EngineMaterials/Substrate/Glints2/dict_0001_0037" 7934
"/Engine/EngineMaterials/Substrate/Glints2/dict_0001_0036" 7935
"/Engine/EngineMaterials/Substrate/Glints2/dict_0001_0038" 7936
"../../../Engine/Content/EngineMaterials/Substrate/Glints2/dict_0001_0046.uasset" 7937
"/Engine/EngineMaterials/Substrate/Glints2/dict_0001_0045" 7938
"/Engine/EngineMaterials/Substrate/Glints2/dict_0001_0044" 7939
"/Engine/EngineMaterials/Substrate/Glints2/dict_0001_0043" 7940
"/Engine/EngineMaterials/Substrate/Glints2/dict_0001_0046" 7941
"/Engine/EngineMaterials/Substrate/Glints2/dict_0001_0042" 7942
"/Engine/EngineMaterials/Substrate/Glints2/dict_0001_0039" 7943
"../../../Engine/Content/EngineMaterials/Substrate/Glints2/dict_0001_0047.uasset" 7944
"../../../Engine/Content/EngineMaterials/Substrate/Glints2/dict_0001_0049.uasset" 7945
"../../../Engine/Content/EngineMaterials/Substrate/Glints2/dict_0001_0048.uasset" 7946
"../../../Engine/Content/EngineMaterials/Substrate/Glints2/dict_0001_0051.uasset" 7947
"../../../Engine/Content/EngineMaterials/Substrate/Glints2/dict_0001_0054.uasset" 7948
"/Engine/EngineMaterials/Substrate/Glints2/dict_0001_0051" 7949
"../../../Engine/Content/EngineMaterials/Substrate/Glints2/dict_0001_0052.uasset" 7950
"/Engine/EngineMaterials/Substrate/Glints2/dict_0001_0048" 7951
"../../../Engine/Content/EngineMaterials/Substrate/Glints2/dict_0001_0058.uasset" 7952
"/Engine/EngineMaterials/Substrate/Glints2/dict_0001_0054" 7953
"../../../Engine/Content/EngineMaterials/Substrate/Glints2/dict_0001_0053.uasset" 7954
"../../../Engine/Content/EngineMaterials/Substrate/Glints2/dict_0001_0056.uasset" 7955
"../../../Engine/Content/EngineMaterials/Substrate/Glints2/dict_0001_0050.uasset" 7956
"/Engine/EngineMaterials/Substrate/Glints2/dict_0001_0047" 7957
"../../../Engine/Content/EngineMaterials/Substrate/Glints2/dict_0001_0055.uasset" 7958
"/Engine/EngineMaterials/Substrate/Glints2/dict_0001_0049" 7959
"/Engine/EngineMaterials/Substrate/Glints2/dict_0001_0058" 7960
"../../../Engine/Content/EngineMaterials/Substrate/Glints2/dict_0001_0057.uasset" 7961
"/Engine/EngineMaterials/Substrate/Glints2/dict_0001_0056" 7962
"../../../Engine/Content/EngineMaterials/Substrate/Glints2/dict_0001_0061.uasset" 7963
"/Engine/EngineMaterials/Substrate/Glints2/dict_0001_0055" 7964
"/Engine/EngineMaterials/Substrate/Glints2/dict_0001_0053" 7965
"../../../Engine/Content/EngineMaterials/Substrate/Glints2/dict_0001_0059.uasset" 7966
"/Engine/EngineMaterials/Substrate/Glints2/dict_0001_0050" 7967
"/Engine/EngineMaterials/Substrate/Glints2/dict_0001_0052" 7968
"/Engine/EngineMaterials/Substrate/Glints2/dict_0001_0059" 7969
"/Engine/EngineMaterials/Substrate/Glints2/dict_0001_0057" 7970
"/Engine/EngineMaterials/Substrate/Glints2/dict_0001_0061" 7971
"../../../Engine/Content/EngineMaterials/Substrate/Glints2/dict_0001_0060.uasset" 7972
"/Engine/EngineMaterials/Substrate/Glints2/dict_0001_0060" 7973
"../../../Engine/Content/EngineMaterials/Substrate/Glints2/dict_0001_0065.uasset" 7974
"../../../Engine/Content/EngineMaterials/Substrate/Glints2/dict_0001_0067.uasset" 7975
"../../../Engine/Content/EngineMaterials/Substrate/Glints2/dict_0001_0063.uasset" 7976
"../../../Engine/Content/EngineMaterials/Substrate/Glints2/dict_0001_0064.uasset" 7977
"../../../Engine/Content/EngineMaterials/Substrate/Glints2/dict_0001_0066.uasset" 7978
"/Engine/EngineMaterials/Substrate/Glints2/dict_0001_0065" 7979
"../../../Engine/Content/EngineMaterials/Substrate/Glints2/dict_0001_0062.uasset" 7980
"/Engine/EngineMaterials/Substrate/Glints2/dict_0001_0063" 7981
"/Engine/EngineMaterials/Substrate/Glints2/dict_0001_0067" 7982
"/Engine/EngineMaterials/Substrate/Glints2/dict_0001_0064" 7983
"/Engine/EngineMaterials/Substrate/Glints2/dict_0001_0066" 7984
"/Engine/EngineMaterials/Substrate/Glints2/dict_0001_0062" 7985
"../../../Engine/Content/EngineMaterials/Substrate/Glints2/dict_0001_0068.uasset" 7986
"../../../Engine/Content/EngineMaterials/Substrate/Glints2/dict_0001_0073.uasset" 7987
"../../../Engine/Content/EngineMaterials/Substrate/Glints2/dict_0001_0069.uasset" 7988
"../../../Engine/Content/EngineMaterials/Substrate/Glints2/dict_0001_0074.uasset" 7989
"../../../Engine/Content/EngineMaterials/Substrate/Glints2/dict_0001_0072.uasset" 7990
"../../../Engine/Content/EngineMaterials/Substrate/Glints2/dict_0001_0070.uasset" 7991
"../../../Engine/Content/EngineMaterials/Substrate/Glints2/dict_0001_0071.uasset" 7992
"../../../Engine/Content/EngineMaterials/Substrate/Glints2/dict_0001_0075.uasset" 7993
"/Engine/EngineMaterials/Substrate/Glints2/dict_0001_0072" 7994
"../../../Engine/Content/EngineMaterials/Substrate/Glints2/dict_0001_0076.uasset" 7995
"../../../Engine/Content/EngineMaterials/Substrate/Glints2/dict_0001_0080.uasset" 7996
"/Engine/EngineMaterials/Substrate/Glints2/dict_0001_0071" 7997
"../../../Engine/Content/EngineMaterials/Substrate/Glints2/dict_0001_0077.uasset" 7998
"../../../Engine/Content/EngineMaterials/Substrate/Glints2/dict_0001_0079.uasset" 7999
"/Engine/EngineMaterials/Substrate/Glints2/dict_0001_0075" 8000
"../../../Engine/Content/EngineMaterials/Substrate/Glints2/dict_0001_0081.uasset" 8001
"/Engine/EngineMaterials/Substrate/Glints2/dict_0001_0074" 8002
"../../../Engine/Content/EngineMaterials/Substrate/Glints2/dict_0001_0078.uasset" 8003
"/Engine/EngineMaterials/Substrate/Glints2/dict_0001_0070" 8004
"/Engine/EngineMaterials/Substrate/Glints2/dict_0001_0069" 8005
"/Engine/EngineMaterials/Substrate/Glints2/dict_0001_0073" 8006
"../../../Engine/Content/EngineMaterials/Substrate/Glints2/dict_0001_0085.uasset" 8007
"/Engine/EngineMaterials/Substrate/Glints2/dict_0001_0068" 8008
"/Engine/EngineMaterials/Substrate/Glints2/dict_0001_0078" 8009
"../../../Engine/Content/EngineMaterials/Substrate/Glints2/dict_0001_0082.uasset" 8010
"/Engine/EngineMaterials/Substrate/Glints2/dict_0001_0077" 8011
"/Engine/EngineMaterials/Substrate/Glints2/dict_0001_0076" 8012
"/Engine/EngineMaterials/Substrate/Glints2/dict_0001_0081" 8013
"/Engine/EngineMaterials/Substrate/Glints2/dict_0001_0085" 8014
"/Engine/EngineMaterials/Substrate/Glints2/dict_0001_0080" 8015
"/Engine/EngineMaterials/Substrate/Glints2/dict_0001_0079" 8016
"../../../Engine/Content/EngineMaterials/Substrate/Glints2/dict_0001_0086.uasset" 8017
"/Engine/EngineMaterials/Substrate/Glints2/dict_0001_0082" 8018
"../../../Engine/Content/EngineMaterials/Substrate/Glints2/dict_0001_0083.uasset" 8019
"/Engine/EngineMaterials/Substrate/Glints2/dict_0001_0086" 8020
"../../../Engine/Content/EngineMaterials/Substrate/Glints2/dict_0001_0087.uasset" 8021
"../../../Engine/Content/EngineMaterials/Substrate/Glints2/dict_0001_0084.uasset" 8022
"/Engine/EngineMaterials/Substrate/Glints2/dict_0001_0083" 8023
"/Engine/EngineMaterials/Substrate/Glints2/dict_0001_0087" 8024
"/Engine/EngineMaterials/Substrate/Glints2/dict_0001_0084" 8025
"../../../Engine/Content/EngineMaterials/Substrate/Glints2/dict_0001_0091.uasset" 8026
"../../../Engine/Content/EngineMaterials/Substrate/Glints2/dict_0001_0089.uasset" 8027
"../../../Engine/Content/EngineMaterials/Substrate/Glints2/dict_0001_0092.uasset" 8028
"../../../Engine/Content/EngineMaterials/Substrate/Glints2/dict_0001_0093.uasset" 8029
"../../../Engine/Content/EngineMaterials/Substrate/Glints2/dict_0001_0090.uasset" 8030
"../../../Engine/Content/EngineMaterials/Substrate/Glints2/dict_0001_0094.uasset" 8031
"../../../Engine/Content/EngineMaterials/Substrate/Glints2/dict_0001_0088.uasset" 8032
"../../../Engine/Content/EngineMaterials/Substrate/Glints2/dict_0001_0095.uasset" 8033
"/Engine/EngineMaterials/Substrate/Glints2/dict_0001_0093" 8034
"/Engine/EngineMaterials/Substrate/Glints2/dict_0001_0092" 8035
"/Engine/EngineMaterials/Substrate/Glints2/dict_0001_0089" 8036
"/Engine/EngineMaterials/Substrate/Glints2/dict_0001_0091" 8037
"../../../Engine/Content/EngineMaterials/Substrate/Glints2/dict_0001_0096.uasset" 8038
"/Engine/EngineMaterials/Substrate/Glints2/dict_0001_0088" 8039
"/Engine/EngineMaterials/Substrate/Glints2/dict_0001_0095" 8040
"/Engine/EngineMaterials/Substrate/Glints2/dict_0001_0094" 8041
"/Engine/EngineMaterials/Substrate/Glints2/dict_0001_0090" 8042
"/Engine/EngineMaterials/Substrate/Glints2/dict_0001_0096" 8043
"../../../Engine/Content/EngineMaterials/Substrate/Glints2/dict_0001_0098.uasset" 8044
"../../../Engine/Content/EngineMaterials/Substrate/Glints2/dict_0001_0100.uasset" 8045
"../../../Engine/Content/EngineMaterials/Substrate/Glints2/dict_0001_0097.uasset" 8046
"../../../Engine/Content/EngineMaterials/Substrate/Glints2/dict_0001_0101.uasset" 8047
"../../../Engine/Content/EngineMaterials/Substrate/Glints2/dict_0001_0099.uasset" 8048
"/Engine/EngineMaterials/Substrate/Glints2/dict_0001_0098" 8049
"../../../Engine/Content/EngineMaterials/Substrate/Glints2/dict_0001_0107.uasset" 8050
"../../../Engine/Content/EngineMaterials/Substrate/Glints2/dict_0001_0104.uasset" 8051
"../../../Engine/Content/EngineMaterials/Substrate/Glints2/dict_0001_0105.uasset" 8052
"/Engine/EngineMaterials/Substrate/Glints2/dict_0001_0097" 8053
"/Engine/EngineMaterials/Substrate/Glints2/dict_0001_0099" 8054
"../../../Engine/Content/EngineMaterials/Substrate/Glints2/dict_0001_0102.uasset" 8055
"../../../Engine/Content/EngineMaterials/Substrate/Glints2/dict_0001_0109.uasset" 8056
"/Engine/EngineMaterials/Substrate/Glints2/dict_0001_0101" 8057
"/Engine/EngineMaterials/Substrate/Glints2/dict_0001_0100" 8058
"../../../Engine/Content/EngineMaterials/Substrate/Glints2/dict_0001_0106.uasset" 8059
"/Engine/EngineMaterials/Substrate/Glints2/dict_0001_0107" 8060
"/Engine/EngineMaterials/Substrate/Glints2/dict_0001_0106" 8061
"/Engine/EngineMaterials/Substrate/Glints2/dict_0001_0109" 8062
"/Engine/EngineMaterials/Substrate/Glints2/dict_0001_0105" 8063
"/Engine/EngineMaterials/Substrate/Glints2/dict_0001_0104" 8064
"/Engine/EngineMaterials/Substrate/Glints2/dict_0001_0102" 8065
"../../../Engine/Content/EngineMaterials/Substrate/Glints2/dict_0001_0108.uasset" 8066
"/Engine/EngineMaterials/Substrate/Glints2/dict_0001_0108" 8067
"../../../Engine/Content/EngineMaterials/Substrate/Glints2/dict_0001_0112.uasset" 8068
"../../../Engine/Content/EngineMaterials/Substrate/Glints2/dict_0001_0110.uasset" 8069
"../../../Engine/Content/EngineMaterials/Substrate/Glints2/dict_0001_0103.uasset" 8070
"../../../Engine/Content/EngineMaterials/Substrate/Glints2/dict_0001_0113.uasset" 8071
"../../../Engine/Content/EngineMaterials/Substrate/Glints2/dict_0001_0111.uasset" 8072
"../../../Engine/Content/EngineMaterials/Substrate/Glints2/dict_0001_0114.uasset" 8073
"/Engine/EngineMaterials/Substrate/Glints2/dict_0001_0114" 8074
"../../../Engine/Content/EngineMaterials/Substrate/Glints2/dict_0001_0115.uasset" 8075
"/Engine/EngineMaterials/Substrate/Glints2/dict_0001_0113" 8076
"/Engine/EngineMaterials/Substrate/Glints2/dict_0001_0112" 8077
"/Engine/EngineMaterials/Substrate/Glints2/dict_0001_0111" 8078
"/Engine/EngineMaterials/Substrate/Glints2/dict_0001_0110" 8079
"../../../Engine/Content/EngineMaterials/Substrate/Glints2/dict_0001_0116.uasset" 8080
"/Engine/EngineMaterials/Substrate/Glints2/dict_0001_0103" 8081
"/Engine/EngineMaterials/Substrate/Glints2/dict_0001_0116" 8082
"/Engine/EngineMaterials/Substrate/Glints2/dict_0001_0115" 8083
"../../../Engine/Content/EngineMaterials/Substrate/Glints2/dict_0001_0119.uasset" 8084
"../../../Engine/Content/EngineMaterials/Substrate/Glints2/dict_0001_0121.uasset" 8085
"/Engine/EngineMaterials/Substrate/Glints2/dict_0001_0119" 8086
"/Engine/EngineMaterials/Substrate/Glints2/dict_0001_0121" 8087
"../../../Engine/Content/EngineMaterials/Substrate/Glints2/dict_0001_0117.uasset" 8088
"../../../Engine/Content/EngineMaterials/Substrate/Glints2/dict_0001_0123.uasset" 8089
"../../../Engine/Content/EngineMaterials/Substrate/Glints2/dict_0001_0118.uasset" 8090
"../../../Engine/Content/EngineMaterials/Substrate/Glints2/dict_0001_0120.uasset" 8091
"../../../Engine/Content/EngineMaterials/Substrate/Glints2/dict_0001_0122.uasset" 8092
"../../../Engine/Content/EngineMaterials/Substrate/Glints2/dict_0001_0124.uasset" 8093
"../../../Engine/Content/EngineMaterials/Substrate/Glints2/dict_0001_0125.uasset" 8094
"../../../Engine/Content/EngineMaterials/Substrate/Glints2/dict_0001_0126.uasset" 8095
"../../../Engine/Content/EngineMaterials/Substrate/Glints2/dict_0001_0128.uasset" 8096
"../../../Engine/Content/EngineMaterials/Substrate/Glints2/dict_0001_0127.uasset" 8097
"/Engine/EngineMaterials/Substrate/Glints2/dict_0001_0127" 8098
"/Engine/EngineMaterials/Substrate/Glints2/dict_0001_0126" 8099
"/Engine/EngineMaterials/Substrate/Glints2/dict_0001_0125" 8100
"/Engine/EngineMaterials/Substrate/Glints2/dict_0001_0124" 8101
"/Engine/EngineMaterials/Substrate/Glints2/dict_0001_0123" 8102
"/Engine/EngineMaterials/Substrate/Glints2/dict_0001_0118" 8103
"/Engine/EngineMaterials/Substrate/Glints2/dict_0001_0128" 8104
"/Engine/EngineMaterials/Substrate/Glints2/dict_0001_0122" 8105
"/Engine/EngineMaterials/Substrate/Glints2/dict_0001_0117" 8106
"/Engine/EngineMaterials/Substrate/Glints2/dict_0001_0120" 8107
"../../../Engine/Content/EngineMaterials/Substrate/Glints2/dict_0001_0129.uasset" 8108
"../../../Engine/Content/EngineMaterials/Substrate/Glints2/dict_0001_0130.uasset" 8109
"../../../Engine/Content/EngineMaterials/Substrate/Glints2/dict_0001_0131.uasset" 8110
"../../../Engine/Content/EngineMaterials/Substrate/Glints2/dict_0001_0133.uasset" 8111
"../../../Engine/Content/EngineMaterials/Substrate/Glints2/dict_0001_0137.uasset" 8112
"../../../Engine/Content/EngineMaterials/Substrate/Glints2/dict_0001_0132.uasset" 8113
"../../../Engine/Content/EngineMaterials/Substrate/Glints2/dict_0001_0135.uasset" 8114
"../../../Engine/Content/EngineMaterials/Substrate/Glints2/dict_0001_0134.uasset" 8115
"../../../Engine/Content/EngineMaterials/Substrate/Glints2/dict_0001_0138.uasset" 8116
"../../../Engine/Content/EngineMaterials/Substrate/Glints2/dict_0001_0140.uasset" 8117
"../../../Engine/Content/EngineMaterials/Substrate/Glints2/dict_0001_0141.uasset" 8118
"../../../Engine/Content/EngineMaterials/Substrate/Glints2/dict_0001_0136.uasset" 8119
"../../../Engine/Content/EngineMaterials/Substrate/Glints2/dict_0001_0139.uasset" 8120
"/Engine/EngineMaterials/Substrate/Glints2/dict_0001_0139" 8121
"/Engine/EngineMaterials/Substrate/Glints2/dict_0001_0133" 8122
"/Engine/EngineMaterials/Substrate/Glints2/dict_0001_0138" 8123
"/Engine/EngineMaterials/Substrate/Glints2/dict_0001_0132" 8124
"/Engine/EngineMaterials/Substrate/Glints2/dict_0001_0131" 8125
"/Engine/EngineMaterials/Substrate/Glints2/dict_0001_0137" 8126
"/Engine/EngineMaterials/Substrate/Glints2/dict_0001_0140" 8127
"/Engine/EngineMaterials/Substrate/Glints2/dict_0001_0136" 8128
"/Engine/EngineMaterials/Substrate/Glints2/dict_0001_0135" 8129
"/Engine/EngineMaterials/Substrate/Glints2/dict_0001_0141" 8130
"/Engine/EngineMaterials/Substrate/Glints2/dict_0001_0134" 8131
"/Engine/EngineMaterials/Substrate/Glints2/dict_0001_0130" 8132
"/Engine/EngineMaterials/Substrate/Glints2/dict_0001_0129" 8133
"../../../Engine/Content/EngineMaterials/Substrate/Glints2/dict_0001_0144.uasset" 8134
"../../../Engine/Content/EngineMaterials/Substrate/Glints2/dict_0001_0147.uasset" 8135
"../../../Engine/Content/EngineMaterials/Substrate/Glints2/dict_0001_0146.uasset" 8136
"../../../Engine/Content/EngineMaterials/Substrate/Glints2/dict_0001_0151.uasset" 8137
"../../../Engine/Content/EngineMaterials/Substrate/Glints2/dict_0001_0142.uasset" 8138
"../../../Engine/Content/EngineMaterials/Substrate/Glints2/dict_0001_0145.uasset" 8139
"../../../Engine/Content/EngineMaterials/Substrate/Glints2/dict_0001_0143.uasset" 8140
"../../../Engine/Content/EngineMaterials/Substrate/Glints2/dict_0001_0149.uasset" 8141
"../../../Engine/Content/EngineMaterials/Substrate/Glints2/dict_0001_0155.uasset" 8142
"../../../Engine/Content/EngineMaterials/Substrate/Glints2/dict_0001_0152.uasset" 8143
"../../../Engine/Content/EngineMaterials/Substrate/Glints2/dict_0001_0150.uasset" 8144
"../../../Engine/Content/EngineMaterials/Substrate/Glints2/dict_0001_0148.uasset" 8145
"/Engine/EngineMaterials/Substrate/Glints2/dict_0001_0146" 8146
"/Engine/EngineMaterials/Substrate/Glints2/dict_0001_0150" 8147
"../../../Engine/Content/EngineMaterials/Substrate/Glints2/dict_0001_0153.uasset" 8148
"/Engine/EngineMaterials/Substrate/Glints2/dict_0001_0145" 8149
"../../../Engine/Content/EngineMaterials/Substrate/Glints2/dict_0001_0154.uasset" 8150
"/Engine/EngineMaterials/Substrate/Glints2/dict_0001_0148" 8151
"/Engine/EngineMaterials/Substrate/Glints2/dict_0001_0144" 8152
"/Engine/EngineMaterials/Substrate/Glints2/dict_0001_0155" 8153
"/Engine/EngineMaterials/Substrate/Glints2/dict_0001_0143" 8154
"/Engine/EngineMaterials/Substrate/Glints2/dict_0001_0147" 8155
"/Engine/EngineMaterials/Substrate/Glints2/dict_0001_0142" 8156
"/Engine/EngineMaterials/Substrate/Glints2/dict_0001_0149" 8157
"/Engine/EngineMaterials/Substrate/Glints2/dict_0001_0152" 8158
"/Engine/EngineMaterials/Substrate/Glints2/dict_0001_0151" 8159
"/Engine/EngineMaterials/Substrate/Glints2/dict_0001_0154" 8160
"/Engine/EngineMaterials/Substrate/Glints2/dict_0001_0153" 8161
"../../../Engine/Content/EngineMaterials/Substrate/Glints2/dict_0001_0157.uasset" 8162
"../../../Engine/Content/EngineMaterials/Substrate/Glints2/dict_0001_0161.uasset" 8163
"../../../Engine/Content/EngineMaterials/Substrate/Glints2/dict_0001_0166.uasset" 8164
"../../../Engine/Content/EngineMaterials/Substrate/Glints2/dict_0001_0156.uasset" 8165
"/Engine/EngineMaterials/Substrate/Glints2/dict_0001_0157" 8166
"../../../Engine/Content/EngineMaterials/Substrate/Glints2/dict_0001_0158.uasset" 8167
"../../../Engine/Content/EngineMaterials/Substrate/Glints2/dict_0001_0169.uasset" 8168
"../../../Engine/Content/EngineMaterials/Substrate/Glints2/dict_0001_0162.uasset" 8169
"../../../Engine/Content/EngineMaterials/Substrate/Glints2/dict_0001_0164.uasset" 8170
"/Engine/EngineMaterials/Substrate/Glints2/dict_0001_0156" 8171
"../../../Engine/Content/EngineMaterials/Substrate/Glints2/dict_0001_0163.uasset" 8172
"../../../Engine/Content/EngineMaterials/Substrate/Glints2/dict_0001_0167.uasset" 8173
"/Engine/EngineMaterials/Substrate/Glints2/dict_0001_0166" 8174
"/Engine/EngineMaterials/Substrate/Glints2/dict_0001_0161" 8175
"../../../Engine/Content/EngineMaterials/Substrate/Glints2/dict_0001_0165.uasset" 8176
"/Engine/EngineMaterials/Substrate/Glints2/dict_0001_0169" 8177
"/Engine/EngineMaterials/Substrate/Glints2/dict_0001_0158" 8178
"../../../Engine/Content/EngineMaterials/Substrate/Glints2/dict_0001_0159.uasset" 8179
"../../../Engine/Content/EngineMaterials/Substrate/Glints2/dict_0001_0160.uasset" 8180
"/Engine/EngineMaterials/Substrate/Glints2/dict_0001_0167" 8181
"/Engine/EngineMaterials/Substrate/Glints2/dict_0001_0165" 8182
"/Engine/EngineMaterials/Substrate/Glints2/dict_0001_0164" 8183
"../../../Engine/Content/EngineMaterials/Substrate/Glints2/dict_0001_0168.uasset" 8184
"/Engine/EngineMaterials/Substrate/Glints2/dict_0001_0163" 8185
"/Engine/EngineMaterials/Substrate/Glints2/dict_0001_0162" 8186
"/Engine/EngineMaterials/Substrate/Glints2/dict_0001_0160" 8187
"/Engine/EngineMaterials/Substrate/Glints2/dict_0001_0159" 8188
"/Engine/EngineMaterials/Substrate/Glints2/dict_0001_0168" 8189
"../../../Engine/Content/EngineMaterials/Substrate/Glints2/dict_0001_0173.uasset" 8190
"../../../Engine/Content/EngineMaterials/Substrate/Glints2/dict_0001_0172.uasset" 8191
"../../../Engine/Content/EngineMaterials/Substrate/Glints2/dict_0001_0177.uasset" 8192
"../../../Engine/Content/EngineMaterials/Substrate/Glints2/dict_0001_0171.uasset" 8193
"../../../Engine/Content/EngineMaterials/Substrate/Glints2/dict_0001_0174.uasset" 8194
"../../../Engine/Content/EngineMaterials/Substrate/Glints2/dict_0001_0176.uasset" 8195
"../../../Engine/Content/EngineMaterials/Substrate/Glints2/dict_0001_0179.uasset" 8196
"../../../Engine/Content/EngineMaterials/Substrate/Glints2/dict_0001_0178.uasset" 8197
"../../../Engine/Content/EngineMaterials/Substrate/Glints2/dict_0001_0170.uasset" 8198
"/Engine/EngineMaterials/Substrate/Glints2/dict_0001_0173" 8199
"../../../Engine/Content/EngineMaterials/Substrate/Glints2/dict_0001_0180.uasset" 8200
"../../../Engine/Content/EngineMaterials/Substrate/Glints2/dict_0001_0175.uasset" 8201
"/Engine/EngineMaterials/Substrate/Glints2/dict_0001_0172" 8202
"/Engine/EngineMaterials/Substrate/Glints2/dict_0001_0171" 8203
"/Engine/EngineMaterials/Substrate/Glints2/dict_0001_0170" 8204
"/Engine/EngineMaterials/Substrate/Glints2/dict_0001_0179" 8205
"/Engine/EngineMaterials/Substrate/Glints2/dict_0001_0178" 8206
"/Engine/EngineMaterials/Substrate/Glints2/dict_0001_0177" 8207
"/Engine/EngineMaterials/Substrate/Glints2/dict_0001_0176" 8208
"/Engine/EngineMaterials/Substrate/Glints2/dict_0001_0174" 8209
"/Engine/EngineMaterials/Substrate/Glints2/dict_0001_0180" 8210
"/Engine/EngineMaterials/Substrate/Glints2/dict_0001_0175" 8211
"../../../Engine/Content/EngineMaterials/Substrate/Glints2/dict_0001_0182.uasset" 8212
"../../../Engine/Content/EngineMaterials/Substrate/Glints2/dict_0001_0181.uasset" 8213
"../../../Engine/Content/EngineMaterials/Substrate/Glints2/dict_0001_0183.uasset" 8214
"../../../Engine/Content/EngineMaterials/Substrate/Glints2/dict_0001_0188.uasset" 8215
"../../../Engine/Content/EngineMaterials/Substrate/Glints2/dict_0001_0184.uasset" 8216
"/Engine/EngineMaterials/Substrate/Glints2/dict_0001_0183" 8217
"../../../Engine/Content/EngineMaterials/Substrate/Glints2/dict_0001_0187.uasset" 8218
"../../../Engine/Content/EngineMaterials/Substrate/Glints2/dict_0001_0186.uasset" 8219
"../../../Engine/Content/EngineMaterials/Substrate/Glints2/dict_0001_0185.uasset" 8220
"/Engine/EngineMaterials/Substrate/Glints2/dict_0001_0182" 8221
"../../../Engine/Content/EngineMaterials/Substrate/Glints2/dict_0001_0192.uasset" 8222
"../../../Engine/Content/EngineMaterials/Substrate/Glints2/dict_0001_0189.uasset" 8223
"../../../Engine/Content/EngineMaterials/Substrate/Glints2/dict_0001_0193.uasset" 8224
"/Engine/EngineMaterials/Substrate/Glints2/dict_0001_0181" 8225
"/Engine/EngineMaterials/Substrate/Glints2/dict_0001_0185" 8226
"/Engine/EngineMaterials/Substrate/Glints2/dict_0001_0184" 8227
"../../../Engine/Content/EngineMaterials/Substrate/Glints2/dict_0001_0190.uasset" 8228
"/Engine/EngineMaterials/Substrate/Glints2/dict_0001_0189" 8229
"/Engine/EngineMaterials/Substrate/Glints2/dict_0001_0193" 8230
"../../../Engine/Content/EngineMaterials/Substrate/Glints2/dict_0001_0194.uasset" 8231
"/Engine/EngineMaterials/Substrate/Glints2/dict_0001_0192" 8232
"/Engine/EngineMaterials/Substrate/Glints2/dict_0001_0188" 8233
"/Engine/EngineMaterials/Substrate/Glints2/dict_0001_0187" 8234
"/Engine/EngineMaterials/Substrate/Glints2/dict_0001_0186" 8235
"/Engine/EngineMaterials/Substrate/Glints2/dict_0001_0190" 8236
"../../../Engine/Content/EngineMaterials/Substrate/Glints2/dict_0001_0191.uasset" 8237
"/Engine/EngineMaterials/Substrate/Glints2/dict_0001_0194" 8238
"/Engine/EngineMaterials/Substrate/Glints2/dict_0001_0191" 8239
"../../../Engine/Content/EngineMaterials/Substrate/Glints2/dict_0001_0195.uasset" 8240
"../../../Engine/Content/EngineMaterials/Substrate/Glints2/dict_0001_0197.uasset" 8241
"../../../Engine/Content/EngineMaterials/Substrate/Glints2/dict_0001_0196.uasset" 8242
"../../../Engine/Content/EngineMaterials/Substrate/Glints2/dict_0001_0202.uasset" 8243
"../../../Engine/Content/EngineMaterials/Substrate/Glints2/dict_0001_0198.uasset" 8244
"../../../Engine/Content/EngineMaterials/Substrate/Glints2/dict_0001_0200.uasset" 8245
"../../../Engine/Content/EngineMaterials/Substrate/Glints2/dict_0001_0204.uasset" 8246
"../../../Engine/Content/EngineMaterials/Substrate/Glints2/dict_0001_0199.uasset" 8247
"../../../Engine/Content/EngineMaterials/Substrate/Glints2/dict_0001_0205.uasset" 8248
"../../../Engine/Content/EngineMaterials/Substrate/Glints2/dict_0001_0201.uasset" 8249
"/Engine/EngineMaterials/Substrate/Glints2/dict_0001_0198" 8250
"/Engine/EngineMaterials/Substrate/Glints2/dict_0001_0201" 8251
"../../../Engine/Content/EngineMaterials/Substrate/Glints2/dict_0001_0203.uasset" 8252
"/Engine/EngineMaterials/Substrate/Glints2/dict_0001_0200" 8253
"/Engine/EngineMaterials/Substrate/Glints2/dict_0001_0197" 8254
"/Engine/EngineMaterials/Substrate/Glints2/dict_0001_0205" 8255
"../../../Engine/Content/EngineMaterials/Substrate/Glints2/dict_0001_0207.uasset" 8256
"/Engine/EngineMaterials/Substrate/Glints2/dict_0001_0204" 8257
"/Engine/EngineMaterials/Substrate/Glints2/dict_0001_0199" 8258
"../../../Engine/Content/EngineMaterials/Substrate/Glints2/dict_0001_0206.uasset" 8259
"/Engine/EngineMaterials/Substrate/Glints2/dict_0001_0196" 8260
"/Engine/EngineMaterials/Substrate/Glints2/dict_0001_0195" 8261
"/Engine/EngineMaterials/Substrate/Glints2/dict_0001_0202" 8262
"/Engine/EngineMaterials/Substrate/Glints2/dict_0001_0207" 8263
"/Engine/EngineMaterials/Substrate/Glints2/dict_0001_0206" 8264
"/Engine/EngineMaterials/Substrate/Glints2/dict_0001_0203" 8265
"../../../Engine/Content/EngineMaterials/Substrate/Glints2/dict_0001_0209.uasset" 8266
"../../../Engine/Content/EngineMaterials/Substrate/Glints2/dict_0001_0210.uasset" 8267
"../../../Engine/Content/EngineMaterials/Substrate/Glints2/dict_0001_0208.uasset" 8268
"../../../Engine/Content/EngineMaterials/Substrate/Glints2/dict_0001_0213.uasset" 8269
"../../../Engine/Content/EngineMaterials/Substrate/Glints2/dict_0001_0214.uasset" 8270
"../../../Engine/Content/EngineMaterials/Substrate/Glints2/dict_0001_0219.uasset" 8271
"../../../Engine/Content/EngineMaterials/Substrate/Glints2/dict_0001_0216.uasset" 8272
"/Engine/EngineMaterials/Substrate/Glints2/dict_0001_0210" 8273
"/Engine/EngineMaterials/Substrate/Glints2/dict_0001_0214" 8274
"/Engine/EngineMaterials/Substrate/Glints2/dict_0001_0213" 8275
"../../../Engine/Content/EngineMaterials/Substrate/Glints2/dict_0001_0215.uasset" 8276
"../../../Engine/Content/EngineMaterials/Substrate/Glints2/dict_0001_0212.uasset" 8277
"/Engine/EngineMaterials/Substrate/Glints2/dict_0001_0209" 8278
"../../../Engine/Content/EngineMaterials/Substrate/Glints2/dict_0001_0218.uasset" 8279
"/Engine/EngineMaterials/Substrate/Glints2/dict_0001_0208" 8280
"../../../Engine/Content/EngineMaterials/Substrate/Glints2/dict_0001_0217.uasset" 8281
"/Engine/EngineMaterials/Substrate/Glints2/dict_0001_0219" 8282
"../../../Engine/Content/EngineMaterials/Substrate/Glints2/dict_0001_0220.uasset" 8283
"../../../Engine/Content/EngineMaterials/Substrate/Glints2/dict_0001_0211.uasset" 8284
"/Engine/EngineMaterials/Substrate/Glints2/dict_0001_0216" 8285
"/Engine/EngineMaterials/Substrate/Glints2/dict_0001_0215" 8286
"/Engine/EngineMaterials/Substrate/Glints2/dict_0001_0212" 8287
"/Engine/EngineMaterials/Substrate/Glints2/dict_0001_0220" 8288
"/Engine/EngineMaterials/Substrate/Glints2/dict_0001_0218" 8289
"/Engine/EngineMaterials/Substrate/Glints2/dict_0001_0217" 8290
"/Engine/EngineMaterials/Substrate/Glints2/dict_0001_0211" 8291
"../../../Engine/Content/EngineMaterials/Substrate/Glints2/dict_0001_0222.uasset" 8292
"../../../Engine/Content/EngineMaterials/Substrate/Glints2/dict_0001_0221.uasset" 8293
"../../../Engine/Content/EngineMaterials/Substrate/Glints2/dict_0001_0224.uasset" 8294
"../../../Engine/Content/EngineMaterials/Substrate/Glints2/dict_0001_0225.uasset" 8295
"/Engine/EngineMaterials/Substrate/Glints2/dict_0001_0222" 8296
"/Engine/EngineMaterials/Substrate/Glints2/dict_0001_0221" 8297
"../../../Engine/Content/EngineMaterials/Substrate/Glints2/dict_0001_0231.uasset" 8298
"../../../Engine/Content/EngineMaterials/Substrate/Glints2/dict_0001_0228.uasset" 8299
"/Engine/EngineMaterials/Substrate/Glints2/dict_0001_0224" 8300
"../../../Engine/Content/EngineMaterials/Substrate/Glints2/dict_0001_0226.uasset" 8301
"../../../Engine/Content/EngineMaterials/Substrate/Glints2/dict_0001_0229.uasset" 8302
"../../../Engine/Content/EngineMaterials/Substrate/Glints2/dict_0001_0233.uasset" 8303
"../../../Engine/Content/EngineMaterials/Substrate/Glints2/dict_0001_0234.uasset" 8304
"/Engine/EngineMaterials/Substrate/Glints2/dict_0001_0234" 8305
"../../../Engine/Content/EngineMaterials/Substrate/Glints2/dict_0001_0227.uasset" 8306
"/Engine/EngineMaterials/Substrate/Glints2/dict_0001_0233" 8307
"/Engine/EngineMaterials/Substrate/Glints2/dict_0001_0226" 8308
"/Engine/EngineMaterials/Substrate/Glints2/dict_0001_0225" 8309
"/Engine/EngineMaterials/Substrate/Glints2/dict_0001_0231" 8310
"/Engine/EngineMaterials/Substrate/Glints2/dict_0001_0229" 8311
"/Engine/EngineMaterials/Substrate/Glints2/dict_0001_0228" 8312
"../../../Engine/Content/EngineMaterials/Substrate/Glints2/dict_0001_0223.uasset" 8313
"/Engine/EngineMaterials/Substrate/Glints2/dict_0001_0227" 8314
"../../../Engine/Content/EngineMaterials/Substrate/Glints2/dict_0001_0230.uasset" 8315
"/Engine/EngineMaterials/Substrate/Glints2/dict_0001_0223" 8316
"../../../Engine/Content/EngineMaterials/Substrate/Glints2/dict_0001_0232.uasset" 8317
"/Engine/EngineMaterials/Substrate/Glints2/dict_0001_0230" 8318
"/Engine/EngineMaterials/Substrate/Glints2/dict_0001_0232" 8319
"../../../Engine/Content/EngineMaterials/Substrate/Glints2/dict_0001_0236.uasset" 8320
"../../../Engine/Content/EngineMaterials/Substrate/Glints2/dict_0001_0235.uasset" 8321
"../../../Engine/Content/EngineMaterials/Substrate/Glints2/dict_0001_0241.uasset" 8322
"../../../Engine/Content/EngineMaterials/Substrate/Glints2/dict_0001_0237.uasset" 8323
"/Engine/EngineMaterials/Substrate/Glints2/dict_0001_0236" 8324
"/Engine/EngineMaterials/Substrate/Glints2/dict_0001_0235" 8325
"../../../Engine/Content/EngineMaterials/Substrate/Glints2/dict_0001_0238.uasset" 8326
"/Engine/EngineMaterials/Substrate/Glints2/dict_0001_0241" 8327
"/Engine/EngineMaterials/Substrate/Glints2/dict_0001_0238" 8328
"/Engine/EngineMaterials/Substrate/Glints2/dict_0001_0237" 8329
"../../../Engine/Content/EngineMaterials/Substrate/Glints2/dict_0001_0239.uasset" 8330
"../../../Engine/Content/EngineMaterials/Substrate/Glints2/dict_0001_0244.uasset" 8331
"../../../Engine/Content/EngineMaterials/Substrate/Glints2/dict_0001_0243.uasset" 8332
"../../../Engine/Content/EngineMaterials/Substrate/Glints2/dict_0001_0246.uasset" 8333
"../../../Engine/Content/EngineMaterials/Substrate/Glints2/dict_0001_0245.uasset" 8334
"../../../Engine/Content/EngineMaterials/Substrate/Glints2/dict_0001_0240.uasset" 8335
"../../../Engine/Content/EngineMaterials/Substrate/Glints2/dict_0001_0242.uasset" 8336
"../../../Engine/Content/EngineMaterials/Substrate/Glints2/dict_0001_0248.uasset" 8337
"../../../Engine/Content/EngineMaterials/Substrate/Glints2/dict_0001_0247.uasset" 8338
"../../../Engine/Content/EngineMaterials/Substrate/Glints2/dict_0001_0250.uasset" 8339
"/Engine/EngineMaterials/Substrate/Glints2/dict_0001_0246" 8340
"/Engine/EngineMaterials/Substrate/Glints2/dict_0001_0245" 8341
"/Engine/EngineMaterials/Substrate/Glints2/dict_0001_0244" 8342
"/Engine/EngineMaterials/Substrate/Glints2/dict_0001_0243" 8343
"../../../Engine/Content/EngineMaterials/Substrate/Glints2/dict_0001_0249.uasset" 8344
"/Engine/EngineMaterials/Substrate/Glints2/dict_0001_0242" 8345
"/Engine/EngineMaterials/Substrate/Glints2/dict_0001_0239" 8346
"/Engine/EngineMaterials/Substrate/Glints2/dict_0001_0250" 8347
"/Engine/EngineMaterials/Substrate/Glints2/dict_0001_0248" 8348
"/Engine/EngineMaterials/Substrate/Glints2/dict_0001_0240" 8349
"/Engine/EngineMaterials/Substrate/Glints2/dict_0001_0247" 8350
"../../../Engine/Content/EngineMaterials/Substrate/Glints2/dict_0001_0251.uasset" 8351
"/Engine/EngineMaterials/Substrate/Glints2/dict_0001_0249" 8352
"../../../Engine/Content/EngineMaterials/Substrate/Glints2/dict_0001_0253.uasset" 8353
"/Engine/EngineMaterials/Substrate/Glints2/dict_0001_0251" 8354
"/Engine/EngineMaterials/Substrate/Glints2/dict_0001_0253" 8355
"../../../Engine/Content/EngineMaterials/Substrate/Glints2/dict_0001_0252.uasset" 8356
"../../../Engine/Content/EngineMaterials/Substrate/Glints2/dict_0001_0255.uasset" 8357
"../../../Engine/Content/EngineMaterials/Substrate/Glints2/dict_0002_0003.uasset" 8358
"../../../Engine/Content/EngineMaterials/Substrate/Glints2/dict_0001_0254.uasset" 8359
"../../../Engine/Content/EngineMaterials/Substrate/Glints2/dict_0002_0004.uasset" 8360
"../../../Engine/Content/EngineMaterials/Substrate/Glints2/dict_0002_0001.uasset" 8361
"../../../Engine/Content/EngineMaterials/Substrate/Glints2/dict_0002_0005.uasset" 8362
"../../../Engine/Content/EngineMaterials/Substrate/Glints2/dict_0002_0000.uasset" 8363
"../../../Engine/Content/EngineMaterials/Substrate/Glints2/dict_0002_0002.uasset" 8364
"/Engine/EngineMaterials/Substrate/Glints2/dict_0001_0255" 8365
"/Engine/EngineMaterials/Substrate/Glints2/dict_0001_0252" 8366
"/Engine/EngineMaterials/Substrate/Glints2/dict_0002_0005" 8367
"/Engine/EngineMaterials/Substrate/Glints2/dict_0002_0004" 8368
"/Engine/EngineMaterials/Substrate/Glints2/dict_0002_0003" 8369
"/Engine/EngineMaterials/Substrate/Glints2/dict_0002_0002" 8370
"/Engine/EngineMaterials/Substrate/Glints2/dict_0002_0001" 8371
"/Engine/EngineMaterials/Substrate/Glints2/dict_0001_0254" 8372
"/Engine/EngineMaterials/Substrate/Glints2/dict_0002_0000" 8373
"../../../Engine/Content/EngineMaterials/Substrate/Glints2/dict_0002_0007.uasset" 8374
"../../../Engine/Content/EngineMaterials/Substrate/Glints2/dict_0002_0010.uasset" 8375
"../../../Engine/Content/EngineMaterials/Substrate/Glints2/dict_0002_0011.uasset" 8376
"../../../Engine/Content/EngineMaterials/Substrate/Glints2/dict_0002_0008.uasset" 8377
"../../../Engine/Content/EngineMaterials/Substrate/Glints2/dict_0002_0013.uasset" 8378
"../../../Engine/Content/EngineMaterials/Substrate/Glints2/dict_0002_0009.uasset" 8379
"../../../Engine/Content/EngineMaterials/Substrate/Glints2/dict_0002_0014.uasset" 8380
"../../../Engine/Content/EngineMaterials/Substrate/Glints2/dict_0002_0015.uasset" 8381
"../../../Engine/Content/EngineMaterials/Substrate/Glints2/dict_0002_0016.uasset" 8382
"../../../Engine/Content/EngineMaterials/Substrate/Glints2/dict_0002_0018.uasset" 8383
"../../../Engine/Content/EngineMaterials/Substrate/Glints2/dict_0002_0012.uasset" 8384
"../../../Engine/Content/EngineMaterials/Substrate/Glints2/dict_0002_0006.uasset" 8385
"../../../Engine/Content/EngineMaterials/Substrate/Glints2/dict_0002_0017.uasset" 8386
"../../../Engine/Content/EngineMaterials/Substrate/Glints2/dict_0002_0019.uasset" 8387
"/Engine/EngineMaterials/Substrate/Glints2/dict_0002_0009" 8388
"/Engine/EngineMaterials/Substrate/Glints2/dict_0002_0013" 8389
"/Engine/EngineMaterials/Substrate/Glints2/dict_0002_0012" 8390
"/Engine/EngineMaterials/Substrate/Glints2/dict_0002_0006" 8391
"/Engine/EngineMaterials/Substrate/Glints2/dict_0002_0015" 8392
"/Engine/EngineMaterials/Substrate/Glints2/dict_0002_0010" 8393
"/Engine/EngineMaterials/Substrate/Glints2/dict_0002_0008" 8394
"/Engine/EngineMaterials/Substrate/Glints2/dict_0002_0019" 8395
"/Engine/EngineMaterials/Substrate/Glints2/dict_0002_0011" 8396
"/Engine/EngineMaterials/Substrate/Glints2/dict_0002_0018" 8397
"/Engine/EngineMaterials/Substrate/Glints2/dict_0002_0017" 8398
"/Engine/EngineMaterials/Substrate/Glints2/dict_0002_0014" 8399
"/Engine/EngineMaterials/Substrate/Glints2/dict_0002_0016" 8400
"/Engine/EngineMaterials/Substrate/Glints2/dict_0002_0007" 8401
"../../../Engine/Content/EngineMaterials/Substrate/Glints2/dict_0002_0021.uasset" 8402
"../../../Engine/Content/EngineMaterials/Substrate/Glints2/dict_0002_0024.uasset" 8403
"../../../Engine/Content/EngineMaterials/Substrate/Glints2/dict_0002_0022.uasset" 8404
"../../../Engine/Content/EngineMaterials/Substrate/Glints2/dict_0002_0026.uasset" 8405
"../../../Engine/Content/EngineMaterials/Substrate/Glints2/dict_0002_0029.uasset" 8406
"../../../Engine/Content/EngineMaterials/Substrate/Glints2/dict_0002_0027.uasset" 8407
"../../../Engine/Content/EngineMaterials/Substrate/Glints2/dict_0002_0025.uasset" 8408
"../../../Engine/Content/EngineMaterials/Substrate/Glints2/dict_0002_0023.uasset" 8409
"../../../Engine/Content/EngineMaterials/Substrate/Glints2/dict_0002_0020.uasset" 8410
"../../../Engine/Content/EngineMaterials/Substrate/Glints2/dict_0002_0028.uasset" 8411
"../../../Engine/Content/EngineMaterials/Substrate/Glints2/dict_0002_0032.uasset" 8412
"../../../Engine/Content/EngineMaterials/Substrate/Glints2/dict_0002_0030.uasset" 8413
"../../../Engine/Content/EngineMaterials/Substrate/Glints2/dict_0002_0033.uasset" 8414
"../../../Engine/Content/EngineMaterials/Substrate/Glints2/dict_0002_0031.uasset" 8415
"/Engine/EngineMaterials/Substrate/Glints2/dict_0002_0025" 8416
"/Engine/EngineMaterials/Substrate/Glints2/dict_0002_0024" 8417
"/Engine/EngineMaterials/Substrate/Glints2/dict_0002_0023" 8418
"/Engine/EngineMaterials/Substrate/Glints2/dict_0002_0022" 8419
"/Engine/EngineMaterials/Substrate/Glints2/dict_0002_0021" 8420
"/Engine/EngineMaterials/Substrate/Glints2/dict_0002_0020" 8421
"/Engine/EngineMaterials/Substrate/Glints2/dict_0002_0033" 8422
"/Engine/EngineMaterials/Substrate/Glints2/dict_0002_0028" 8423
"/Engine/EngineMaterials/Substrate/Glints2/dict_0002_0032" 8424
"/Engine/EngineMaterials/Substrate/Glints2/dict_0002_0031" 8425
"/Engine/EngineMaterials/Substrate/Glints2/dict_0002_0030" 8426
"/Engine/EngineMaterials/Substrate/Glints2/dict_0002_0029" 8427
"/Engine/EngineMaterials/Substrate/Glints2/dict_0002_0027" 8428
"/Engine/EngineMaterials/Substrate/Glints2/dict_0002_0026" 8429
"../../../Engine/Content/EngineMaterials/Substrate/Glints2/dict_0002_0038.uasset" 8430
"../../../Engine/Content/EngineMaterials/Substrate/Glints2/dict_0002_0037.uasset" 8431
"../../../Engine/Content/EngineMaterials/Substrate/Glints2/dict_0002_0039.uasset" 8432
"../../../Engine/Content/EngineMaterials/Substrate/Glints2/dict_0002_0044.uasset" 8433
"../../../Engine/Content/EngineMaterials/Substrate/Glints2/dict_0002_0034.uasset" 8434
"../../../Engine/Content/EngineMaterials/Substrate/Glints2/dict_0002_0042.uasset" 8435
"../../../Engine/Content/EngineMaterials/Substrate/Glints2/dict_0002_0036.uasset" 8436
"../../../Engine/Content/EngineMaterials/Substrate/Glints2/dict_0002_0040.uasset" 8437
"../../../Engine/Content/EngineMaterials/Substrate/Glints2/dict_0002_0041.uasset" 8438
"../../../Engine/Content/EngineMaterials/Substrate/Glints2/dict_0002_0043.uasset" 8439
"../../../Engine/Content/EngineMaterials/Substrate/Glints2/dict_0002_0035.uasset" 8440
"/Engine/EngineMaterials/Substrate/Glints2/dict_0002_0037" 8441
"../../../Engine/Content/EngineMaterials/Substrate/Glints2/dict_0002_0046.uasset" 8442
"/Engine/EngineMaterials/Substrate/Glints2/dict_0002_0036" 8443
"../../../Engine/Content/EngineMaterials/Substrate/Glints2/dict_0002_0045.uasset" 8444
"/Engine/EngineMaterials/Substrate/Glints2/dict_0002_0035" 8445
"/Engine/EngineMaterials/Substrate/Glints2/dict_0002_0034" 8446
"/Engine/EngineMaterials/Substrate/Glints2/dict_0002_0044" 8447
"/Engine/EngineMaterials/Substrate/Glints2/dict_0002_0043" 8448
"/Engine/EngineMaterials/Substrate/Glints2/dict_0002_0042" 8449
"/Engine/EngineMaterials/Substrate/Glints2/dict_0002_0041" 8450
"/Engine/EngineMaterials/Substrate/Glints2/dict_0002_0040" 8451
"/Engine/EngineMaterials/Substrate/Glints2/dict_0002_0039" 8452
"/Engine/EngineMaterials/Substrate/Glints2/dict_0002_0038" 8453
"/Engine/EngineMaterials/Substrate/Glints2/dict_0002_0046" 8454
"/Engine/EngineMaterials/Substrate/Glints2/dict_0002_0045" 8455
"../../../Engine/Content/EngineMaterials/Substrate/Glints2/dict_0002_0048.uasset" 8456
"../../../Engine/Content/EngineMaterials/Substrate/Glints2/dict_0002_0049.uasset" 8457
"../../../Engine/Content/EngineMaterials/Substrate/Glints2/dict_0002_0052.uasset" 8458
"../../../Engine/Content/EngineMaterials/Substrate/Glints2/dict_0002_0054.uasset" 8459
"../../../Engine/Content/EngineMaterials/Substrate/Glints2/dict_0002_0058.uasset" 8460
"../../../Engine/Content/EngineMaterials/Substrate/Glints2/dict_0002_0047.uasset" 8461
"../../../Engine/Content/EngineMaterials/Substrate/Glints2/dict_0002_0056.uasset" 8462
"../../../Engine/Content/EngineMaterials/Substrate/Glints2/dict_0002_0057.uasset" 8463
"../../../Engine/Content/EngineMaterials/Substrate/Glints2/dict_0002_0055.uasset" 8464
"../../../Engine/Content/EngineMaterials/Substrate/Glints2/dict_0002_0051.uasset" 8465
"../../../Engine/Content/EngineMaterials/Substrate/Glints2/dict_0002_0053.uasset" 8466
"/Engine/EngineMaterials/Substrate/Glints2/dict_0002_0051" 8467
"../../../Engine/Content/EngineMaterials/Substrate/Glints2/dict_0002_0050.uasset" 8468
"/Engine/EngineMaterials/Substrate/Glints2/dict_0002_0049" 8469
"/Engine/EngineMaterials/Substrate/Glints2/dict_0002_0048" 8470
"../../../Engine/Content/EngineMaterials/Substrate/Glints2/dict_0002_0060.uasset" 8471
"/Engine/EngineMaterials/Substrate/Glints2/dict_0002_0058" 8472
"/Engine/EngineMaterials/Substrate/Glints2/dict_0002_0047" 8473
"/Engine/EngineMaterials/Substrate/Glints2/dict_0002_0057" 8474
"/Engine/EngineMaterials/Substrate/Glints2/dict_0002_0056" 8475
"/Engine/EngineMaterials/Substrate/Glints2/dict_0002_0055" 8476
"/Engine/EngineMaterials/Substrate/Glints2/dict_0002_0054" 8477
"/Engine/EngineMaterials/Substrate/Glints2/dict_0002_0053" 8478
"/Engine/EngineMaterials/Substrate/Glints2/dict_0002_0052" 8479
"/Engine/EngineMaterials/Substrate/Glints2/dict_0002_0060" 8480
"/Engine/EngineMaterials/Substrate/Glints2/dict_0002_0050" 8481
"../../../Engine/Content/EngineMaterials/Substrate/Glints2/dict_0002_0059.uasset" 8482
"/Engine/EngineMaterials/Substrate/Glints2/dict_0002_0059" 8483
"../../../Engine/Content/EngineMaterials/Substrate/Glints2/dict_0002_0070.uasset" 8484
"../../../Engine/Content/EngineMaterials/Substrate/Glints2/dict_0002_0061.uasset" 8485
"../../../Engine/Content/EngineMaterials/Substrate/Glints2/dict_0002_0062.uasset" 8486
"../../../Engine/Content/EngineMaterials/Substrate/Glints2/dict_0002_0068.uasset" 8487
"../../../Engine/Content/EngineMaterials/Substrate/Glints2/dict_0002_0063.uasset" 8488
"../../../Engine/Content/EngineMaterials/Substrate/Glints2/dict_0002_0064.uasset" 8489
"../../../Engine/Content/EngineMaterials/Substrate/Glints2/dict_0002_0069.uasset" 8490
"../../../Engine/Content/EngineMaterials/Substrate/Glints2/dict_0002_0065.uasset" 8491
"../../../Engine/Content/EngineMaterials/Substrate/Glints2/dict_0002_0067.uasset" 8492
"../../../Engine/Content/EngineMaterials/Substrate/Glints2/dict_0002_0071.uasset" 8493
"/Engine/EngineMaterials/Substrate/Glints2/dict_0002_0065" 8494
"/Engine/EngineMaterials/Substrate/Glints2/dict_0002_0064" 8495
"/Engine/EngineMaterials/Substrate/Glints2/dict_0002_0063" 8496
"../../../Engine/Content/EngineMaterials/Substrate/Glints2/dict_0002_0072.uasset" 8497
"/Engine/EngineMaterials/Substrate/Glints2/dict_0002_0062" 8498
"/Engine/EngineMaterials/Substrate/Glints2/dict_0002_0061" 8499
"../../../Engine/Content/EngineMaterials/Substrate/Glints2/dict_0002_0073.uasset" 8500
"/Engine/EngineMaterials/Substrate/Glints2/dict_0002_0071" 8501
"/Engine/EngineMaterials/Substrate/Glints2/dict_0002_0070" 8502
"../../../Engine/Content/EngineMaterials/Substrate/Glints2/dict_0002_0066.uasset" 8503
"/Engine/EngineMaterials/Substrate/Glints2/dict_0002_0069" 8504
"/Engine/EngineMaterials/Substrate/Glints2/dict_0002_0068" 8505
"/Engine/EngineMaterials/Substrate/Glints2/dict_0002_0067" 8506
"/Engine/EngineMaterials/Substrate/Glints2/dict_0002_0073" 8507
"/Engine/EngineMaterials/Substrate/Glints2/dict_0002_0072" 8508
"/Engine/EngineMaterials/Substrate/Glints2/dict_0002_0066" 8509
"../../../Engine/Content/EngineMaterials/Substrate/Glints2/dict_0002_0075.uasset" 8510
"../../../Engine/Content/EngineMaterials/Substrate/Glints2/dict_0002_0077.uasset" 8511
"../../../Engine/Content/EngineMaterials/Substrate/Glints2/dict_0002_0074.uasset" 8512
"../../../Engine/Content/EngineMaterials/Substrate/Glints2/dict_0002_0079.uasset" 8513
"../../../Engine/Content/EngineMaterials/Substrate/Glints2/dict_0002_0081.uasset" 8514
"../../../Engine/Content/EngineMaterials/Substrate/Glints2/dict_0002_0078.uasset" 8515
"../../../Engine/Content/EngineMaterials/Substrate/Glints2/dict_0002_0080.uasset" 8516
"../../../Engine/Content/EngineMaterials/Substrate/Glints2/dict_0002_0076.uasset" 8517
"../../../Engine/Content/EngineMaterials/Substrate/Glints2/dict_0002_0083.uasset" 8518
"../../../Engine/Content/EngineMaterials/Substrate/Glints2/dict_0002_0082.uasset" 8519
"../../../Engine/Content/EngineMaterials/Substrate/Glints2/dict_0002_0084.uasset" 8520
"/Engine/EngineMaterials/Substrate/Glints2/dict_0002_0076" 8521
"/Engine/EngineMaterials/Substrate/Glints2/dict_0002_0075" 8522
"/Engine/EngineMaterials/Substrate/Glints2/dict_0002_0074" 8523
"/Engine/EngineMaterials/Substrate/Glints2/dict_0002_0078" 8524
"/Engine/EngineMaterials/Substrate/Glints2/dict_0002_0084" 8525
"/Engine/EngineMaterials/Substrate/Glints2/dict_0002_0077" 8526
"/Engine/EngineMaterials/Substrate/Glints2/dict_0002_0083" 8527
"../../../Engine/Content/EngineMaterials/Substrate/Glints2/dict_0002_0087.uasset" 8528
"../../../Engine/Content/EngineMaterials/Substrate/Glints2/dict_0002_0085.uasset" 8529
"/Engine/EngineMaterials/Substrate/Glints2/dict_0002_0082" 8530
"/Engine/EngineMaterials/Substrate/Glints2/dict_0002_0081" 8531
"/Engine/EngineMaterials/Substrate/Glints2/dict_0002_0080" 8532
"../../../Engine/Content/EngineMaterials/Substrate/Glints2/dict_0002_0086.uasset" 8533
"/Engine/EngineMaterials/Substrate/Glints2/dict_0002_0079" 8534
"/Engine/EngineMaterials/Substrate/Glints2/dict_0002_0087" 8535
"/Engine/EngineMaterials/Substrate/Glints2/dict_0002_0086" 8536
"/Engine/EngineMaterials/Substrate/Glints2/dict_0002_0085" 8537
"../../../Engine/Content/EngineMaterials/Substrate/Glints2/dict_0002_0096.uasset" 8538
"../../../Engine/Content/EngineMaterials/Substrate/Glints2/dict_0002_0093.uasset" 8539
"../../../Engine/Content/EngineMaterials/Substrate/Glints2/dict_0002_0092.uasset" 8540
"../../../Engine/Content/EngineMaterials/Substrate/Glints2/dict_0002_0094.uasset" 8541
"../../../Engine/Content/EngineMaterials/Substrate/Glints2/dict_0002_0091.uasset" 8542
"../../../Engine/Content/EngineMaterials/Substrate/Glints2/dict_0002_0090.uasset" 8543
"../../../Engine/Content/EngineMaterials/Substrate/Glints2/dict_0002_0088.uasset" 8544
"../../../Engine/Content/EngineMaterials/Substrate/Glints2/dict_0002_0098.uasset" 8545
"../../../Engine/Content/EngineMaterials/Substrate/Glints2/dict_0002_0095.uasset" 8546
"../../../Engine/Content/EngineMaterials/Substrate/Glints2/dict_0002_0097.uasset" 8547
"../../../Engine/Content/EngineMaterials/Substrate/Glints2/dict_0002_0089.uasset" 8548
"/Engine/EngineMaterials/Substrate/Glints2/dict_0002_0089" 8549
"/Engine/EngineMaterials/Substrate/Glints2/dict_0002_0098" 8550
"/Engine/EngineMaterials/Substrate/Glints2/dict_0002_0091" 8551
"/Engine/EngineMaterials/Substrate/Glints2/dict_0002_0090" 8552
"/Engine/EngineMaterials/Substrate/Glints2/dict_0002_0088" 8553
"/Engine/EngineMaterials/Substrate/Glints2/dict_0002_0092" 8554
"/Engine/EngineMaterials/Substrate/Glints2/dict_0002_0097" 8555
"/Engine/EngineMaterials/Substrate/Glints2/dict_0002_0096" 8556
"/Engine/EngineMaterials/Substrate/Glints2/dict_0002_0095" 8557
"/Engine/EngineMaterials/Substrate/Glints2/dict_0002_0094" 8558
"/Engine/EngineMaterials/Substrate/Glints2/dict_0002_0093" 8559
"../../../Engine/Content/EngineMaterials/Substrate/Glints2/dict_0002_0103.uasset" 8560
"../../../Engine/Content/EngineMaterials/Substrate/Glints2/dict_0002_0100.uasset" 8561
"../../../Engine/Content/EngineMaterials/Substrate/Glints2/dict_0002_0111.uasset" 8562
"../../../Engine/Content/EngineMaterials/Substrate/Glints2/dict_0002_0099.uasset" 8563
"../../../Engine/Content/EngineMaterials/Substrate/Glints2/dict_0002_0108.uasset" 8564
"../../../Engine/Content/EngineMaterials/Substrate/Glints2/dict_0002_0102.uasset" 8565
"../../../Engine/Content/EngineMaterials/Substrate/Glints2/dict_0002_0101.uasset" 8566
"../../../Engine/Content/EngineMaterials/Substrate/Glints2/dict_0002_0105.uasset" 8567
"../../../Engine/Content/EngineMaterials/Substrate/Glints2/dict_0002_0112.uasset" 8568
"../../../Engine/Content/EngineMaterials/Substrate/Glints2/dict_0002_0107.uasset" 8569
"../../../Engine/Content/EngineMaterials/Substrate/Glints2/dict_0002_0104.uasset" 8570
"../../../Engine/Content/EngineMaterials/Substrate/Glints2/dict_0002_0106.uasset" 8571
"../../../Engine/Content/EngineMaterials/Substrate/Glints2/dict_0002_0109.uasset" 8572
"/Engine/EngineMaterials/Substrate/Glints2/dict_0002_0102" 8573
"/Engine/EngineMaterials/Substrate/Glints2/dict_0002_0101" 8574
"../../../Engine/Content/EngineMaterials/Substrate/Glints2/dict_0002_0110.uasset" 8575
"/Engine/EngineMaterials/Substrate/Glints2/dict_0002_0100" 8576
"/Engine/EngineMaterials/Substrate/Glints2/dict_0002_0099" 8577
"/Engine/EngineMaterials/Substrate/Glints2/dict_0002_0105" 8578
"/Engine/EngineMaterials/Substrate/Glints2/dict_0002_0112" 8579
"/Engine/EngineMaterials/Substrate/Glints2/dict_0002_0111" 8580
"/Engine/EngineMaterials/Substrate/Glints2/dict_0002_0109" 8581
"/Engine/EngineMaterials/Substrate/Glints2/dict_0002_0108" 8582
"/Engine/EngineMaterials/Substrate/Glints2/dict_0002_0107" 8583
"/Engine/EngineMaterials/Substrate/Glints2/dict_0002_0104" 8584
"/Engine/EngineMaterials/Substrate/Glints2/dict_0002_0106" 8585
"/Engine/EngineMaterials/Substrate/Glints2/dict_0002_0103" 8586
"/Engine/EngineMaterials/Substrate/Glints2/dict_0002_0110" 8587
"../../../Engine/Content/EngineMaterials/Substrate/Glints2/dict_0002_0116.uasset" 8588
"../../../Engine/Content/EngineMaterials/Substrate/Glints2/dict_0002_0113.uasset" 8589
"../../../Engine/Content/EngineMaterials/Substrate/Glints2/dict_0002_0118.uasset" 8590
"../../../Engine/Content/EngineMaterials/Substrate/Glints2/dict_0002_0119.uasset" 8591
"../../../Engine/Content/EngineMaterials/Substrate/Glints2/dict_0002_0120.uasset" 8592
"../../../Engine/Content/EngineMaterials/Substrate/Glints2/dict_0002_0115.uasset" 8593
"../../../Engine/Content/EngineMaterials/Substrate/Glints2/dict_0002_0121.uasset" 8594
"../../../Engine/Content/EngineMaterials/Substrate/Glints2/dict_0002_0114.uasset" 8595
"../../../Engine/Content/EngineMaterials/Substrate/Glints2/dict_0002_0117.uasset" 8596
"../../../Engine/Content/EngineMaterials/Substrate/Glints2/dict_0002_0124.uasset" 8597
"../../../Engine/Content/EngineMaterials/Substrate/Glints2/dict_0002_0122.uasset" 8598
"../../../Engine/Content/EngineMaterials/Substrate/Glints2/dict_0002_0126.uasset" 8599
"../../../Engine/Content/EngineMaterials/Substrate/Glints2/dict_0002_0129.uasset" 8600
"../../../Engine/Content/EngineMaterials/Substrate/Glints2/dict_0002_0132.uasset" 8601
"../../../Engine/Content/EngineMaterials/Substrate/Glints2/dict_0002_0130.uasset" 8602
"../../../Engine/Content/EngineMaterials/Substrate/Glints2/dict_0002_0128.uasset" 8603
"../../../Engine/Content/EngineMaterials/Substrate/Glints2/dict_0002_0125.uasset" 8604
"../../../Engine/Content/EngineMaterials/Substrate/Glints2/dict_0002_0123.uasset" 8605
"../../../Engine/Content/EngineMaterials/Substrate/Glints2/dict_0002_0134.uasset" 8606
"../../../Engine/Content/EngineMaterials/Substrate/Glints2/dict_0002_0131.uasset" 8607
"../../../Engine/Content/EngineMaterials/Substrate/Glints2/dict_0002_0127.uasset" 8608
"../../../Engine/Content/EngineMaterials/Substrate/Glints2/dict_0002_0133.uasset" 8609
"../../../Engine/Content/EngineMaterials/Substrate/Glints2/dict_0002_0135.uasset" 8610
"../../../Engine/Content/EngineMaterials/Substrate/Glints2/dict_0002_0138.uasset" 8611
"../../../Engine/Content/EngineMaterials/Substrate/Glints2/dict_0002_0137.uasset" 8612
"../../../Engine/Content/EngineMaterials/Substrate/Glints2/dict_0002_0136.uasset" 8613
"../../../Engine/Content/EngineMaterials/Substrate/Glints2/dict_0002_0142.uasset" 8614
"../../../Engine/Content/EngineMaterials/Substrate/Glints2/dict_0002_0140.uasset" 8615
"../../../Engine/Content/EngineMaterials/Substrate/Glints2/dict_0002_0141.uasset" 8616
"../../../Engine/Content/EngineMaterials/Substrate/Glints2/dict_0002_0139.uasset" 8617
"../../../Engine/Content/EngineMaterials/Substrate/Glints2/dict_0002_0143.uasset" 8618
"../../../Engine/Content/EngineMaterials/Substrate/Glints2/dict_0002_0144.uasset" 8619
"/Engine/EngineMaterials/Substrate/Glints2/dict_0002_0130" 8620
"/Engine/EngineMaterials/Substrate/Glints2/dict_0002_0116" 8621
"/Engine/EngineMaterials/Substrate/Glints2/dict_0002_0143" 8622
"/Engine/EngineMaterials/Substrate/Glints2/dict_0002_0115" 8623
"/Engine/EngineMaterials/Substrate/Glints2/dict_0002_0142" 8624
"/Engine/EngineMaterials/Substrate/Glints2/dict_0002_0141" 8625
"/Engine/EngineMaterials/Substrate/Glints2/dict_0002_0140" 8626
"/Engine/EngineMaterials/Substrate/Glints2/dict_0002_0129" 8627
"/Engine/EngineMaterials/Substrate/Glints2/dict_0002_0128" 8628
"/Engine/EngineMaterials/Substrate/Glints2/dict_0002_0127" 8629
"/Engine/EngineMaterials/Substrate/Glints2/dict_0002_0126" 8630
"/Engine/EngineMaterials/Substrate/Glints2/dict_0002_0119" 8631
"/Engine/EngineMaterials/Substrate/Glints2/dict_0002_0114" 8632
"/Engine/EngineMaterials/Substrate/Glints2/dict_0002_0139" 8633
"/Engine/EngineMaterials/Substrate/Glints2/dict_0002_0125" 8634
"/Engine/EngineMaterials/Substrate/Glints2/dict_0002_0118" 8635
"/Engine/EngineMaterials/Substrate/Glints2/dict_0002_0117" 8636
"/Engine/EngineMaterials/Substrate/Glints2/dict_0002_0113" 8637
"/Engine/EngineMaterials/Substrate/Glints2/dict_0002_0138" 8638
"/Engine/EngineMaterials/Substrate/Glints2/dict_0002_0137" 8639
"/Engine/EngineMaterials/Substrate/Glints2/dict_0002_0144" 8640
"/Engine/EngineMaterials/Substrate/Glints2/dict_0002_0136" 8641
"/Engine/EngineMaterials/Substrate/Glints2/dict_0002_0135" 8642
"/Engine/EngineMaterials/Substrate/Glints2/dict_0002_0134" 8643
"/Engine/EngineMaterials/Substrate/Glints2/dict_0002_0133" 8644
"/Engine/EngineMaterials/Substrate/Glints2/dict_0002_0124" 8645
"/Engine/EngineMaterials/Substrate/Glints2/dict_0002_0132" 8646
"/Engine/EngineMaterials/Substrate/Glints2/dict_0002_0123" 8647
"/Engine/EngineMaterials/Substrate/Glints2/dict_0002_0122" 8648
"/Engine/EngineMaterials/Substrate/Glints2/dict_0002_0121" 8649
"/Engine/EngineMaterials/Substrate/Glints2/dict_0002_0120" 8650
"/Engine/EngineMaterials/Substrate/Glints2/dict_0002_0131" 8651
"../../../Engine/Content/EngineMaterials/Substrate/Glints2/dict_0002_0146.uasset" 8652
"../../../Engine/Content/EngineMaterials/Substrate/Glints2/dict_0002_0151.uasset" 8653
"/Engine/EngineMaterials/Substrate/Glints2/dict_0002_0151" 8654
"/Engine/EngineMaterials/Substrate/Glints2/dict_0002_0146" 8655
"../../../Engine/Content/EngineMaterials/Substrate/Glints2/dict_0002_0145.uasset" 8656
"../../../Engine/Content/EngineMaterials/Substrate/Glints2/dict_0002_0148.uasset" 8657
"/Engine/EngineMaterials/Substrate/Glints2/dict_0002_0148" 8658
"/Engine/EngineMaterials/Substrate/Glints2/dict_0002_0145" 8659
"../../../Engine/Content/EngineMaterials/Substrate/Glints2/dict_0002_0152.uasset" 8660
"../../../Engine/Content/EngineMaterials/Substrate/Glints2/dict_0002_0150.uasset" 8661
"../../../Engine/Content/EngineMaterials/Substrate/Glints2/dict_0002_0155.uasset" 8662
"../../../Engine/Content/EngineMaterials/Substrate/Glints2/dict_0002_0147.uasset" 8663
"../../../Engine/Content/EngineMaterials/Substrate/Glints2/dict_0002_0149.uasset" 8664
"../../../Engine/Content/EngineMaterials/Substrate/Glints2/dict_0002_0157.uasset" 8665
"/Engine/EngineMaterials/Substrate/Glints2/dict_0002_0157" 8666
"../../../Engine/Content/EngineMaterials/Substrate/Glints2/dict_0002_0153.uasset" 8667
"/Engine/EngineMaterials/Substrate/Glints2/dict_0002_0155" 8668
"../../../Engine/Content/EngineMaterials/Substrate/Glints2/dict_0002_0160.uasset" 8669
"/Engine/EngineMaterials/Substrate/Glints2/dict_0002_0152" 8670
"/Engine/EngineMaterials/Substrate/Glints2/dict_0002_0150" 8671
"/Engine/EngineMaterials/Substrate/Glints2/dict_0002_0149" 8672
"/Engine/EngineMaterials/Substrate/Glints2/dict_0002_0147" 8673
"/Engine/EngineMaterials/Substrate/Glints2/dict_0002_0160" 8674
"../../../Engine/Content/EngineMaterials/Substrate/Glints2/dict_0002_0154.uasset" 8675
"/Engine/EngineMaterials/Substrate/Glints2/dict_0002_0153" 8676
"/Engine/EngineMaterials/Substrate/Glints2/dict_0002_0154" 8677
"../../../Engine/Content/EngineMaterials/Substrate/Glints2/dict_0002_0156.uasset" 8678
"../../../Engine/Content/EngineMaterials/Substrate/Glints2/dict_0002_0159.uasset" 8679
"../../../Engine/Content/EngineMaterials/Substrate/Glints2/dict_0002_0158.uasset" 8680
"/Engine/EngineMaterials/Substrate/Glints2/dict_0002_0159" 8681
"/Engine/EngineMaterials/Substrate/Glints2/dict_0002_0158" 8682
"/Engine/EngineMaterials/Substrate/Glints2/dict_0002_0156" 8683
"../../../Engine/Content/EngineMaterials/Substrate/Glints2/dict_0002_0161.uasset" 8684
"../../../Engine/Content/EngineMaterials/Substrate/Glints2/dict_0002_0162.uasset" 8685
"../../../Engine/Content/EngineMaterials/Substrate/Glints2/dict_0002_0163.uasset" 8686
"../../../Engine/Content/EngineMaterials/Substrate/Glints2/dict_0002_0164.uasset" 8687
"/Engine/EngineMaterials/Substrate/Glints2/dict_0002_0163" 8688
"/Engine/EngineMaterials/Substrate/Glints2/dict_0002_0162" 8689
"/Engine/EngineMaterials/Substrate/Glints2/dict_0002_0161" 8690
"/Engine/EngineMaterials/Substrate/Glints2/dict_0002_0164" 8691
"../../../Engine/Content/EngineMaterials/Substrate/Glints2/dict_0002_0166.uasset" 8692
"../../../Engine/Content/EngineMaterials/Substrate/Glints2/dict_0002_0170.uasset" 8693
"../../../Engine/Content/EngineMaterials/Substrate/Glints2/dict_0002_0165.uasset" 8694
"../../../Engine/Content/EngineMaterials/Substrate/Glints2/dict_0002_0169.uasset" 8695
"/Engine/EngineMaterials/Substrate/Glints2/dict_0002_0170" 8696
"../../../Engine/Content/EngineMaterials/Substrate/Glints2/dict_0002_0168.uasset" 8697
"/Engine/EngineMaterials/Substrate/Glints2/dict_0002_0169" 8698
"/Engine/EngineMaterials/Substrate/Glints2/dict_0002_0166" 8699
"/Engine/EngineMaterials/Substrate/Glints2/dict_0002_0165" 8700
"/Engine/EngineMaterials/Substrate/Glints2/dict_0002_0168" 8701
"../../../Engine/Content/EngineMaterials/Substrate/Glints2/dict_0002_0173.uasset" 8702
"../../../Engine/Content/EngineMaterials/Substrate/Glints2/dict_0002_0172.uasset" 8703
"../../../Engine/Content/EngineMaterials/Substrate/Glints2/dict_0002_0171.uasset" 8704
"../../../Engine/Content/EngineMaterials/Substrate/Glints2/dict_0002_0167.uasset" 8705
"/Engine/EngineMaterials/Substrate/Glints2/dict_0002_0173" 8706
"/Engine/EngineMaterials/Substrate/Glints2/dict_0002_0172" 8707
"/Engine/EngineMaterials/Substrate/Glints2/dict_0002_0171" 8708
"/Engine/EngineMaterials/Substrate/Glints2/dict_0002_0167" 8709
"../../../Engine/Content/EngineMaterials/Substrate/Glints2/dict_0002_0176.uasset" 8710
"../../../Engine/Content/EngineMaterials/Substrate/Glints2/dict_0002_0182.uasset" 8711
"../../../Engine/Content/EngineMaterials/Substrate/Glints2/dict_0002_0179.uasset" 8712
"../../../Engine/Content/EngineMaterials/Substrate/Glints2/dict_0002_0177.uasset" 8713
"../../../Engine/Content/EngineMaterials/Substrate/Glints2/dict_0002_0174.uasset" 8714
"../../../Engine/Content/EngineMaterials/Substrate/Glints2/dict_0002_0181.uasset" 8715
"../../../Engine/Content/EngineMaterials/Substrate/Glints2/dict_0002_0178.uasset" 8716
"../../../Engine/Content/EngineMaterials/Substrate/Glints2/dict_0002_0180.uasset" 8717
"/Engine/EngineMaterials/Substrate/Glints2/dict_0002_0176" 8718
"/Engine/EngineMaterials/Substrate/Glints2/dict_0002_0174" 8719
"/Engine/EngineMaterials/Substrate/Glints2/dict_0002_0178" 8720
"/Engine/EngineMaterials/Substrate/Glints2/dict_0002_0182" 8721
"/Engine/EngineMaterials/Substrate/Glints2/dict_0002_0180" 8722
"/Engine/EngineMaterials/Substrate/Glints2/dict_0002_0181" 8723
"/Engine/EngineMaterials/Substrate/Glints2/dict_0002_0177" 8724
"../../../Engine/Content/EngineMaterials/Substrate/Glints2/dict_0002_0184.uasset" 8725
"/Engine/EngineMaterials/Substrate/Glints2/dict_0002_0179" 8726
"/Engine/EngineMaterials/Substrate/Glints2/dict_0002_0184" 8727
"../../../Engine/Content/EngineMaterials/Substrate/Glints2/dict_0002_0183.uasset" 8728
"../../../Engine/Content/EngineMaterials/Substrate/Glints2/dict_0002_0175.uasset" 8729
"../../../Engine/Content/EngineMaterials/Substrate/Glints2/dict_0002_0185.uasset" 8730
"/Engine/EngineMaterials/Substrate/Glints2/dict_0002_0175" 8731
"/Engine/EngineMaterials/Substrate/Glints2/dict_0002_0185" 8732
"/Engine/EngineMaterials/Substrate/Glints2/dict_0002_0183" 8733
"../../../Engine/Content/EngineMaterials/Substrate/Glints2/dict_0002_0186.uasset" 8734
"../../../Engine/Content/EngineMaterials/Substrate/Glints2/dict_0002_0187.uasset" 8735
"/Engine/EngineMaterials/Substrate/Glints2/dict_0002_0186" 8736
"../../../Engine/Content/EngineMaterials/Substrate/Glints2/dict_0002_0188.uasset" 8737
"/Engine/EngineMaterials/Substrate/Glints2/dict_0002_0187" 8738
"/Engine/EngineMaterials/Substrate/Glints2/dict_0002_0188" 8739
"../../../Engine/Content/EngineMaterials/Substrate/Glints2/dict_0002_0189.uasset" 8740
"../../../Engine/Content/EngineMaterials/Substrate/Glints2/dict_0002_0190.uasset" 8741
"../../../Engine/Content/EngineMaterials/Substrate/Glints2/dict_0002_0192.uasset" 8742
"../../../Engine/Content/EngineMaterials/Substrate/Glints2/dict_0002_0193.uasset" 8743
"/Engine/EngineMaterials/Substrate/Glints2/dict_0002_0193" 8744
"/Engine/EngineMaterials/Substrate/Glints2/dict_0002_0192" 8745
"../../../Engine/Content/EngineMaterials/Substrate/Glints2/dict_0002_0195.uasset" 8746
"/Engine/EngineMaterials/Substrate/Glints2/dict_0002_0190" 8747
"../../../Engine/Content/EngineMaterials/Substrate/Glints2/dict_0002_0198.uasset" 8748
"../../../Engine/Content/EngineMaterials/Substrate/Glints2/dict_0002_0191.uasset" 8749
"/Engine/EngineMaterials/Substrate/Glints2/dict_0002_0189" 8750
"/Engine/EngineMaterials/Substrate/Glints2/dict_0002_0198" 8751
"/Engine/EngineMaterials/Substrate/Glints2/dict_0002_0195" 8752
"/Engine/EngineMaterials/Substrate/Glints2/dict_0002_0191" 8753
"../../../Engine/Content/EngineMaterials/Substrate/Glints2/dict_0002_0197.uasset" 8754
"../../../Engine/Content/EngineMaterials/Substrate/Glints2/dict_0002_0194.uasset" 8755
"../../../Engine/Content/EngineMaterials/Substrate/Glints2/dict_0002_0196.uasset" 8756
"../../../Engine/Content/EngineMaterials/Substrate/Glints2/dict_0002_0200.uasset" 8757
"/Engine/EngineMaterials/Substrate/Glints2/dict_0002_0200" 8758
"/Engine/EngineMaterials/Substrate/Glints2/dict_0002_0197" 8759
"/Engine/EngineMaterials/Substrate/Glints2/dict_0002_0196" 8760
"/Engine/EngineMaterials/Substrate/Glints2/dict_0002_0194" 8761
"../../../Engine/Content/EngineMaterials/Substrate/Glints2/dict_0002_0199.uasset" 8762
"/Engine/EngineMaterials/Substrate/Glints2/dict_0002_0199" 8763
"../../../Engine/Content/EngineMaterials/Substrate/Glints2/dict_0002_0205.uasset" 8764
"../../../Engine/Content/EngineMaterials/Substrate/Glints2/dict_0002_0201.uasset" 8765
"../../../Engine/Content/EngineMaterials/Substrate/Glints2/dict_0002_0202.uasset" 8766
"../../../Engine/Content/EngineMaterials/Substrate/Glints2/dict_0002_0204.uasset" 8767
"/Engine/EngineMaterials/Substrate/Glints2/dict_0002_0205" 8768
"../../../Engine/Content/EngineMaterials/Substrate/Glints2/dict_0002_0206.uasset" 8769
"../../../Engine/Content/EngineMaterials/Substrate/Glints2/dict_0002_0203.uasset" 8770
"/Engine/EngineMaterials/Substrate/Glints2/dict_0002_0204" 8771
"../../../Engine/Content/EngineMaterials/Substrate/Glints2/dict_0002_0210.uasset" 8772
"/Engine/EngineMaterials/Substrate/Glints2/dict_0002_0201" 8773
"../../../Engine/Content/EngineMaterials/Substrate/Glints2/dict_0002_0209.uasset" 8774
"/Engine/EngineMaterials/Substrate/Glints2/dict_0002_0202" 8775
"/Engine/EngineMaterials/Substrate/Glints2/dict_0002_0203" 8776
"/Engine/EngineMaterials/Substrate/Glints2/dict_0002_0210" 8777
"/Engine/EngineMaterials/Substrate/Glints2/dict_0002_0209" 8778
"/Engine/EngineMaterials/Substrate/Glints2/dict_0002_0206" 8779
"../../../Engine/Content/EngineMaterials/Substrate/Glints2/dict_0002_0207.uasset" 8780
"../../../Engine/Content/EngineMaterials/Substrate/Glints2/dict_0002_0212.uasset" 8781
"../../../Engine/Content/EngineMaterials/Substrate/Glints2/dict_0002_0211.uasset" 8782
"../../../Engine/Content/EngineMaterials/Substrate/Glints2/dict_0002_0214.uasset" 8783
"../../../Engine/Content/EngineMaterials/Substrate/Glints2/dict_0002_0208.uasset" 8784
"../../../Engine/Content/EngineMaterials/Substrate/Glints2/dict_0002_0213.uasset" 8785
"/Engine/EngineMaterials/Substrate/Glints2/dict_0002_0213" 8786
"/Engine/EngineMaterials/Substrate/Glints2/dict_0002_0212" 8787
"/Engine/EngineMaterials/Substrate/Glints2/dict_0002_0214" 8788
"/Engine/EngineMaterials/Substrate/Glints2/dict_0002_0211" 8789
"/Engine/EngineMaterials/Substrate/Glints2/dict_0002_0208" 8790
"/Engine/EngineMaterials/Substrate/Glints2/dict_0002_0207" 8791
"../../../Engine/Content/EngineMaterials/Substrate/Glints2/dict_0002_0217.uasset" 8792
"../../../Engine/Content/EngineMaterials/Substrate/Glints2/dict_0002_0222.uasset" 8793
"../../../Engine/Content/EngineMaterials/Substrate/Glints2/dict_0002_0220.uasset" 8794
"../../../Engine/Content/EngineMaterials/Substrate/Glints2/dict_0002_0225.uasset" 8795
"../../../Engine/Content/EngineMaterials/Substrate/Glints2/dict_0002_0218.uasset" 8796
"../../../Engine/Content/EngineMaterials/Substrate/Glints2/dict_0002_0215.uasset" 8797
"/Engine/EngineMaterials/Substrate/Glints2/dict_0002_0217" 8798
"../../../Engine/Content/EngineMaterials/Substrate/Glints2/dict_0002_0226.uasset" 8799
"../../../Engine/Content/EngineMaterials/Substrate/Glints2/dict_0002_0216.uasset" 8800
"/Engine/EngineMaterials/Substrate/Glints2/dict_0002_0220" 8801
"../../../Engine/Content/EngineMaterials/Substrate/Glints2/dict_0002_0221.uasset" 8802
"/Engine/EngineMaterials/Substrate/Glints2/dict_0002_0225" 8803
"../../../Engine/Content/EngineMaterials/Substrate/Glints2/dict_0002_0227.uasset" 8804
"/Engine/EngineMaterials/Substrate/Glints2/dict_0002_0222" 8805
"../../../Engine/Content/EngineMaterials/Substrate/Glints2/dict_0002_0223.uasset" 8806
"../../../Engine/Content/EngineMaterials/Substrate/Glints2/dict_0002_0228.uasset" 8807
"../../../Engine/Content/EngineMaterials/Substrate/Glints2/dict_0002_0224.uasset" 8808
"../../../Engine/Content/EngineMaterials/Substrate/Glints2/dict_0002_0219.uasset" 8809
"/Engine/EngineMaterials/Substrate/Glints2/dict_0002_0227" 8810
"../../../Engine/Content/EngineMaterials/Substrate/Glints2/dict_0002_0229.uasset" 8811
"../../../Engine/Content/EngineMaterials/Substrate/Glints2/dict_0002_0231.uasset" 8812
"/Engine/EngineMaterials/Substrate/Glints2/dict_0002_0226" 8813
"/Engine/EngineMaterials/Substrate/Glints2/dict_0002_0228" 8814
"/Engine/EngineMaterials/Substrate/Glints2/dict_0002_0224" 8815
"/Engine/EngineMaterials/Substrate/Glints2/dict_0002_0223" 8816
"/Engine/EngineMaterials/Substrate/Glints2/dict_0002_0219" 8817
"../../../Engine/Content/EngineMaterials/Substrate/Glints2/dict_0002_0232.uasset" 8818
"/Engine/EngineMaterials/Substrate/Glints2/dict_0002_0216" 8819
"/Engine/EngineMaterials/Substrate/Glints2/dict_0002_0221" 8820
"/Engine/EngineMaterials/Substrate/Glints2/dict_0002_0218" 8821
"/Engine/EngineMaterials/Substrate/Glints2/dict_0002_0215" 8822
"../../../Engine/Content/EngineMaterials/Substrate/Glints2/dict_0002_0237.uasset" 8823
"/Engine/EngineMaterials/Substrate/Glints2/dict_0002_0231" 8824
"/Engine/EngineMaterials/Substrate/Glints2/dict_0002_0232" 8825
"../../../Engine/Content/EngineMaterials/Substrate/Glints2/dict_0002_0236.uasset" 8826
"/Engine/EngineMaterials/Substrate/Glints2/dict_0002_0229" 8827
"/Engine/EngineMaterials/Substrate/Glints2/dict_0002_0237" 8828
"/Engine/EngineMaterials/Substrate/Glints2/dict_0002_0236" 8829
"../../../Engine/Content/EngineMaterials/Substrate/Glints2/dict_0002_0233.uasset" 8830
"../../../Engine/Content/EngineMaterials/Substrate/Glints2/dict_0002_0230.uasset" 8831
"../../../Engine/Content/EngineMaterials/Substrate/Glints2/dict_0002_0240.uasset" 8832
"../../../Engine/Content/EngineMaterials/Substrate/Glints2/dict_0002_0234.uasset" 8833
"../../../Engine/Content/EngineMaterials/Substrate/Glints2/dict_0002_0239.uasset" 8834
"../../../Engine/Content/EngineMaterials/Substrate/Glints2/dict_0002_0235.uasset" 8835
"../../../Engine/Content/EngineMaterials/Substrate/Glints2/dict_0002_0238.uasset" 8836
"../../../Engine/Content/EngineMaterials/Substrate/Glints2/dict_0002_0241.uasset" 8837
"/Engine/EngineMaterials/Substrate/Glints2/dict_0002_0235" 8838
"../../../Engine/Content/EngineMaterials/Substrate/Glints2/dict_0002_0243.uasset" 8839
"/Engine/EngineMaterials/Substrate/Glints2/dict_0002_0240" 8840
"/Engine/EngineMaterials/Substrate/Glints2/dict_0002_0234" 8841
"/Engine/EngineMaterials/Substrate/Glints2/dict_0002_0233" 8842
"/Engine/EngineMaterials/Substrate/Glints2/dict_0002_0230" 8843
"../../../Engine/Content/EngineMaterials/Substrate/Glints2/dict_0002_0244.uasset" 8844
"/Engine/EngineMaterials/Substrate/Glints2/dict_0002_0239" 8845
"/Engine/EngineMaterials/Substrate/Glints2/dict_0002_0238" 8846
"../../../Engine/Content/EngineMaterials/Substrate/Glints2/dict_0002_0246.uasset" 8847
"/Engine/EngineMaterials/Substrate/Glints2/dict_0002_0241" 8848
"../../../Engine/Content/EngineMaterials/Substrate/Glints2/dict_0002_0245.uasset" 8849
"/Engine/EngineMaterials/Substrate/Glints2/dict_0002_0246" 8850
"/Engine/EngineMaterials/Substrate/Glints2/dict_0002_0245" 8851
"../../../Engine/Content/EngineMaterials/Substrate/Glints2/dict_0002_0248.uasset" 8852
"/Engine/EngineMaterials/Substrate/Glints2/dict_0002_0244" 8853
"/Engine/EngineMaterials/Substrate/Glints2/dict_0002_0243" 8854
"/Engine/EngineMaterials/Substrate/Glints2/dict_0002_0248" 8855
"../../../Engine/Content/EngineMaterials/Substrate/Glints2/dict_0002_0251.uasset" 8856
"/Engine/EngineMaterials/Substrate/Glints2/dict_0002_0251" 8857
"../../../Engine/Content/EngineMaterials/Substrate/Glints2/dict_0002_0249.uasset" 8858
"../../../Engine/Content/EngineMaterials/Substrate/Glints2/dict_0002_0247.uasset" 8859
"../../../Engine/Content/EngineMaterials/Substrate/Glints2/dict_0002_0252.uasset" 8860
"../../../Engine/Content/EngineMaterials/Substrate/Glints2/dict_0002_0242.uasset" 8861
"../../../Engine/Content/EngineMaterials/Substrate/Glints2/dict_0002_0253.uasset" 8862
"../../../Engine/Content/EngineMaterials/Substrate/Glints2/dict_0002_0250.uasset" 8863
"/Engine/EngineMaterials/Substrate/Glints2/dict_0002_0250" 8864
"../../../Engine/Content/EngineMaterials/Substrate/Glints2/dict_0002_0255.uasset" 8865
"/Engine/EngineMaterials/Substrate/Glints2/dict_0002_0249" 8866
"../../../Engine/Content/EngineMaterials/Substrate/Glints2/dict_0003_0003.uasset" 8867
"../../../Engine/Content/EngineMaterials/Substrate/Glints2/dict_0003_0001.uasset" 8868
"/Engine/EngineMaterials/Substrate/Glints2/dict_0002_0247" 8869
"../../../Engine/Content/EngineMaterials/Substrate/Glints2/dict_0003_0000.uasset" 8870
"../../../Engine/Content/EngineMaterials/Substrate/Glints2/dict_0003_0002.uasset" 8871
"/Engine/EngineMaterials/Substrate/Glints2/dict_0002_0253" 8872
"/Engine/EngineMaterials/Substrate/Glints2/dict_0002_0252" 8873
"/Engine/EngineMaterials/Substrate/Glints2/dict_0002_0242" 8874
"/Engine/EngineMaterials/Substrate/Glints2/dict_0003_0003" 8875
"/Engine/EngineMaterials/Substrate/Glints2/dict_0003_0002" 8876
"../../../Engine/Content/EngineMaterials/Substrate/Glints2/dict_0003_0004.uasset" 8877
"/Engine/EngineMaterials/Substrate/Glints2/dict_0003_0001" 8878
"/Engine/EngineMaterials/Substrate/Glints2/dict_0003_0000" 8879
"/Engine/EngineMaterials/Substrate/Glints2/dict_0002_0255" 8880
"/Engine/EngineMaterials/Substrate/Glints2/dict_0003_0004" 8881
"../../../Engine/Content/EngineMaterials/Substrate/Glints2/dict_0003_0005.uasset" 8882
"/Engine/EngineMaterials/Substrate/Glints2/dict_0003_0005" 8883
"../../../Engine/Content/EngineMaterials/Substrate/Glints2/dict_0003_0008.uasset" 8884
"../../../Engine/Content/EngineMaterials/Substrate/Glints2/dict_0003_0006.uasset" 8885
"../../../Engine/Content/EngineMaterials/Substrate/Glints2/dict_0003_0011.uasset" 8886
"../../../Engine/Content/EngineMaterials/Substrate/Glints2/dict_0003_0007.uasset" 8887
"../../../Engine/Content/EngineMaterials/Substrate/Glints2/dict_0003_0010.uasset" 8888
"../../../Engine/Content/EngineMaterials/Substrate/Glints2/dict_0002_0254.uasset" 8889
"../../../Engine/Content/EngineMaterials/Substrate/Glints2/dict_0003_0009.uasset" 8890
"/Engine/EngineMaterials/Substrate/Glints2/dict_0003_0009" 8891
"/Engine/EngineMaterials/Substrate/Glints2/dict_0003_0008" 8892
"/Engine/EngineMaterials/Substrate/Glints2/dict_0003_0007" 8893
"../../../Engine/Content/EngineMaterials/Substrate/Glints2/dict_0003_0014.uasset" 8894
"/Engine/EngineMaterials/Substrate/Glints2/dict_0003_0006" 8895
"/Engine/EngineMaterials/Substrate/Glints2/dict_0002_0254" 8896
"/Engine/EngineMaterials/Substrate/Glints2/dict_0003_0011" 8897
"../../../Engine/Content/EngineMaterials/Substrate/Glints2/dict_0003_0016.uasset" 8898
"/Engine/EngineMaterials/Substrate/Glints2/dict_0003_0010" 8899
"/Engine/EngineMaterials/Substrate/Glints2/dict_0003_0016" 8900
"/Engine/EngineMaterials/Substrate/Glints2/dict_0003_0014" 8901
"../../../Engine/Content/EngineMaterials/Substrate/Glints2/dict_0003_0013.uasset" 8902
"/Engine/EngineMaterials/Substrate/Glints2/dict_0003_0013" 8903
"../../../Engine/Content/EngineMaterials/Substrate/Glints2/dict_0003_0012.uasset" 8904
"../../../Engine/Content/EngineMaterials/Substrate/Glints2/dict_0003_0017.uasset" 8905
"../../../Engine/Content/EngineMaterials/Substrate/Glints2/dict_0003_0015.uasset" 8906
"../../../Engine/Content/EngineMaterials/Substrate/Glints2/dict_0003_0021.uasset" 8907
"../../../Engine/Content/EngineMaterials/Substrate/Glints2/dict_0003_0023.uasset" 8908
"../../../Engine/Content/EngineMaterials/Substrate/Glints2/dict_0003_0022.uasset" 8909
"../../../Engine/Content/EngineMaterials/Substrate/Glints2/dict_0003_0019.uasset" 8910
"../../../Engine/Content/EngineMaterials/Substrate/Glints2/dict_0003_0024.uasset" 8911
"../../../Engine/Content/EngineMaterials/Substrate/Glints2/dict_0003_0018.uasset" 8912
"../../../Engine/Content/EngineMaterials/Substrate/Glints2/dict_0003_0020.uasset" 8913
"../../../Engine/Content/EngineMaterials/Substrate/Glints2/dict_0003_0025.uasset" 8914
"/Engine/EngineMaterials/Substrate/Glints2/dict_0003_0021" 8915
"/Engine/EngineMaterials/Substrate/Glints2/dict_0003_0020" 8916
"/Engine/EngineMaterials/Substrate/Glints2/dict_0003_0017" 8917
"/Engine/EngineMaterials/Substrate/Glints2/dict_0003_0015" 8918
"/Engine/EngineMaterials/Substrate/Glints2/dict_0003_0022" 8919
"/Engine/EngineMaterials/Substrate/Glints2/dict_0003_0025" 8920
"/Engine/EngineMaterials/Substrate/Glints2/dict_0003_0019" 8921
"/Engine/EngineMaterials/Substrate/Glints2/dict_0003_0018" 8922
"/Engine/EngineMaterials/Substrate/Glints2/dict_0003_0023" 8923
"/Engine/EngineMaterials/Substrate/Glints2/dict_0003_0012" 8924
"/Engine/EngineMaterials/Substrate/Glints2/dict_0003_0024" 8925
"../../../Engine/Content/EngineMaterials/Substrate/Glints2/dict_0003_0026.uasset" 8926
"/Engine/EngineMaterials/Substrate/Glints2/dict_0003_0026" 8927
"../../../Engine/Content/EngineMaterials/Substrate/Glints2/dict_0003_0030.uasset" 8928
"../../../Engine/Content/EngineMaterials/Substrate/Glints2/dict_0003_0027.uasset" 8929
"../../../Engine/Content/EngineMaterials/Substrate/Glints2/dict_0003_0031.uasset" 8930
"../../../Engine/Content/EngineMaterials/Substrate/Glints2/dict_0003_0029.uasset" 8931
"../../../Engine/Content/EngineMaterials/Substrate/Glints2/dict_0003_0028.uasset" 8932
"../../../Engine/Content/EngineMaterials/Substrate/Glints2/dict_0003_0035.uasset" 8933
"../../../Engine/Content/EngineMaterials/Substrate/Glints2/dict_0003_0032.uasset" 8934
"../../../Engine/Content/EngineMaterials/Substrate/Glints2/dict_0003_0033.uasset" 8935
"../../../Engine/Content/EngineMaterials/Substrate/Glints2/dict_0003_0034.uasset" 8936
"../../../Engine/Content/EngineMaterials/Substrate/Glints2/dict_0003_0037.uasset" 8937
"/Engine/EngineMaterials/Substrate/Glints2/dict_0003_0029" 8938
"../../../Engine/Content/EngineMaterials/Substrate/Glints2/dict_0003_0036.uasset" 8939
"/Engine/EngineMaterials/Substrate/Glints2/dict_0003_0035" 8940
"/Engine/EngineMaterials/Substrate/Glints2/dict_0003_0034" 8941
"/Engine/EngineMaterials/Substrate/Glints2/dict_0003_0033" 8942
"/Engine/EngineMaterials/Substrate/Glints2/dict_0003_0032" 8943
"/Engine/EngineMaterials/Substrate/Glints2/dict_0003_0028" 8944
"/Engine/EngineMaterials/Substrate/Glints2/dict_0003_0031" 8945
"/Engine/EngineMaterials/Substrate/Glints2/dict_0003_0030" 8946
"/Engine/EngineMaterials/Substrate/Glints2/dict_0003_0027" 8947
"/Engine/EngineMaterials/Substrate/Glints2/dict_0003_0037" 8948
"../../../Engine/Content/EngineMaterials/Substrate/Glints2/dict_0003_0039.uasset" 8949
"/Engine/EngineMaterials/Substrate/Glints2/dict_0003_0039" 8950
"/Engine/EngineMaterials/Substrate/Glints2/dict_0003_0036" 8951
"../../../Engine/Content/EngineMaterials/Substrate/Glints2/dict_0003_0041.uasset" 8952
"../../../Engine/Content/EngineMaterials/Substrate/Glints2/dict_0003_0038.uasset" 8953
"/Engine/EngineMaterials/Substrate/Glints2/dict_0003_0041" 8954
"/Engine/EngineMaterials/Substrate/Glints2/dict_0003_0038" 8955
"../../../Engine/Content/EngineMaterials/Substrate/Glints2/dict_0003_0040.uasset" 8956
"../../../Engine/Content/EngineMaterials/Substrate/Glints2/dict_0003_0042.uasset" 8957
"../../../Engine/Content/EngineMaterials/Substrate/Glints2/dict_0003_0043.uasset" 8958
"../../../Engine/Content/EngineMaterials/Substrate/Glints2/dict_0003_0045.uasset" 8959
"../../../Engine/Content/EngineMaterials/Substrate/Glints2/dict_0003_0046.uasset" 8960
"../../../Engine/Content/EngineMaterials/Substrate/Glints2/dict_0003_0047.uasset" 8961
"../../../Engine/Content/EngineMaterials/Substrate/Glints2/dict_0003_0044.uasset" 8962
"../../../Engine/Content/EngineMaterials/Substrate/Glints2/dict_0003_0048.uasset" 8963
"/Engine/EngineMaterials/Substrate/Glints2/dict_0003_0043" 8964
"/Engine/EngineMaterials/Substrate/Glints2/dict_0003_0045" 8965
"/Engine/EngineMaterials/Substrate/Glints2/dict_0003_0042" 8966
"/Engine/EngineMaterials/Substrate/Glints2/dict_0003_0044" 8967
"/Engine/EngineMaterials/Substrate/Glints2/dict_0003_0046" 8968
"/Engine/EngineMaterials/Substrate/Glints2/dict_0003_0040" 8969
"../../../Engine/Content/EngineMaterials/Substrate/Glints2/dict_0003_0050.uasset" 8970
"/Engine/EngineMaterials/Substrate/Glints2/dict_0003_0048" 8971
"../../../Engine/Content/EngineMaterials/Substrate/Glints2/dict_0003_0049.uasset" 8972
"/Engine/EngineMaterials/Substrate/Glints2/dict_0003_0047" 8973
"/Engine/EngineMaterials/Substrate/Glints2/dict_0003_0050" 8974
"/Engine/EngineMaterials/Substrate/Glints2/dict_0003_0049" 8975
"../../../Engine/Content/EngineMaterials/Substrate/Glints2/dict_0003_0053.uasset" 8976
"../../../Engine/Content/EngineMaterials/Substrate/Glints2/dict_0003_0057.uasset" 8977
"../../../Engine/Content/EngineMaterials/Substrate/Glints2/dict_0003_0055.uasset" 8978
"../../../Engine/Content/EngineMaterials/Substrate/Glints2/dict_0003_0059.uasset" 8979
"../../../Engine/Content/EngineMaterials/Substrate/Glints2/dict_0003_0056.uasset" 8980
"../../../Engine/Content/EngineMaterials/Substrate/Glints2/dict_0003_0061.uasset" 8981
"../../../Engine/Content/EngineMaterials/Substrate/Glints2/dict_0003_0051.uasset" 8982
"../../../Engine/Content/EngineMaterials/Substrate/Glints2/dict_0003_0062.uasset" 8983
"../../../Engine/Content/EngineMaterials/Substrate/Glints2/dict_0003_0060.uasset" 8984
"../../../Engine/Content/EngineMaterials/Substrate/Glints2/dict_0003_0058.uasset" 8985
"../../../Engine/Content/EngineMaterials/Substrate/Glints2/dict_0003_0052.uasset" 8986
"../../../Engine/Content/EngineMaterials/Substrate/Glints2/dict_0003_0054.uasset" 8987
"../../../Engine/Content/EngineMaterials/Substrate/Glints2/dict_0003_0063.uasset" 8988
"../../../Engine/Content/EngineMaterials/Substrate/Glints2/dict_0003_0066.uasset" 8989
"../../../Engine/Content/EngineMaterials/Substrate/Glints2/dict_0003_0064.uasset" 8990
"../../../Engine/Content/EngineMaterials/Substrate/Glints2/dict_0003_0070.uasset" 8991
"../../../Engine/Content/EngineMaterials/Substrate/Glints2/dict_0003_0068.uasset" 8992
"../../../Engine/Content/EngineMaterials/Substrate/Glints2/dict_0003_0069.uasset" 8993
"../../../Engine/Content/EngineMaterials/Substrate/Glints2/dict_0003_0073.uasset" 8994
"../../../Engine/Content/EngineMaterials/Substrate/Glints2/dict_0003_0074.uasset" 8995
"../../../Engine/Content/EngineMaterials/Substrate/Glints2/dict_0003_0071.uasset" 8996
"../../../Engine/Content/EngineMaterials/Substrate/Glints2/dict_0003_0072.uasset" 8997
"../../../Engine/Content/EngineMaterials/Substrate/Glints2/dict_0003_0065.uasset" 8998
"../../../Engine/Content/EngineMaterials/Substrate/Glints2/dict_0003_0067.uasset" 8999
"../../../Engine/Content/EngineMaterials/Substrate/Glints2/dict_0003_0075.uasset" 9000
"../../../Engine/Content/EngineMaterials/Substrate/Glints2/dict_0003_0077.uasset" 9001
"../../../Engine/Content/EngineMaterials/Substrate/Glints2/dict_0003_0078.uasset" 9002
"../../../Engine/Content/EngineMaterials/Substrate/Glints2/dict_0003_0079.uasset" 9003
"../../../Engine/Content/EngineMaterials/Substrate/Glints2/dict_0003_0076.uasset" 9004
"../../../Engine/Content/EngineMaterials/Substrate/Glints2/dict_0003_0082.uasset" 9005
"../../../Engine/Content/EngineMaterials/Substrate/Glints2/dict_0003_0081.uasset" 9006
"../../../Engine/Content/EngineMaterials/Substrate/Glints2/dict_0003_0080.uasset" 9007
"/Engine/EngineMaterials/Substrate/Glints2/dict_0003_0057" 9008
"/Engine/EngineMaterials/Substrate/Glints2/dict_0003_0068" 9009
"/Engine/EngineMaterials/Substrate/Glints2/dict_0003_0056" 9010
"/Engine/EngineMaterials/Substrate/Glints2/dict_0003_0080" 9011
"/Engine/EngineMaterials/Substrate/Glints2/dict_0003_0055" 9012
"/Engine/EngineMaterials/Substrate/Glints2/dict_0003_0079" 9013
"/Engine/EngineMaterials/Substrate/Glints2/dict_0003_0078" 9014
"/Engine/EngineMaterials/Substrate/Glints2/dict_0003_0072" 9015
"/Engine/EngineMaterials/Substrate/Glints2/dict_0003_0054" 9016
"/Engine/EngineMaterials/Substrate/Glints2/dict_0003_0077" 9017
"/Engine/EngineMaterials/Substrate/Glints2/dict_0003_0067" 9018
"/Engine/EngineMaterials/Substrate/Glints2/dict_0003_0076" 9019
"/Engine/EngineMaterials/Substrate/Glints2/dict_0003_0075" 9020
"/Engine/EngineMaterials/Substrate/Glints2/dict_0003_0066" 9021
"/Engine/EngineMaterials/Substrate/Glints2/dict_0003_0065" 9022
"/Engine/EngineMaterials/Substrate/Glints2/dict_0003_0064" 9023
"/Engine/EngineMaterials/Substrate/Glints2/dict_0003_0063" 9024
"/Engine/EngineMaterials/Substrate/Glints2/dict_0003_0062" 9025
"/Engine/EngineMaterials/Substrate/Glints2/dict_0003_0053" 9026
"/Engine/EngineMaterials/Substrate/Glints2/dict_0003_0061" 9027
"/Engine/EngineMaterials/Substrate/Glints2/dict_0003_0060" 9028
"/Engine/EngineMaterials/Substrate/Glints2/dict_0003_0070" 9029
"/Engine/EngineMaterials/Substrate/Glints2/dict_0003_0058" 9030
"/Engine/EngineMaterials/Substrate/Glints2/dict_0003_0052" 9031
"/Engine/EngineMaterials/Substrate/Glints2/dict_0003_0051" 9032
"/Engine/EngineMaterials/Substrate/Glints2/dict_0003_0082" 9033
"/Engine/EngineMaterials/Substrate/Glints2/dict_0003_0081" 9034
"/Engine/EngineMaterials/Substrate/Glints2/dict_0003_0074" 9035
"/Engine/EngineMaterials/Substrate/Glints2/dict_0003_0071" 9036
"/Engine/EngineMaterials/Substrate/Glints2/dict_0003_0073" 9037
"/Engine/EngineMaterials/Substrate/Glints2/dict_0003_0059" 9038
"/Engine/EngineMaterials/Substrate/Glints2/dict_0003_0069" 9039
"../../../Engine/Content/EngineMaterials/Substrate/Glints2/dict_0003_0094.uasset" 9040
"../../../Engine/Content/EngineMaterials/Substrate/Glints2/dict_0003_0086.uasset" 9041
"../../../Engine/Content/EngineMaterials/Substrate/Glints2/dict_0003_0085.uasset" 9042
"../../../Engine/Content/EngineMaterials/Substrate/Glints2/dict_0003_0083.uasset" 9043
"../../../Engine/Content/EngineMaterials/Substrate/Glints2/dict_0003_0084.uasset" 9044
"/Engine/EngineMaterials/Substrate/Glints2/dict_0003_0094" 9045
"/Engine/EngineMaterials/Substrate/Glints2/dict_0003_0086" 9046
"/Engine/EngineMaterials/Substrate/Glints2/dict_0003_0085" 9047
"/Engine/EngineMaterials/Substrate/Glints2/dict_0003_0084" 9048
"/Engine/EngineMaterials/Substrate/Glints2/dict_0003_0083" 9049
"../../../Engine/Content/EngineMaterials/Substrate/Glints2/dict_0003_0091.uasset" 9050
"../../../Engine/Content/EngineMaterials/Substrate/Glints2/dict_0003_0093.uasset" 9051
"../../../Engine/Content/EngineMaterials/Substrate/Glints2/dict_0003_0089.uasset" 9052
"../../../Engine/Content/EngineMaterials/Substrate/Glints2/dict_0003_0087.uasset" 9053
"../../../Engine/Content/EngineMaterials/Substrate/Glints2/dict_0003_0092.uasset" 9054
"../../../Engine/Content/EngineMaterials/Substrate/Glints2/dict_0003_0096.uasset" 9055
"../../../Engine/Content/EngineMaterials/Substrate/Glints2/dict_0003_0095.uasset" 9056
"../../../Engine/Content/EngineMaterials/Substrate/Glints2/dict_0003_0090.uasset" 9057
"/Engine/EngineMaterials/Substrate/Glints2/dict_0003_0096" 9058
"/Engine/EngineMaterials/Substrate/Glints2/dict_0003_0095" 9059
"/Engine/EngineMaterials/Substrate/Glints2/dict_0003_0093" 9060
"/Engine/EngineMaterials/Substrate/Glints2/dict_0003_0092" 9061
"/Engine/EngineMaterials/Substrate/Glints2/dict_0003_0091" 9062
"/Engine/EngineMaterials/Substrate/Glints2/dict_0003_0089" 9063
"/Engine/EngineMaterials/Substrate/Glints2/dict_0003_0087" 9064
"/Engine/EngineMaterials/Substrate/Glints2/dict_0003_0090" 9065
"../../../Engine/Content/EngineMaterials/Substrate/Glints2/dict_0003_0097.uasset" 9066
"/Engine/EngineMaterials/Substrate/Glints2/dict_0003_0097" 9067
"../../../Engine/Content/EngineMaterials/Substrate/Glints2/dict_0003_0098.uasset" 9068
"../../../Engine/Content/EngineMaterials/Substrate/Glints2/dict_0003_0088.uasset" 9069
"../../../Engine/Content/EngineMaterials/Substrate/Glints2/dict_0003_0099.uasset" 9070
"../../../Engine/Content/EngineMaterials/Substrate/Glints2/dict_0003_0100.uasset" 9071
"/Engine/EngineMaterials/Substrate/Glints2/dict_0003_0100" 9072
"/Engine/EngineMaterials/Substrate/Glints2/dict_0003_0099" 9073
"../../../Engine/Content/EngineMaterials/Substrate/Glints2/dict_0003_0102.uasset" 9074
"/Engine/EngineMaterials/Substrate/Glints2/dict_0003_0098" 9075
"/Engine/EngineMaterials/Substrate/Glints2/dict_0003_0088" 9076
"/Engine/EngineMaterials/Substrate/Glints2/dict_0003_0102" 9077
"../../../Engine/Content/EngineMaterials/Substrate/Glints2/dict_0003_0101.uasset" 9078
"../../../Engine/Content/EngineMaterials/Substrate/Glints2/dict_0003_0105.uasset" 9079
"../../../Engine/Content/EngineMaterials/Substrate/Glints2/dict_0003_0104.uasset" 9080
"../../../Engine/Content/EngineMaterials/Substrate/Glints2/dict_0003_0107.uasset" 9081
"../../../Engine/Content/EngineMaterials/Substrate/Glints2/dict_0003_0106.uasset" 9082
"../../../Engine/Content/EngineMaterials/Substrate/Glints2/dict_0003_0103.uasset" 9083
"../../../Engine/Content/EngineMaterials/Substrate/Glints2/dict_0003_0109.uasset" 9084
"../../../Engine/Content/EngineMaterials/Substrate/Glints2/dict_0003_0108.uasset" 9085
"/Engine/EngineMaterials/Substrate/Glints2/dict_0003_0109" 9086
"/Engine/EngineMaterials/Substrate/Glints2/dict_0003_0107" 9087
"../../../Engine/Content/EngineMaterials/Substrate/Glints2/dict_0003_0110.uasset" 9088
"../../../Engine/Content/EngineMaterials/Substrate/Glints2/dict_0003_0112.uasset" 9089
"../../../Engine/Content/EngineMaterials/Substrate/Glints2/dict_0003_0111.uasset" 9090
"/Engine/EngineMaterials/Substrate/Glints2/dict_0003_0106" 9091
"/Engine/EngineMaterials/Substrate/Glints2/dict_0003_0105" 9092
"/Engine/EngineMaterials/Substrate/Glints2/dict_0003_0104" 9093
"/Engine/EngineMaterials/Substrate/Glints2/dict_0003_0103" 9094
"/Engine/EngineMaterials/Substrate/Glints2/dict_0003_0101" 9095
"/Engine/EngineMaterials/Substrate/Glints2/dict_0003_0112" 9096
"/Engine/EngineMaterials/Substrate/Glints2/dict_0003_0111" 9097
"/Engine/EngineMaterials/Substrate/Glints2/dict_0003_0110" 9098
"../../../Engine/Content/EngineMaterials/Substrate/Glints2/dict_0003_0114.uasset" 9099
"/Engine/EngineMaterials/Substrate/Glints2/dict_0003_0108" 9100
"/Engine/EngineMaterials/Substrate/Glints2/dict_0003_0114" 9101
"../../../Engine/Content/EngineMaterials/Substrate/Glints2/dict_0003_0113.uasset" 9102
"../../../Engine/Content/EngineMaterials/Substrate/Glints2/dict_0003_0116.uasset" 9103
"../../../Engine/Content/EngineMaterials/Substrate/Glints2/dict_0003_0119.uasset" 9104
"../../../Engine/Content/EngineMaterials/Substrate/Glints2/dict_0003_0120.uasset" 9105
"../../../Engine/Content/EngineMaterials/Substrate/Glints2/dict_0003_0115.uasset" 9106
"../../../Engine/Content/EngineMaterials/Substrate/Glints2/dict_0003_0117.uasset" 9107
"../../../Engine/Content/EngineMaterials/Substrate/Glints2/dict_0003_0121.uasset" 9108
"../../../Engine/Content/EngineMaterials/Substrate/Glints2/dict_0003_0122.uasset" 9109
"../../../Engine/Content/EngineMaterials/Substrate/Glints2/dict_0003_0123.uasset" 9110
"/Engine/EngineMaterials/Substrate/Glints2/dict_0003_0113" 9111
"../../../Engine/Content/EngineMaterials/Substrate/Glints2/dict_0003_0125.uasset" 9112
"/Engine/EngineMaterials/Substrate/Glints2/dict_0003_0119" 9113
"../../../Engine/Content/EngineMaterials/Substrate/Glints2/dict_0003_0118.uasset" 9114
"/Engine/EngineMaterials/Substrate/Glints2/dict_0003_0123" 9115
"/Engine/EngineMaterials/Substrate/Glints2/dict_0003_0122" 9116
"/Engine/EngineMaterials/Substrate/Glints2/dict_0003_0121" 9117
"/Engine/EngineMaterials/Substrate/Glints2/dict_0003_0120" 9118
"/Engine/EngineMaterials/Substrate/Glints2/dict_0003_0117" 9119
"/Engine/EngineMaterials/Substrate/Glints2/dict_0003_0116" 9120
"../../../Engine/Content/EngineMaterials/Substrate/Glints2/dict_0003_0124.uasset" 9121
"../../../Engine/Content/EngineMaterials/Substrate/Glints2/dict_0003_0126.uasset" 9122
"/Engine/EngineMaterials/Substrate/Glints2/dict_0003_0115" 9123
"/Engine/EngineMaterials/Substrate/Glints2/dict_0003_0126" 9124
"/Engine/EngineMaterials/Substrate/Glints2/dict_0003_0125" 9125
"/Engine/EngineMaterials/Substrate/Glints2/dict_0003_0124" 9126
"/Engine/EngineMaterials/Substrate/Glints2/dict_0003_0118" 9127
"../../../Engine/Content/EngineMaterials/Substrate/Glints2/dict_0003_0127.uasset" 9128
"../../../Engine/Content/EngineMaterials/Substrate/Glints2/dict_0003_0130.uasset" 9129
"../../../Engine/Content/EngineMaterials/Substrate/Glints2/dict_0003_0129.uasset" 9130
"../../../Engine/Content/EngineMaterials/Substrate/Glints2/dict_0003_0128.uasset" 9131
"../../../Engine/Content/EngineMaterials/Substrate/Glints2/dict_0003_0132.uasset" 9132
"/Engine/EngineMaterials/Substrate/Glints2/dict_0003_0130" 9133
"../../../Engine/Content/EngineMaterials/Substrate/Glints2/dict_0003_0135.uasset" 9134
"../../../Engine/Content/EngineMaterials/Substrate/Glints2/dict_0003_0131.uasset" 9135
"/Engine/EngineMaterials/Substrate/Glints2/dict_0003_0128" 9136
"../../../Engine/Content/EngineMaterials/Substrate/Glints2/dict_0003_0133.uasset" 9137
"/Engine/EngineMaterials/Substrate/Glints2/dict_0003_0127" 9138
"../../../Engine/Content/EngineMaterials/Substrate/Glints2/dict_0003_0137.uasset" 9139
"/Engine/EngineMaterials/Substrate/Glints2/dict_0003_0129" 9140
"../../../Engine/Content/EngineMaterials/Substrate/Glints2/dict_0003_0134.uasset" 9141
"/Engine/EngineMaterials/Substrate/Glints2/dict_0003_0137" 9142
"/Engine/EngineMaterials/Substrate/Glints2/dict_0003_0135" 9143
"../../../Engine/Content/EngineMaterials/Substrate/Glints2/dict_0003_0136.uasset" 9144
"/Engine/EngineMaterials/Substrate/Glints2/dict_0003_0133" 9145
"/Engine/EngineMaterials/Substrate/Glints2/dict_0003_0134" 9146
"/Engine/EngineMaterials/Substrate/Glints2/dict_0003_0132" 9147
"/Engine/EngineMaterials/Substrate/Glints2/dict_0003_0131" 9148
"/Engine/EngineMaterials/Substrate/Glints2/dict_0003_0136" 9149
"../../../Engine/Content/EngineMaterials/Substrate/Glints2/dict_0003_0139.uasset" 9150
"../../../Engine/Content/EngineMaterials/Substrate/Glints2/dict_0003_0140.uasset" 9151
"../../../Engine/Content/EngineMaterials/Substrate/Glints2/dict_0003_0138.uasset" 9152
"../../../Engine/Content/EngineMaterials/Substrate/Glints2/dict_0003_0142.uasset" 9153
"../../../Engine/Content/EngineMaterials/Substrate/Glints2/dict_0003_0141.uasset" 9154
"/Engine/EngineMaterials/Substrate/Glints2/dict_0003_0142" 9155
"../../../Engine/Content/EngineMaterials/Substrate/Glints2/dict_0003_0145.uasset" 9156
"/Engine/EngineMaterials/Substrate/Glints2/dict_0003_0140" 9157
"/Engine/EngineMaterials/Substrate/Glints2/dict_0003_0141" 9158
"/Engine/EngineMaterials/Substrate/Glints2/dict_0003_0139" 9159
"../../../Engine/Content/EngineMaterials/Substrate/Glints2/dict_0003_0143.uasset" 9160
"/Engine/EngineMaterials/Substrate/Glints2/dict_0003_0138" 9161
"/Engine/EngineMaterials/Substrate/Glints2/dict_0003_0145" 9162
"../../../Engine/Content/EngineMaterials/Substrate/Glints2/dict_0003_0146.uasset" 9163
"/Engine/EngineMaterials/Substrate/Glints2/dict_0003_0143" 9164
"../../../Engine/Content/EngineMaterials/Substrate/Glints2/dict_0003_0150.uasset" 9165
"/Engine/EngineMaterials/Substrate/Glints2/dict_0003_0150" 9166
"/Engine/EngineMaterials/Substrate/Glints2/dict_0003_0146" 9167
"../../../Engine/Content/EngineMaterials/Substrate/Glints2/dict_0003_0149.uasset" 9168
"/Engine/EngineMaterials/Substrate/Glints2/dict_0003_0149" 9169
"../../../Engine/Content/EngineMaterials/Substrate/Glints2/dict_0003_0144.uasset" 9170
"../../../Engine/Content/EngineMaterials/Substrate/Glints2/dict_0003_0147.uasset" 9171
"../../../Engine/Content/EngineMaterials/Substrate/Glints2/dict_0003_0148.uasset" 9172
"../../../Engine/Content/EngineMaterials/Substrate/Glints2/dict_0003_0152.uasset" 9173
"../../../Engine/Content/EngineMaterials/Substrate/Glints2/dict_0003_0151.uasset" 9174
"../../../Engine/Content/EngineMaterials/Substrate/Glints2/dict_0003_0154.uasset" 9175
"../../../Engine/Content/EngineMaterials/Substrate/Glints2/dict_0003_0153.uasset" 9176
"/Engine/EngineMaterials/Substrate/Glints2/dict_0003_0154" 9177
"/Engine/EngineMaterials/Substrate/Glints2/dict_0003_0144" 9178
"/Engine/EngineMaterials/Substrate/Glints2/dict_0003_0153" 9179
"../../../Engine/Content/EngineMaterials/Substrate/Glints2/dict_0003_0156.uasset" 9180
"/Engine/EngineMaterials/Substrate/Glints2/dict_0003_0152" 9181
"/Engine/EngineMaterials/Substrate/Glints2/dict_0003_0151" 9182
"/Engine/EngineMaterials/Substrate/Glints2/dict_0003_0148" 9183
"../../../Engine/Content/EngineMaterials/Substrate/Glints2/dict_0003_0155.uasset" 9184
"../../../Engine/Content/EngineMaterials/Substrate/Glints2/dict_0003_0157.uasset" 9185
"/Engine/EngineMaterials/Substrate/Glints2/dict_0003_0147" 9186
"/Engine/EngineMaterials/Substrate/Glints2/dict_0003_0157" 9187
"../../../Engine/Content/EngineMaterials/Substrate/Glints2/dict_0003_0159.uasset" 9188
"/Engine/EngineMaterials/Substrate/Glints2/dict_0003_0156" 9189
"/Engine/EngineMaterials/Substrate/Glints2/dict_0003_0155" 9190
"../../../Engine/Content/EngineMaterials/Substrate/Glints2/dict_0003_0164.uasset" 9191
"/Engine/EngineMaterials/Substrate/Glints2/dict_0003_0159" 9192
"/Engine/EngineMaterials/Substrate/Glints2/dict_0003_0164" 9193
"../../../Engine/Content/EngineMaterials/Substrate/Glints2/dict_0003_0160.uasset" 9194
"../../../Engine/Content/EngineMaterials/Substrate/Glints2/dict_0003_0161.uasset" 9195
"/Engine/EngineMaterials/Substrate/Glints2/dict_0003_0160" 9196
"/Engine/EngineMaterials/Substrate/Glints2/dict_0003_0161" 9197
"../../../Engine/Content/EngineMaterials/Substrate/Glints2/dict_0003_0158.uasset" 9198
"../../../Engine/Content/EngineMaterials/Substrate/Glints2/dict_0003_0165.uasset" 9199
"../../../Engine/Content/EngineMaterials/Substrate/Glints2/dict_0003_0162.uasset" 9200
"../../../Engine/Content/EngineMaterials/Substrate/Glints2/dict_0003_0163.uasset" 9201
"../../../Engine/Content/EngineMaterials/Substrate/Glints2/dict_0003_0168.uasset" 9202
"../../../Engine/Content/EngineMaterials/Substrate/Glints2/dict_0003_0167.uasset" 9203
"../../../Engine/Content/EngineMaterials/Substrate/Glints2/dict_0003_0166.uasset" 9204
"/Engine/EngineMaterials/Substrate/Glints2/dict_0003_0168" 9205
"/Engine/EngineMaterials/Substrate/Glints2/dict_0003_0167" 9206
"/Engine/EngineMaterials/Substrate/Glints2/dict_0003_0166" 9207
"/Engine/EngineMaterials/Substrate/Glints2/dict_0003_0165" 9208
"/Engine/EngineMaterials/Substrate/Glints2/dict_0003_0163" 9209
"/Engine/EngineMaterials/Substrate/Glints2/dict_0003_0162" 9210
"/Engine/EngineMaterials/Substrate/Glints2/dict_0003_0158" 9211
"../../../Engine/Content/EngineMaterials/Substrate/Glints2/dict_0003_0171.uasset" 9212
"../../../Engine/Content/EngineMaterials/Substrate/Glints2/dict_0003_0169.uasset" 9213
"/Engine/EngineMaterials/Substrate/Glints2/dict_0003_0171" 9214
"/Engine/EngineMaterials/Substrate/Glints2/dict_0003_0169" 9215
"../../../Engine/Content/EngineMaterials/Substrate/Glints2/dict_0003_0176.uasset" 9216
"../../../Engine/Content/EngineMaterials/Substrate/Glints2/dict_0003_0173.uasset" 9217
"../../../Engine/Content/EngineMaterials/Substrate/Glints2/dict_0003_0174.uasset" 9218
"../../../Engine/Content/EngineMaterials/Substrate/Glints2/dict_0003_0179.uasset" 9219
"../../../Engine/Content/EngineMaterials/Substrate/Glints2/dict_0003_0175.uasset" 9220
"../../../Engine/Content/EngineMaterials/Substrate/Glints2/dict_0003_0178.uasset" 9221
"../../../Engine/Content/EngineMaterials/Substrate/Glints2/dict_0003_0172.uasset" 9222
"../../../Engine/Content/EngineMaterials/Substrate/Glints2/dict_0003_0170.uasset" 9223
"../../../Engine/Content/EngineMaterials/Substrate/Glints2/dict_0003_0177.uasset" 9224
"../../../Engine/Content/EngineMaterials/Substrate/Glints2/dict_0003_0180.uasset" 9225
"../../../Engine/Content/EngineMaterials/Substrate/Glints2/dict_0003_0181.uasset" 9226
"../../../Engine/Content/EngineMaterials/Substrate/Glints2/dict_0003_0182.uasset" 9227
"/Engine/EngineMaterials/Substrate/Glints2/dict_0003_0176" 9228
"/Engine/EngineMaterials/Substrate/Glints2/dict_0003_0175" 9229
"/Engine/EngineMaterials/Substrate/Glints2/dict_0003_0174" 9230
"/Engine/EngineMaterials/Substrate/Glints2/dict_0003_0173" 9231
"/Engine/EngineMaterials/Substrate/Glints2/dict_0003_0172" 9232
"/Engine/EngineMaterials/Substrate/Glints2/dict_0003_0170" 9233
"/Engine/EngineMaterials/Substrate/Glints2/dict_0003_0178" 9234
"/Engine/EngineMaterials/Substrate/Glints2/dict_0003_0179" 9235
"/Engine/EngineMaterials/Substrate/Glints2/dict_0003_0181" 9236
"/Engine/EngineMaterials/Substrate/Glints2/dict_0003_0180" 9237
"/Engine/EngineMaterials/Substrate/Glints2/dict_0003_0177" 9238
"/Engine/EngineMaterials/Substrate/Glints2/dict_0003_0182" 9239
"../../../Engine/Content/EngineMaterials/Substrate/Glints2/dict_0003_0186.uasset" 9240
"../../../Engine/Content/EngineMaterials/Substrate/Glints2/dict_0003_0183.uasset" 9241
"../../../Engine/Content/EngineMaterials/Substrate/Glints2/dict_0003_0184.uasset" 9242
"../../../Engine/Content/EngineMaterials/Substrate/Glints2/dict_0003_0191.uasset" 9243
"../../../Engine/Content/EngineMaterials/Substrate/Glints2/dict_0003_0185.uasset" 9244
"../../../Engine/Content/EngineMaterials/Substrate/Glints2/dict_0003_0187.uasset" 9245
"../../../Engine/Content/EngineMaterials/Substrate/Glints2/dict_0003_0189.uasset" 9246
"../../../Engine/Content/EngineMaterials/Substrate/Glints2/dict_0003_0190.uasset" 9247
"../../../Engine/Content/EngineMaterials/Substrate/Glints2/dict_0003_0188.uasset" 9248
"../../../Engine/Content/EngineMaterials/Substrate/Glints2/dict_0003_0192.uasset" 9249
"../../../Engine/Content/EngineMaterials/Substrate/Glints2/dict_0003_0194.uasset" 9250
"../../../Engine/Content/EngineMaterials/Substrate/Glints2/dict_0003_0193.uasset" 9251
"/Engine/EngineMaterials/Substrate/Glints2/dict_0003_0186" 9252
"../../../Engine/Content/EngineMaterials/Substrate/Glints2/dict_0003_0195.uasset" 9253
"/Engine/EngineMaterials/Substrate/Glints2/dict_0003_0185" 9254
"/Engine/EngineMaterials/Substrate/Glints2/dict_0003_0191" 9255
"/Engine/EngineMaterials/Substrate/Glints2/dict_0003_0193" 9256
"/Engine/EngineMaterials/Substrate/Glints2/dict_0003_0194" 9257
"/Engine/EngineMaterials/Substrate/Glints2/dict_0003_0189" 9258
"/Engine/EngineMaterials/Substrate/Glints2/dict_0003_0184" 9259
"/Engine/EngineMaterials/Substrate/Glints2/dict_0003_0188" 9260
"/Engine/EngineMaterials/Substrate/Glints2/dict_0003_0183" 9261
"/Engine/EngineMaterials/Substrate/Glints2/dict_0003_0192" 9262
"../../../Engine/Content/EngineMaterials/Substrate/Glints2/dict_0003_0196.uasset" 9263
"/Engine/EngineMaterials/Substrate/Glints2/dict_0003_0190" 9264
"/Engine/EngineMaterials/Substrate/Glints2/dict_0003_0187" 9265
"/Engine/EngineMaterials/Substrate/Glints2/dict_0003_0196" 9266
"/Engine/EngineMaterials/Substrate/Glints2/dict_0003_0195" 9267
"../../../Engine/Content/EngineMaterials/Substrate/Glints2/dict_0003_0201.uasset" 9268
"../../../Engine/Content/EngineMaterials/Substrate/Glints2/dict_0003_0200.uasset" 9269
"../../../Engine/Content/EngineMaterials/Substrate/Glints2/dict_0003_0198.uasset" 9270
"../../../Engine/Content/EngineMaterials/Substrate/Glints2/dict_0003_0203.uasset" 9271
"../../../Engine/Content/EngineMaterials/Substrate/Glints2/dict_0003_0199.uasset" 9272
"../../../Engine/Content/EngineMaterials/Substrate/Glints2/dict_0003_0197.uasset" 9273
"../../../Engine/Content/EngineMaterials/Substrate/Glints2/dict_0003_0205.uasset" 9274
"../../../Engine/Content/EngineMaterials/Substrate/Glints2/dict_0003_0202.uasset" 9275
"../../../Engine/Content/EngineMaterials/Substrate/Glints2/dict_0003_0204.uasset" 9276
"../../../Engine/Content/EngineMaterials/Substrate/Glints2/dict_0003_0207.uasset" 9277
"/Engine/EngineMaterials/Substrate/Glints2/dict_0003_0202" 9278
"/Engine/EngineMaterials/Substrate/Glints2/dict_0003_0200" 9279
"/Engine/EngineMaterials/Substrate/Glints2/dict_0003_0201" 9280
"/Engine/EngineMaterials/Substrate/Glints2/dict_0003_0199" 9281
"/Engine/EngineMaterials/Substrate/Glints2/dict_0003_0198" 9282
"/Engine/EngineMaterials/Substrate/Glints2/dict_0003_0197" 9283
"/Engine/EngineMaterials/Substrate/Glints2/dict_0003_0207" 9284
"../../../Engine/Content/EngineMaterials/Substrate/Glints2/dict_0003_0206.uasset" 9285
"/Engine/EngineMaterials/Substrate/Glints2/dict_0003_0205" 9286
"../../../Engine/Content/EngineMaterials/Substrate/Glints2/dict_0003_0209.uasset" 9287
"/Engine/EngineMaterials/Substrate/Glints2/dict_0003_0204" 9288
"../../../Engine/Content/EngineMaterials/Substrate/Glints2/dict_0003_0208.uasset" 9289
"/Engine/EngineMaterials/Substrate/Glints2/dict_0003_0203" 9290
"/Engine/EngineMaterials/Substrate/Glints2/dict_0003_0209" 9291
"/Engine/EngineMaterials/Substrate/Glints2/dict_0003_0208" 9292
"/Engine/EngineMaterials/Substrate/Glints2/dict_0003_0206" 9293
"../../../Engine/Content/EngineMaterials/Substrate/Glints2/dict_0003_0210.uasset" 9294
"../../../Engine/Content/EngineMaterials/Substrate/Glints2/dict_0003_0211.uasset" 9295
"../../../Engine/Content/EngineMaterials/Substrate/Glints2/dict_0003_0216.uasset" 9296
"../../../Engine/Content/EngineMaterials/Substrate/Glints2/dict_0003_0215.uasset" 9297
"../../../Engine/Content/EngineMaterials/Substrate/Glints2/dict_0003_0217.uasset" 9298
"../../../Engine/Content/EngineMaterials/Substrate/Glints2/dict_0003_0218.uasset" 9299
"../../../Engine/Content/EngineMaterials/Substrate/Glints2/dict_0003_0212.uasset" 9300
"../../../Engine/Content/EngineMaterials/Substrate/Glints2/dict_0003_0214.uasset" 9301
"../../../Engine/Content/EngineMaterials/Substrate/Glints2/dict_0003_0213.uasset" 9302
"/Engine/EngineMaterials/Substrate/Glints2/dict_0003_0213" 9303
"/Engine/EngineMaterials/Substrate/Glints2/dict_0003_0212" 9304
"/Engine/EngineMaterials/Substrate/Glints2/dict_0003_0211" 9305
"/Engine/EngineMaterials/Substrate/Glints2/dict_0003_0210" 9306
"/Engine/EngineMaterials/Substrate/Glints2/dict_0003_0218" 9307
"/Engine/EngineMaterials/Substrate/Glints2/dict_0003_0214" 9308
"../../../Engine/Content/EngineMaterials/Substrate/Glints2/dict_0003_0220.uasset" 9309
"/Engine/EngineMaterials/Substrate/Glints2/dict_0003_0217" 9310
"/Engine/EngineMaterials/Substrate/Glints2/dict_0003_0216" 9311
"/Engine/EngineMaterials/Substrate/Glints2/dict_0003_0215" 9312
"/Engine/EngineMaterials/Substrate/Glints2/dict_0003_0220" 9313
"../../../Engine/Content/EngineMaterials/Substrate/Glints2/dict_0003_0219.uasset" 9314
"../../../Engine/Content/EngineMaterials/Substrate/Glints2/dict_0003_0223.uasset" 9315
"../../../Engine/Content/EngineMaterials/Substrate/Glints2/dict_0003_0221.uasset" 9316
"../../../Engine/Content/EngineMaterials/Substrate/Glints2/dict_0003_0224.uasset" 9317
"../../../Engine/Content/EngineMaterials/Substrate/Glints2/dict_0003_0222.uasset" 9318
"../../../Engine/Content/EngineMaterials/Substrate/Glints2/dict_0003_0228.uasset" 9319
"../../../Engine/Content/EngineMaterials/Substrate/Glints2/dict_0003_0225.uasset" 9320
"../../../Engine/Content/EngineMaterials/Substrate/Glints2/dict_0003_0226.uasset" 9321
"../../../Engine/Content/EngineMaterials/Substrate/Glints2/dict_0003_0231.uasset" 9322
"../../../Engine/Content/EngineMaterials/Substrate/Glints2/dict_0003_0229.uasset" 9323
"../../../Engine/Content/EngineMaterials/Substrate/Glints2/dict_0003_0230.uasset" 9324
"/Engine/EngineMaterials/Substrate/Glints2/dict_0003_0226" 9325
"../../../Engine/Content/EngineMaterials/Substrate/Glints2/dict_0003_0232.uasset" 9326
"/Engine/EngineMaterials/Substrate/Glints2/dict_0003_0225" 9327
"../../../Engine/Content/EngineMaterials/Substrate/Glints2/dict_0003_0227.uasset" 9328
"/Engine/EngineMaterials/Substrate/Glints2/dict_0003_0224" 9329
"/Engine/EngineMaterials/Substrate/Glints2/dict_0003_0228" 9330
"/Engine/EngineMaterials/Substrate/Glints2/dict_0003_0223" 9331
"/Engine/EngineMaterials/Substrate/Glints2/dict_0003_0222" 9332
"/Engine/EngineMaterials/Substrate/Glints2/dict_0003_0221" 9333
"/Engine/EngineMaterials/Substrate/Glints2/dict_0003_0219" 9334
"/Engine/EngineMaterials/Substrate/Glints2/dict_0003_0231" 9335
"/Engine/EngineMaterials/Substrate/Glints2/dict_0003_0230" 9336
"/Engine/EngineMaterials/Substrate/Glints2/dict_0003_0229" 9337
"../../../Engine/Content/EngineMaterials/Substrate/Glints2/dict_0003_0233.uasset" 9338
"/Engine/EngineMaterials/Substrate/Glints2/dict_0003_0233" 9339
"/Engine/EngineMaterials/Substrate/Glints2/dict_0003_0227" 9340
"../../../Engine/Content/EngineMaterials/Substrate/Glints2/dict_0003_0236.uasset" 9341
"/Engine/EngineMaterials/Substrate/Glints2/dict_0003_0232" 9342
"/Engine/EngineMaterials/Substrate/Glints2/dict_0003_0236" 9343
"../../../Engine/Content/EngineMaterials/Substrate/Glints2/dict_0003_0235.uasset" 9344
"../../../Engine/Content/EngineMaterials/Substrate/Glints2/dict_0003_0234.uasset" 9345
"../../../Engine/Content/EngineMaterials/Substrate/Glints2/dict_0003_0237.uasset" 9346
"../../../Engine/Content/EngineMaterials/Substrate/Glints2/dict_0003_0239.uasset" 9347
"../../../Engine/Content/EngineMaterials/Substrate/Glints2/dict_0003_0240.uasset" 9348
"../../../Engine/Content/EngineMaterials/Substrate/Glints2/dict_0003_0242.uasset" 9349
"../../../Engine/Content/EngineMaterials/Substrate/Glints2/dict_0003_0243.uasset" 9350
"../../../Engine/Content/EngineMaterials/Substrate/Glints2/dict_0003_0238.uasset" 9351
"../../../Engine/Content/EngineMaterials/Substrate/Glints2/dict_0003_0241.uasset" 9352
"../../../Engine/Content/EngineMaterials/Substrate/Glints2/dict_0003_0246.uasset" 9353
"../../../Engine/Content/EngineMaterials/Substrate/Glints2/dict_0003_0244.uasset" 9354
"/Engine/EngineMaterials/Substrate/Glints2/dict_0003_0241" 9355
"/Engine/EngineMaterials/Substrate/Glints2/dict_0003_0238" 9356
"/Engine/EngineMaterials/Substrate/Glints2/dict_0003_0240" 9357
"/Engine/EngineMaterials/Substrate/Glints2/dict_0003_0237" 9358
"../../../Engine/Content/EngineMaterials/Substrate/Glints2/dict_0003_0245.uasset" 9359
"/Engine/EngineMaterials/Substrate/Glints2/dict_0003_0235" 9360
"/Engine/EngineMaterials/Substrate/Glints2/dict_0003_0234" 9361
"/Engine/EngineMaterials/Substrate/Glints2/dict_0003_0246" 9362
"/Engine/EngineMaterials/Substrate/Glints2/dict_0003_0244" 9363
"/Engine/EngineMaterials/Substrate/Glints2/dict_0003_0243" 9364
"/Engine/EngineMaterials/Substrate/Glints2/dict_0003_0239" 9365
"/Engine/EngineMaterials/Substrate/Glints2/dict_0003_0242" 9366
"/Engine/EngineMaterials/Substrate/Glints2/dict_0003_0245" 9367
"../../../Engine/Content/EngineMaterials/Substrate/Glints2/dict_0003_0247.uasset" 9368
"../../../Engine/Content/EngineMaterials/Substrate/Glints2/dict_0003_0248.uasset" 9369
"../../../Engine/Content/EngineMaterials/Substrate/Glints2/dict_0003_0250.uasset" 9370
"../../../Engine/Content/EngineMaterials/Substrate/Glints2/dict_0003_0249.uasset" 9371
"../../../Engine/Content/EngineMaterials/Substrate/Glints2/dict_0003_0251.uasset" 9372
"../../../Engine/Content/EngineMaterials/Substrate/Glints2/dict_0003_0254.uasset" 9373
"../../../Engine/Content/EngineMaterials/Substrate/Glints2/dict_0004_0001.uasset" 9374
"../../../Engine/Content/EngineMaterials/Substrate/Glints2/dict_0003_0255.uasset" 9375
"../../../Engine/Content/EngineMaterials/Substrate/Glints2/dict_0003_0252.uasset" 9376
"../../../Engine/Content/EngineMaterials/Substrate/Glints2/dict_0004_0002.uasset" 9377
"../../../Engine/Content/EngineMaterials/Substrate/Glints2/dict_0003_0253.uasset" 9378
"/Engine/EngineMaterials/Substrate/Glints2/dict_0003_0250" 9379
"../../../Engine/Content/EngineMaterials/Substrate/Glints2/dict_0004_0003.uasset" 9380
"/Engine/EngineMaterials/Substrate/Glints2/dict_0003_0249" 9381
"../../../Engine/Content/EngineMaterials/Substrate/Glints2/dict_0004_0000.uasset" 9382
"/Engine/EngineMaterials/Substrate/Glints2/dict_0003_0248" 9383
"/Engine/EngineMaterials/Substrate/Glints2/dict_0003_0247" 9384
"/Engine/EngineMaterials/Substrate/Glints2/dict_0004_0002" 9385
"/Engine/EngineMaterials/Substrate/Glints2/dict_0004_0001" 9386
"/Engine/EngineMaterials/Substrate/Glints2/dict_0003_0251" 9387
"/Engine/EngineMaterials/Substrate/Glints2/dict_0003_0255" 9388
"/Engine/EngineMaterials/Substrate/Glints2/dict_0003_0254" 9389
"/Engine/EngineMaterials/Substrate/Glints2/dict_0003_0253" 9390
"/Engine/EngineMaterials/Substrate/Glints2/dict_0003_0252" 9391
"/Engine/EngineMaterials/Substrate/Glints2/dict_0004_0003" 9392
"/Engine/EngineMaterials/Substrate/Glints2/dict_0004_0000" 9393
"../../../Engine/Content/EngineMaterials/Substrate/Glints2/dict_0004_0004.uasset" 9394
"../../../Engine/Content/EngineMaterials/Substrate/Glints2/dict_0004_0006.uasset" 9395
"../../../Engine/Content/EngineMaterials/Substrate/Glints2/dict_0004_0008.uasset" 9396
"../../../Engine/Content/EngineMaterials/Substrate/Glints2/dict_0004_0005.uasset" 9397
"../../../Engine/Content/EngineMaterials/Substrate/Glints2/dict_0004_0009.uasset" 9398
"../../../Engine/Content/EngineMaterials/Substrate/Glints2/dict_0004_0007.uasset" 9399
"../../../Engine/Content/EngineMaterials/Substrate/Glints2/dict_0004_0014.uasset" 9400
"../../../Engine/Content/EngineMaterials/Substrate/Glints2/dict_0004_0013.uasset" 9401
"../../../Engine/Content/EngineMaterials/Substrate/Glints2/dict_0004_0010.uasset" 9402
"../../../Engine/Content/EngineMaterials/Substrate/Glints2/dict_0004_0011.uasset" 9403
"../../../Engine/Content/EngineMaterials/Substrate/Glints2/dict_0004_0012.uasset" 9404
"/Engine/EngineMaterials/Substrate/Glints2/dict_0004_0006" 9405
"../../../Engine/Content/EngineMaterials/Substrate/Glints2/dict_0004_0015.uasset" 9406
"/Engine/EngineMaterials/Substrate/Glints2/dict_0004_0005" 9407
"/Engine/EngineMaterials/Substrate/Glints2/dict_0004_0010" 9408
"/Engine/EngineMaterials/Substrate/Glints2/dict_0004_0009" 9409
"/Engine/EngineMaterials/Substrate/Glints2/dict_0004_0004" 9410
"/Engine/EngineMaterials/Substrate/Glints2/dict_0004_0008" 9411
"../../../Engine/Content/EngineMaterials/Substrate/Glints2/dict_0004_0016.uasset" 9412
"/Engine/EngineMaterials/Substrate/Glints2/dict_0004_0014" 9413
"/Engine/EngineMaterials/Substrate/Glints2/dict_0004_0007" 9414
"/Engine/EngineMaterials/Substrate/Glints2/dict_0004_0013" 9415
"/Engine/EngineMaterials/Substrate/Glints2/dict_0004_0012" 9416
"../../../Engine/Content/EngineMaterials/Substrate/Glints2/dict_0004_0017.uasset" 9417
"/Engine/EngineMaterials/Substrate/Glints2/dict_0004_0011" 9418
"/Engine/EngineMaterials/Substrate/Glints2/dict_0004_0017" 9419
"/Engine/EngineMaterials/Substrate/Glints2/dict_0004_0016" 9420
"/Engine/EngineMaterials/Substrate/Glints2/dict_0004_0015" 9421
"../../../Engine/Content/EngineMaterials/Substrate/Glints2/dict_0004_0020.uasset" 9422
"../../../Engine/Content/EngineMaterials/Substrate/Glints2/dict_0004_0019.uasset" 9423
"../../../Engine/Content/EngineMaterials/Substrate/Glints2/dict_0004_0021.uasset" 9424
"../../../Engine/Content/EngineMaterials/Substrate/Glints2/dict_0004_0022.uasset" 9425
"../../../Engine/Content/EngineMaterials/Substrate/Glints2/dict_0004_0025.uasset" 9426
"../../../Engine/Content/EngineMaterials/Substrate/Glints2/dict_0004_0018.uasset" 9427
"../../../Engine/Content/EngineMaterials/Substrate/Glints2/dict_0004_0024.uasset" 9428
"../../../Engine/Content/EngineMaterials/Substrate/Glints2/dict_0004_0026.uasset" 9429
"../../../Engine/Content/EngineMaterials/Substrate/Glints2/dict_0004_0028.uasset" 9430
"../../../Engine/Content/EngineMaterials/Substrate/Glints2/dict_0004_0027.uasset" 9431
"../../../Engine/Content/EngineMaterials/Substrate/Glints2/dict_0004_0023.uasset" 9432
"/Engine/EngineMaterials/Substrate/Glints2/dict_0004_0021" 9433
"../../../Engine/Content/EngineMaterials/Substrate/Glints2/dict_0004_0029.uasset" 9434
"/Engine/EngineMaterials/Substrate/Glints2/dict_0004_0020" 9435
"/Engine/EngineMaterials/Substrate/Glints2/dict_0004_0019" 9436
"/Engine/EngineMaterials/Substrate/Glints2/dict_0004_0018" 9437
"/Engine/EngineMaterials/Substrate/Glints2/dict_0004_0028" 9438
"../../../Engine/Content/EngineMaterials/Substrate/Glints2/dict_0004_0030.uasset" 9439
"/Engine/EngineMaterials/Substrate/Glints2/dict_0004_0027" 9440
"/Engine/EngineMaterials/Substrate/Glints2/dict_0004_0026" 9441
"/Engine/EngineMaterials/Substrate/Glints2/dict_0004_0022" 9442
"/Engine/EngineMaterials/Substrate/Glints2/dict_0004_0025" 9443
"/Engine/EngineMaterials/Substrate/Glints2/dict_0004_0024" 9444
"/Engine/EngineMaterials/Substrate/Glints2/dict_0004_0030" 9445
"/Engine/EngineMaterials/Substrate/Glints2/dict_0004_0029" 9446
"/Engine/EngineMaterials/Substrate/Glints2/dict_0004_0023" 9447
"../../../Engine/Content/EngineMaterials/Substrate/Glints2/dict_0004_0031.uasset" 9448
"../../../Engine/Content/EngineMaterials/Substrate/Glints2/dict_0004_0033.uasset" 9449
"../../../Engine/Content/EngineMaterials/Substrate/Glints2/dict_0004_0032.uasset" 9450
"../../../Engine/Content/EngineMaterials/Substrate/Glints2/dict_0004_0034.uasset" 9451
"../../../Engine/Content/EngineMaterials/Substrate/Glints2/dict_0004_0035.uasset" 9452
"../../../Engine/Content/EngineMaterials/Substrate/Glints2/dict_0004_0036.uasset" 9453
"../../../Engine/Content/EngineMaterials/Substrate/Glints2/dict_0004_0039.uasset" 9454
"../../../Engine/Content/EngineMaterials/Substrate/Glints2/dict_0004_0041.uasset" 9455
"../../../Engine/Content/EngineMaterials/Substrate/Glints2/dict_0004_0038.uasset" 9456
"/Engine/EngineMaterials/Substrate/Glints2/dict_0004_0033" 9457
"../../../Engine/Content/EngineMaterials/Substrate/Glints2/dict_0004_0043.uasset" 9458
"../../../Engine/Content/EngineMaterials/Substrate/Glints2/dict_0004_0037.uasset" 9459
"../../../Engine/Content/EngineMaterials/Substrate/Glints2/dict_0004_0040.uasset" 9460
"/Engine/EngineMaterials/Substrate/Glints2/dict_0004_0032" 9461
"/Engine/EngineMaterials/Substrate/Glints2/dict_0004_0031" 9462
"/Engine/EngineMaterials/Substrate/Glints2/dict_0004_0035" 9463
"/Engine/EngineMaterials/Substrate/Glints2/dict_0004_0041" 9464
"/Engine/EngineMaterials/Substrate/Glints2/dict_0004_0034" 9465
"/Engine/EngineMaterials/Substrate/Glints2/dict_0004_0039" 9466
"/Engine/EngineMaterials/Substrate/Glints2/dict_0004_0038" 9467
"/Engine/EngineMaterials/Substrate/Glints2/dict_0004_0036" 9468
"../../../Engine/Content/EngineMaterials/Substrate/Glints2/dict_0004_0042.uasset" 9469
"../../../Engine/Content/EngineMaterials/Substrate/Glints2/dict_0004_0044.uasset" 9470
"/Engine/EngineMaterials/Substrate/Glints2/dict_0004_0044" 9471
"/Engine/EngineMaterials/Substrate/Glints2/dict_0004_0043" 9472
"/Engine/EngineMaterials/Substrate/Glints2/dict_0004_0042" 9473
"/Engine/EngineMaterials/Substrate/Glints2/dict_0004_0040" 9474
"/Engine/EngineMaterials/Substrate/Glints2/dict_0004_0037" 9475
"../../../Engine/Content/EngineMaterials/Substrate/Glints2/dict_0004_0045.uasset" 9476
"../../../Engine/Content/EngineMaterials/Substrate/Glints2/dict_0004_0046.uasset" 9477
"../../../Engine/Content/EngineMaterials/Substrate/Glints2/dict_0004_0047.uasset" 9478
"../../../Engine/Content/EngineMaterials/Substrate/Glints2/dict_0004_0051.uasset" 9479
"../../../Engine/Content/EngineMaterials/Substrate/Glints2/dict_0004_0052.uasset" 9480
"../../../Engine/Content/EngineMaterials/Substrate/Glints2/dict_0004_0056.uasset" 9481
"../../../Engine/Content/EngineMaterials/Substrate/Glints2/dict_0004_0048.uasset" 9482
"../../../Engine/Content/EngineMaterials/Substrate/Glints2/dict_0004_0053.uasset" 9483
"../../../Engine/Content/EngineMaterials/Substrate/Glints2/dict_0004_0050.uasset" 9484
"/Engine/EngineMaterials/Substrate/Glints2/dict_0004_0046" 9485
"../../../Engine/Content/EngineMaterials/Substrate/Glints2/dict_0004_0049.uasset" 9486
"../../../Engine/Content/EngineMaterials/Substrate/Glints2/dict_0004_0054.uasset" 9487
"/Engine/EngineMaterials/Substrate/Glints2/dict_0004_0045" 9488
"/Engine/EngineMaterials/Substrate/Glints2/dict_0004_0056" 9489
"/Engine/EngineMaterials/Substrate/Glints2/dict_0004_0048" 9490
"/Engine/EngineMaterials/Substrate/Glints2/dict_0004_0053" 9491
"/Engine/EngineMaterials/Substrate/Glints2/dict_0004_0047" 9492
"../../../Engine/Content/EngineMaterials/Substrate/Glints2/dict_0004_0058.uasset" 9493
"/Engine/EngineMaterials/Substrate/Glints2/dict_0004_0052" 9494
"/Engine/EngineMaterials/Substrate/Glints2/dict_0004_0051" 9495
"/Engine/EngineMaterials/Substrate/Glints2/dict_0004_0050" 9496
"../../../Engine/Content/EngineMaterials/Substrate/Glints2/dict_0004_0055.uasset" 9497
"/Engine/EngineMaterials/Substrate/Glints2/dict_0004_0058" 9498
"/Engine/EngineMaterials/Substrate/Glints2/dict_0004_0049" 9499
"/Engine/EngineMaterials/Substrate/Glints2/dict_0004_0055" 9500
"../../../Engine/Content/EngineMaterials/Substrate/Glints2/dict_0004_0057.uasset" 9501
"/Engine/EngineMaterials/Substrate/Glints2/dict_0004_0054" 9502
"/Engine/EngineMaterials/Substrate/Glints2/dict_0004_0057" 9503
"../../../Engine/Content/EngineMaterials/Substrate/Glints2/dict_0004_0061.uasset" 9504
"../../../Engine/Content/EngineMaterials/Substrate/Glints2/dict_0004_0060.uasset" 9505
"../../../Engine/Content/EngineMaterials/Substrate/Glints2/dict_0004_0059.uasset" 9506
"../../../Engine/Content/EngineMaterials/Substrate/Glints2/dict_0004_0066.uasset" 9507
"../../../Engine/Content/EngineMaterials/Substrate/Glints2/dict_0004_0062.uasset" 9508
"../../../Engine/Content/EngineMaterials/Substrate/Glints2/dict_0004_0063.uasset" 9509
"../../../Engine/Content/EngineMaterials/Substrate/Glints2/dict_0004_0068.uasset" 9510
"../../../Engine/Content/EngineMaterials/Substrate/Glints2/dict_0004_0065.uasset" 9511
"../../../Engine/Content/EngineMaterials/Substrate/Glints2/dict_0004_0064.uasset" 9512
"/Engine/EngineMaterials/Substrate/Glints2/dict_0004_0062" 9513
"/Engine/EngineMaterials/Substrate/Glints2/dict_0004_0059" 9514
"../../../Engine/Content/EngineMaterials/Substrate/Glints2/dict_0004_0069.uasset" 9515
"/Engine/EngineMaterials/Substrate/Glints2/dict_0004_0068" 9516
"/Engine/EngineMaterials/Substrate/Glints2/dict_0004_0061" 9517
"../../../Engine/Content/EngineMaterials/Substrate/Glints2/dict_0004_0067.uasset" 9518
"/Engine/EngineMaterials/Substrate/Glints2/dict_0004_0066" 9519
"/Engine/EngineMaterials/Substrate/Glints2/dict_0004_0065" 9520
"/Engine/EngineMaterials/Substrate/Glints2/dict_0004_0063" 9521
"/Engine/EngineMaterials/Substrate/Glints2/dict_0004_0060" 9522
"/Engine/EngineMaterials/Substrate/Glints2/dict_0004_0069" 9523
"/Engine/EngineMaterials/Substrate/Glints2/dict_0004_0067" 9524
"/Engine/EngineMaterials/Substrate/Glints2/dict_0004_0064" 9525
"../../../Engine/Content/EngineMaterials/Substrate/Glints2/dict_0004_0070.uasset" 9526
"../../../Engine/Content/EngineMaterials/Substrate/Glints2/dict_0004_0071.uasset" 9527
"../../../Engine/Content/EngineMaterials/Substrate/Glints2/dict_0004_0072.uasset" 9528
"../../../Engine/Content/EngineMaterials/Substrate/Glints2/dict_0004_0075.uasset" 9529
"../../../Engine/Content/EngineMaterials/Substrate/Glints2/dict_0004_0076.uasset" 9530
"../../../Engine/Content/EngineMaterials/Substrate/Glints2/dict_0004_0074.uasset" 9531
"../../../Engine/Content/EngineMaterials/Substrate/Glints2/dict_0004_0077.uasset" 9532
"../../../Engine/Content/EngineMaterials/Substrate/Glints2/dict_0004_0078.uasset" 9533
"../../../Engine/Content/EngineMaterials/Substrate/Glints2/dict_0004_0073.uasset" 9534
"../../../Engine/Content/EngineMaterials/Substrate/Glints2/dict_0004_0081.uasset" 9535
"/Engine/EngineMaterials/Substrate/Glints2/dict_0004_0071" 9536
"../../../Engine/Content/EngineMaterials/Substrate/Glints2/dict_0004_0079.uasset" 9537
"/Engine/EngineMaterials/Substrate/Glints2/dict_0004_0070" 9538
"/Engine/EngineMaterials/Substrate/Glints2/dict_0004_0076" 9539
"/Engine/EngineMaterials/Substrate/Glints2/dict_0004_0075" 9540
"../../../Engine/Content/EngineMaterials/Substrate/Glints2/dict_0004_0080.uasset" 9541
"/Engine/EngineMaterials/Substrate/Glints2/dict_0004_0074" 9542
"../../../Engine/Content/EngineMaterials/Substrate/Glints2/dict_0004_0082.uasset" 9543
"/Engine/EngineMaterials/Substrate/Glints2/dict_0004_0081" 9544
"/Engine/EngineMaterials/Substrate/Glints2/dict_0004_0073" 9545
"/Engine/EngineMaterials/Substrate/Glints2/dict_0004_0072" 9546
"/Engine/EngineMaterials/Substrate/Glints2/dict_0004_0078" 9547
"/Engine/EngineMaterials/Substrate/Glints2/dict_0004_0077" 9548
"/Engine/EngineMaterials/Substrate/Glints2/dict_0004_0082" 9549
"/Engine/EngineMaterials/Substrate/Glints2/dict_0004_0080" 9550
"/Engine/EngineMaterials/Substrate/Glints2/dict_0004_0079" 9551
"../../../Engine/Content/EngineMaterials/Substrate/Glints2/dict_0004_0084.uasset" 9552
"../../../Engine/Content/EngineMaterials/Substrate/Glints2/dict_0004_0085.uasset" 9553
"../../../Engine/Content/EngineMaterials/Substrate/Glints2/dict_0004_0086.uasset" 9554
"../../../Engine/Content/EngineMaterials/Substrate/Glints2/dict_0004_0090.uasset" 9555
"../../../Engine/Content/EngineMaterials/Substrate/Glints2/dict_0004_0092.uasset" 9556
"../../../Engine/Content/EngineMaterials/Substrate/Glints2/dict_0004_0083.uasset" 9557
"../../../Engine/Content/EngineMaterials/Substrate/Glints2/dict_0004_0087.uasset" 9558
"../../../Engine/Content/EngineMaterials/Substrate/Glints2/dict_0004_0089.uasset" 9559
"../../../Engine/Content/EngineMaterials/Substrate/Glints2/dict_0004_0088.uasset" 9560
"../../../Engine/Content/EngineMaterials/Substrate/Glints2/dict_0004_0093.uasset" 9561
"../../../Engine/Content/EngineMaterials/Substrate/Glints2/dict_0004_0091.uasset" 9562
"/Engine/EngineMaterials/Substrate/Glints2/dict_0004_0085" 9563
"/Engine/EngineMaterials/Substrate/Glints2/dict_0004_0084" 9564
"/Engine/EngineMaterials/Substrate/Glints2/dict_0004_0089" 9565
"/Engine/EngineMaterials/Substrate/Glints2/dict_0004_0090" 9566
"/Engine/EngineMaterials/Substrate/Glints2/dict_0004_0083" 9567
"../../../Engine/Content/EngineMaterials/Substrate/Glints2/dict_0004_0094.uasset" 9568
"../../../Engine/Content/EngineMaterials/Substrate/Glints2/dict_0004_0095.uasset" 9569
"/Engine/EngineMaterials/Substrate/Glints2/dict_0004_0088" 9570
"/Engine/EngineMaterials/Substrate/Glints2/dict_0004_0087" 9571
"/Engine/EngineMaterials/Substrate/Glints2/dict_0004_0086" 9572
"/Engine/EngineMaterials/Substrate/Glints2/dict_0004_0093" 9573
"/Engine/EngineMaterials/Substrate/Glints2/dict_0004_0092" 9574
"/Engine/EngineMaterials/Substrate/Glints2/dict_0004_0091" 9575
"/Engine/EngineMaterials/Substrate/Glints2/dict_0004_0095" 9576
"/Engine/EngineMaterials/Substrate/Glints2/dict_0004_0094" 9577
"../../../Engine/Content/EngineMaterials/Substrate/Glints2/dict_0004_0096.uasset" 9578
"../../../Engine/Content/EngineMaterials/Substrate/Glints2/dict_0004_0097.uasset" 9579
"../../../Engine/Content/EngineMaterials/Substrate/Glints2/dict_0004_0099.uasset" 9580
"../../../Engine/Content/EngineMaterials/Substrate/Glints2/dict_0004_0102.uasset" 9581
"../../../Engine/Content/EngineMaterials/Substrate/Glints2/dict_0004_0105.uasset" 9582
"../../../Engine/Content/EngineMaterials/Substrate/Glints2/dict_0004_0104.uasset" 9583
"../../../Engine/Content/EngineMaterials/Substrate/Glints2/dict_0004_0098.uasset" 9584
"../../../Engine/Content/EngineMaterials/Substrate/Glints2/dict_0004_0103.uasset" 9585
"../../../Engine/Content/EngineMaterials/Substrate/Glints2/dict_0004_0100.uasset" 9586
"../../../Engine/Content/EngineMaterials/Substrate/Glints2/dict_0004_0101.uasset" 9587
"/Engine/EngineMaterials/Substrate/Glints2/dict_0004_0101" 9588
"/Engine/EngineMaterials/Substrate/Glints2/dict_0004_0098" 9589
"../../../Engine/Content/EngineMaterials/Substrate/Glints2/dict_0004_0106.uasset" 9590
"/Engine/EngineMaterials/Substrate/Glints2/dict_0004_0097" 9591
"/Engine/EngineMaterials/Substrate/Glints2/dict_0004_0096" 9592
"/Engine/EngineMaterials/Substrate/Glints2/dict_0004_0100" 9593
"/Engine/EngineMaterials/Substrate/Glints2/dict_0004_0105" 9594
"/Engine/EngineMaterials/Substrate/Glints2/dict_0004_0099" 9595
"/Engine/EngineMaterials/Substrate/Glints2/dict_0004_0104" 9596
"/Engine/EngineMaterials/Substrate/Glints2/dict_0004_0103" 9597
"/Engine/EngineMaterials/Substrate/Glints2/dict_0004_0102" 9598
"/Engine/EngineMaterials/Substrate/Glints2/dict_0004_0106" 9599
"../../../Engine/Content/EngineMaterials/Substrate/Glints2/dict_0004_0109.uasset" 9600
"../../../Engine/Content/EngineMaterials/Substrate/Glints2/dict_0004_0108.uasset" 9601
"../../../Engine/Content/EngineMaterials/Substrate/Glints2/dict_0004_0107.uasset" 9602
"../../../Engine/Content/EngineMaterials/Substrate/Glints2/dict_0004_0110.uasset" 9603
"../../../Engine/Content/EngineMaterials/Substrate/Glints2/dict_0004_0114.uasset" 9604
"../../../Engine/Content/EngineMaterials/Substrate/Glints2/dict_0004_0111.uasset" 9605
"/Engine/EngineMaterials/Substrate/Glints2/dict_0004_0111" 9606
"../../../Engine/Content/EngineMaterials/Substrate/Glints2/dict_0004_0112.uasset" 9607
"/Engine/EngineMaterials/Substrate/Glints2/dict_0004_0110" 9608
"/Engine/EngineMaterials/Substrate/Glints2/dict_0004_0109" 9609
"/Engine/EngineMaterials/Substrate/Glints2/dict_0004_0114" 9610
"../../../Engine/Content/EngineMaterials/Substrate/Glints2/dict_0004_0115.uasset" 9611
"/Engine/EngineMaterials/Substrate/Glints2/dict_0004_0108" 9612
"/Engine/EngineMaterials/Substrate/Glints2/dict_0004_0107" 9613
"../../../Engine/Content/EngineMaterials/Substrate/Glints2/dict_0004_0116.uasset" 9614
"/Engine/EngineMaterials/Substrate/Glints2/dict_0004_0112" 9615
"/Engine/EngineMaterials/Substrate/Glints2/dict_0004_0116" 9616
"../../../Engine/Content/EngineMaterials/Substrate/Glints2/dict_0004_0118.uasset" 9617
"../../../Engine/Content/EngineMaterials/Substrate/Glints2/dict_0004_0120.uasset" 9618
"/Engine/EngineMaterials/Substrate/Glints2/dict_0004_0115" 9619
"../../../Engine/Content/EngineMaterials/Substrate/Glints2/dict_0004_0119.uasset" 9620
"/Engine/EngineMaterials/Substrate/Glints2/dict_0004_0120" 9621
"/Engine/EngineMaterials/Substrate/Glints2/dict_0004_0118" 9622
"/Engine/EngineMaterials/Substrate/Glints2/dict_0004_0119" 9623
"../../../Engine/Content/EngineMaterials/Substrate/Glints2/dict_0004_0117.uasset" 9624
"/Engine/EngineMaterials/Substrate/Glints2/dict_0004_0117" 9625
"../../../Engine/Content/EngineMaterials/Substrate/Glints2/dict_0004_0113.uasset" 9626
"/Engine/EngineMaterials/Substrate/Glints2/dict_0004_0113" 9627
"../../../Engine/Content/EngineMaterials/Substrate/Glints2/dict_0004_0122.uasset" 9628
"../../../Engine/Content/EngineMaterials/Substrate/Glints2/dict_0004_0123.uasset" 9629
"../../../Engine/Content/EngineMaterials/Substrate/Glints2/dict_0004_0121.uasset" 9630
"../../../Engine/Content/EngineMaterials/Substrate/Glints2/dict_0004_0124.uasset" 9631
"/Engine/EngineMaterials/Substrate/Glints2/dict_0004_0124" 9632
"../../../Engine/Content/EngineMaterials/Substrate/Glints2/dict_0004_0125.uasset" 9633
"/Engine/EngineMaterials/Substrate/Glints2/dict_0004_0123" 9634
"/Engine/EngineMaterials/Substrate/Glints2/dict_0004_0122" 9635
"/Engine/EngineMaterials/Substrate/Glints2/dict_0004_0121" 9636
"/Engine/EngineMaterials/Substrate/Glints2/dict_0004_0125" 9637
"../../../Engine/Content/EngineMaterials/Substrate/Glints2/dict_0004_0126.uasset" 9638
"../../../Engine/Content/EngineMaterials/Substrate/Glints2/dict_0004_0130.uasset" 9639
"../../../Engine/Content/EngineMaterials/Substrate/Glints2/dict_0004_0132.uasset" 9640
"../../../Engine/Content/EngineMaterials/Substrate/Glints2/dict_0004_0128.uasset" 9641
"../../../Engine/Content/EngineMaterials/Substrate/Glints2/dict_0004_0131.uasset" 9642
"../../../Engine/Content/EngineMaterials/Substrate/Glints2/dict_0004_0133.uasset" 9643
"../../../Engine/Content/EngineMaterials/Substrate/Glints2/dict_0004_0129.uasset" 9644
"../../../Engine/Content/EngineMaterials/Substrate/Glints2/dict_0004_0134.uasset" 9645
"../../../Engine/Content/EngineMaterials/Substrate/Glints2/dict_0004_0127.uasset" 9646
"../../../Engine/Content/EngineMaterials/Substrate/Glints2/dict_0004_0137.uasset" 9647
"../../../Engine/Content/EngineMaterials/Substrate/Glints2/dict_0004_0136.uasset" 9648
"../../../Engine/Content/EngineMaterials/Substrate/Glints2/dict_0004_0135.uasset" 9649
"/Engine/EngineMaterials/Substrate/Glints2/dict_0004_0137" 9650
"../../../Engine/Content/EngineMaterials/Substrate/Glints2/dict_0004_0138.uasset" 9651
"/Engine/EngineMaterials/Substrate/Glints2/dict_0004_0136" 9652
"/Engine/EngineMaterials/Substrate/Glints2/dict_0004_0135" 9653
"/Engine/EngineMaterials/Substrate/Glints2/dict_0004_0134" 9654
"/Engine/EngineMaterials/Substrate/Glints2/dict_0004_0133" 9655
"/Engine/EngineMaterials/Substrate/Glints2/dict_0004_0127" 9656
"/Engine/EngineMaterials/Substrate/Glints2/dict_0004_0126" 9657
"../../../Engine/Content/EngineMaterials/Substrate/Glints2/dict_0004_0139.uasset" 9658
"/Engine/EngineMaterials/Substrate/Glints2/dict_0004_0132" 9659
"/Engine/EngineMaterials/Substrate/Glints2/dict_0004_0131" 9660
"/Engine/EngineMaterials/Substrate/Glints2/dict_0004_0130" 9661
"/Engine/EngineMaterials/Substrate/Glints2/dict_0004_0129" 9662
"/Engine/EngineMaterials/Substrate/Glints2/dict_0004_0128" 9663
"/Engine/EngineMaterials/Substrate/Glints2/dict_0004_0139" 9664
"/Engine/EngineMaterials/Substrate/Glints2/dict_0004_0138" 9665
"../../../Engine/Content/EngineMaterials/Substrate/Glints2/dict_0004_0141.uasset" 9666
"../../../Engine/Content/EngineMaterials/Substrate/Glints2/dict_0004_0142.uasset" 9667
"../../../Engine/Content/EngineMaterials/Substrate/Glints2/dict_0004_0140.uasset" 9668
"../../../Engine/Content/EngineMaterials/Substrate/Glints2/dict_0004_0143.uasset" 9669
"../../../Engine/Content/EngineMaterials/Substrate/Glints2/dict_0004_0146.uasset" 9670
"../../../Engine/Content/EngineMaterials/Substrate/Glints2/dict_0004_0145.uasset" 9671
"../../../Engine/Content/EngineMaterials/Substrate/Glints2/dict_0004_0144.uasset" 9672
"../../../Engine/Content/EngineMaterials/Substrate/Glints2/dict_0004_0150.uasset" 9673
"../../../Engine/Content/EngineMaterials/Substrate/Glints2/dict_0004_0148.uasset" 9674
"/Engine/EngineMaterials/Substrate/Glints2/dict_0004_0144" 9675
"../../../Engine/Content/EngineMaterials/Substrate/Glints2/dict_0004_0151.uasset" 9676
"../../../Engine/Content/EngineMaterials/Substrate/Glints2/dict_0004_0149.uasset" 9677
"/Engine/EngineMaterials/Substrate/Glints2/dict_0004_0143" 9678
"/Engine/EngineMaterials/Substrate/Glints2/dict_0004_0142" 9679
"/Engine/EngineMaterials/Substrate/Glints2/dict_0004_0141" 9680
"/Engine/EngineMaterials/Substrate/Glints2/dict_0004_0140" 9681
"/Engine/EngineMaterials/Substrate/Glints2/dict_0004_0150" 9682
"/Engine/EngineMaterials/Substrate/Glints2/dict_0004_0148" 9683
"/Engine/EngineMaterials/Substrate/Glints2/dict_0004_0146" 9684
"../../../Engine/Content/EngineMaterials/Substrate/Glints2/dict_0004_0152.uasset" 9685
"/Engine/EngineMaterials/Substrate/Glints2/dict_0004_0145" 9686
"/Engine/EngineMaterials/Substrate/Glints2/dict_0004_0149" 9687
"/Engine/EngineMaterials/Substrate/Glints2/dict_0004_0152" 9688
"/Engine/EngineMaterials/Substrate/Glints2/dict_0004_0151" 9689
"../../../Engine/Content/EngineMaterials/Substrate/Glints2/dict_0004_0153.uasset" 9690
"../../../Engine/Content/EngineMaterials/Substrate/Glints2/dict_0004_0147.uasset" 9691
"../../../Engine/Content/EngineMaterials/Substrate/Glints2/dict_0004_0154.uasset" 9692
"../../../Engine/Content/EngineMaterials/Substrate/Glints2/dict_0004_0158.uasset" 9693
"../../../Engine/Content/EngineMaterials/Substrate/Glints2/dict_0004_0156.uasset" 9694
"../../../Engine/Content/EngineMaterials/Substrate/Glints2/dict_0004_0159.uasset" 9695
"../../../Engine/Content/EngineMaterials/Substrate/Glints2/dict_0004_0155.uasset" 9696
"../../../Engine/Content/EngineMaterials/Substrate/Glints2/dict_0004_0160.uasset" 9697
"../../../Engine/Content/EngineMaterials/Substrate/Glints2/dict_0004_0162.uasset" 9698
"../../../Engine/Content/EngineMaterials/Substrate/Glints2/dict_0004_0157.uasset" 9699
"/Engine/EngineMaterials/Substrate/Glints2/dict_0004_0156" 9700
"/Engine/EngineMaterials/Substrate/Glints2/dict_0004_0155" 9701
"/Engine/EngineMaterials/Substrate/Glints2/dict_0004_0154" 9702
"/Engine/EngineMaterials/Substrate/Glints2/dict_0004_0153" 9703
"../../../Engine/Content/EngineMaterials/Substrate/Glints2/dict_0004_0164.uasset" 9704
"/Engine/EngineMaterials/Substrate/Glints2/dict_0004_0147" 9705
"../../../Engine/Content/EngineMaterials/Substrate/Glints2/dict_0004_0161.uasset" 9706
"/Engine/EngineMaterials/Substrate/Glints2/dict_0004_0162" 9707
"/Engine/EngineMaterials/Substrate/Glints2/dict_0004_0160" 9708
"../../../Engine/Content/EngineMaterials/Substrate/Glints2/dict_0004_0163.uasset" 9709
"/Engine/EngineMaterials/Substrate/Glints2/dict_0004_0159" 9710
"/Engine/EngineMaterials/Substrate/Glints2/dict_0004_0158" 9711
"/Engine/EngineMaterials/Substrate/Glints2/dict_0004_0157" 9712
"/Engine/EngineMaterials/Substrate/Glints2/dict_0004_0164" 9713
"/Engine/EngineMaterials/Substrate/Glints2/dict_0004_0163" 9714
"../../../Engine/Content/EngineMaterials/Substrate/Glints2/dict_0004_0165.uasset" 9715
"/Engine/EngineMaterials/Substrate/Glints2/dict_0004_0161" 9716
"/Engine/EngineMaterials/Substrate/Glints2/dict_0004_0165" 9717
"../../../Engine/Content/EngineMaterials/Substrate/Glints2/dict_0004_0166.uasset" 9718
"../../../Engine/Content/EngineMaterials/Substrate/Glints2/dict_0004_0168.uasset" 9719
"../../../Engine/Content/EngineMaterials/Substrate/Glints2/dict_0004_0167.uasset" 9720
"../../../Engine/Content/EngineMaterials/Substrate/Glints2/dict_0004_0172.uasset" 9721
"../../../Engine/Content/EngineMaterials/Substrate/Glints2/dict_0004_0171.uasset" 9722
"../../../Engine/Content/EngineMaterials/Substrate/Glints2/dict_0004_0170.uasset" 9723
"../../../Engine/Content/EngineMaterials/Substrate/Glints2/dict_0004_0169.uasset" 9724
"/Engine/EngineMaterials/Substrate/Glints2/dict_0004_0168" 9725
"../../../Engine/Content/EngineMaterials/Substrate/Glints2/dict_0004_0173.uasset" 9726
"/Engine/EngineMaterials/Substrate/Glints2/dict_0004_0167" 9727
"../../../Engine/Content/EngineMaterials/Substrate/Glints2/dict_0004_0174.uasset" 9728
"/Engine/EngineMaterials/Substrate/Glints2/dict_0004_0171" 9729
"../../../Engine/Content/EngineMaterials/Substrate/Glints2/dict_0004_0175.uasset" 9730
"/Engine/EngineMaterials/Substrate/Glints2/dict_0004_0166" 9731
"/Engine/EngineMaterials/Substrate/Glints2/dict_0004_0170" 9732
"/Engine/EngineMaterials/Substrate/Glints2/dict_0004_0172" 9733
"/Engine/EngineMaterials/Substrate/Glints2/dict_0004_0169" 9734
"/Engine/EngineMaterials/Substrate/Glints2/dict_0004_0175" 9735
"/Engine/EngineMaterials/Substrate/Glints2/dict_0004_0174" 9736
"/Engine/EngineMaterials/Substrate/Glints2/dict_0004_0173" 9737
"../../../Engine/Content/EngineMaterials/Substrate/Glints2/dict_0004_0176.uasset" 9738
"/Engine/EngineMaterials/Substrate/Glints2/dict_0004_0176" 9739
"../../../Engine/Content/EngineMaterials/Substrate/Glints2/dict_0004_0178.uasset" 9740
"/Engine/EngineMaterials/Substrate/Glints2/dict_0004_0178" 9741
"../../../Engine/Content/EngineMaterials/Substrate/Glints2/dict_0004_0179.uasset" 9742
"../../../Engine/Content/EngineMaterials/Substrate/Glints2/dict_0004_0177.uasset" 9743
"../../../Engine/Content/EngineMaterials/Substrate/Glints2/dict_0004_0181.uasset" 9744
"../../../Engine/Content/EngineMaterials/Substrate/Glints2/dict_0004_0180.uasset" 9745
"/Engine/EngineMaterials/Substrate/Glints2/dict_0004_0180" 9746
"../../../Engine/Content/EngineMaterials/Substrate/Glints2/dict_0004_0184.uasset" 9747
"/Engine/EngineMaterials/Substrate/Glints2/dict_0004_0179" 9748
"../../../Engine/Content/EngineMaterials/Substrate/Glints2/dict_0004_0186.uasset" 9749
"../../../Engine/Content/EngineMaterials/Substrate/Glints2/dict_0004_0189.uasset" 9750
"/Engine/EngineMaterials/Substrate/Glints2/dict_0004_0177" 9751
"../../../Engine/Content/EngineMaterials/Substrate/Glints2/dict_0004_0182.uasset" 9752
"/Engine/EngineMaterials/Substrate/Glints2/dict_0004_0181" 9753
"/Engine/EngineMaterials/Substrate/Glints2/dict_0004_0189" 9754
"/Engine/EngineMaterials/Substrate/Glints2/dict_0004_0182" 9755
"/Engine/EngineMaterials/Substrate/Glints2/dict_0004_0186" 9756
"../../../Engine/Content/EngineMaterials/Substrate/Glints2/dict_0004_0183.uasset" 9757
"../../../Engine/Content/EngineMaterials/Substrate/Glints2/dict_0004_0188.uasset" 9758
"/Engine/EngineMaterials/Substrate/Glints2/dict_0004_0184" 9759
"/Engine/EngineMaterials/Substrate/Glints2/dict_0004_0183" 9760
"../../../Engine/Content/EngineMaterials/Substrate/Glints2/dict_0004_0185.uasset" 9761
"/Engine/EngineMaterials/Substrate/Glints2/dict_0004_0188" 9762
"/Engine/EngineMaterials/Substrate/Glints2/dict_0004_0185" 9763
"../../../Engine/Content/EngineMaterials/Substrate/Glints2/dict_0004_0187.uasset" 9764
"../../../Engine/Content/EngineMaterials/Substrate/Glints2/dict_0004_0190.uasset" 9765
"../../../Engine/Content/EngineMaterials/Substrate/Glints2/dict_0004_0191.uasset" 9766
"../../../Engine/Content/EngineMaterials/Substrate/Glints2/dict_0004_0192.uasset" 9767
"../../../Engine/Content/EngineMaterials/Substrate/Glints2/dict_0004_0194.uasset" 9768
"../../../Engine/Content/EngineMaterials/Substrate/Glints2/dict_0004_0193.uasset" 9769
"../../../Engine/Content/EngineMaterials/Substrate/Glints2/dict_0004_0195.uasset" 9770
"/Engine/EngineMaterials/Substrate/Glints2/dict_0004_0192" 9771
"/Engine/EngineMaterials/Substrate/Glints2/dict_0004_0191" 9772
"/Engine/EngineMaterials/Substrate/Glints2/dict_0004_0190" 9773
"/Engine/EngineMaterials/Substrate/Glints2/dict_0004_0195" 9774
"/Engine/EngineMaterials/Substrate/Glints2/dict_0004_0194" 9775
"/Engine/EngineMaterials/Substrate/Glints2/dict_0004_0187" 9776
"../../../Engine/Content/EngineMaterials/Substrate/Glints2/dict_0004_0197.uasset" 9777
"/Engine/EngineMaterials/Substrate/Glints2/dict_0004_0193" 9778
"/Engine/EngineMaterials/Substrate/Glints2/dict_0004_0197" 9779
"../../../Engine/Content/EngineMaterials/Substrate/Glints2/dict_0004_0201.uasset" 9780
"../../../Engine/Content/EngineMaterials/Substrate/Glints2/dict_0004_0196.uasset" 9781
"../../../Engine/Content/EngineMaterials/Substrate/Glints2/dict_0004_0200.uasset" 9782
"../../../Engine/Content/EngineMaterials/Substrate/Glints2/dict_0004_0199.uasset" 9783
"../../../Engine/Content/EngineMaterials/Substrate/Glints2/dict_0004_0198.uasset" 9784
"../../../Engine/Content/EngineMaterials/Substrate/Glints2/dict_0004_0203.uasset" 9785
"../../../Engine/Content/EngineMaterials/Substrate/Glints2/dict_0004_0202.uasset" 9786
"/Engine/EngineMaterials/Substrate/Glints2/dict_0004_0196" 9787
"../../../Engine/Content/EngineMaterials/Substrate/Glints2/dict_0004_0204.uasset" 9788
"/Engine/EngineMaterials/Substrate/Glints2/dict_0004_0203" 9789
"../../../Engine/Content/EngineMaterials/Substrate/Glints2/dict_0004_0205.uasset" 9790
"../../../Engine/Content/EngineMaterials/Substrate/Glints2/dict_0004_0207.uasset" 9791
"../../../Engine/Content/EngineMaterials/Substrate/Glints2/dict_0004_0209.uasset" 9792
"/Engine/EngineMaterials/Substrate/Glints2/dict_0004_0202" 9793
"../../../Engine/Content/EngineMaterials/Substrate/Glints2/dict_0004_0206.uasset" 9794
"/Engine/EngineMaterials/Substrate/Glints2/dict_0004_0201" 9795
"/Engine/EngineMaterials/Substrate/Glints2/dict_0004_0200" 9796
"/Engine/EngineMaterials/Substrate/Glints2/dict_0004_0199" 9797
"../../../Engine/Content/EngineMaterials/Substrate/Glints2/dict_0004_0208.uasset" 9798
"/Engine/EngineMaterials/Substrate/Glints2/dict_0004_0198" 9799
"/Engine/EngineMaterials/Substrate/Glints2/dict_0004_0207" 9800
"/Engine/EngineMaterials/Substrate/Glints2/dict_0004_0209" 9801
"/Engine/EngineMaterials/Substrate/Glints2/dict_0004_0208" 9802
"/Engine/EngineMaterials/Substrate/Glints2/dict_0004_0206" 9803
"/Engine/EngineMaterials/Substrate/Glints2/dict_0004_0205" 9804
"/Engine/EngineMaterials/Substrate/Glints2/dict_0004_0204" 9805
"../../../Engine/Content/EngineMaterials/Substrate/Glints2/dict_0004_0212.uasset" 9806
"../../../Engine/Content/EngineMaterials/Substrate/Glints2/dict_0004_0210.uasset" 9807
"../../../Engine/Content/EngineMaterials/Substrate/Glints2/dict_0004_0213.uasset" 9808
"../../../Engine/Content/EngineMaterials/Substrate/Glints2/dict_0004_0211.uasset" 9809
"../../../Engine/Content/EngineMaterials/Substrate/Glints2/dict_0004_0214.uasset" 9810
"../../../Engine/Content/EngineMaterials/Substrate/Glints2/dict_0004_0215.uasset" 9811
"../../../Engine/Content/EngineMaterials/Substrate/Glints2/dict_0004_0216.uasset" 9812
"../../../Engine/Content/EngineMaterials/Substrate/Glints2/dict_0004_0221.uasset" 9813
"../../../Engine/Content/EngineMaterials/Substrate/Glints2/dict_0004_0217.uasset" 9814
"/Engine/EngineMaterials/Substrate/Glints2/dict_0004_0213" 9815
"../../../Engine/Content/EngineMaterials/Substrate/Glints2/dict_0004_0219.uasset" 9816
"/Engine/EngineMaterials/Substrate/Glints2/dict_0004_0212" 9817
"../../../Engine/Content/EngineMaterials/Substrate/Glints2/dict_0004_0218.uasset" 9818
"/Engine/EngineMaterials/Substrate/Glints2/dict_0004_0217" 9819
"/Engine/EngineMaterials/Substrate/Glints2/dict_0004_0211" 9820
"/Engine/EngineMaterials/Substrate/Glints2/dict_0004_0216" 9821
"/Engine/EngineMaterials/Substrate/Glints2/dict_0004_0210" 9822
"/Engine/EngineMaterials/Substrate/Glints2/dict_0004_0221" 9823
"/Engine/EngineMaterials/Substrate/Glints2/dict_0004_0215" 9824
"../../../Engine/Content/EngineMaterials/Substrate/Glints2/dict_0004_0220.uasset" 9825
"../../../Engine/Content/EngineMaterials/Substrate/Glints2/dict_0004_0223.uasset" 9826
"/Engine/EngineMaterials/Substrate/Glints2/dict_0004_0214" 9827
"../../../Engine/Content/EngineMaterials/Substrate/Glints2/dict_0004_0222.uasset" 9828
"/Engine/EngineMaterials/Substrate/Glints2/dict_0004_0219" 9829
"/Engine/EngineMaterials/Substrate/Glints2/dict_0004_0223" 9830
"/Engine/EngineMaterials/Substrate/Glints2/dict_0004_0218" 9831
"/Engine/EngineMaterials/Substrate/Glints2/dict_0004_0222" 9832
"/Engine/EngineMaterials/Substrate/Glints2/dict_0004_0220" 9833
"../../../Engine/Content/EngineMaterials/Substrate/Glints2/dict_0004_0225.uasset" 9834
"../../../Engine/Content/EngineMaterials/Substrate/Glints2/dict_0004_0226.uasset" 9835
"../../../Engine/Content/EngineMaterials/Substrate/Glints2/dict_0004_0227.uasset" 9836
"../../../Engine/Content/EngineMaterials/Substrate/Glints2/dict_0004_0224.uasset" 9837
"../../../Engine/Content/EngineMaterials/Substrate/Glints2/dict_0004_0229.uasset" 9838
"../../../Engine/Content/EngineMaterials/Substrate/Glints2/dict_0004_0228.uasset" 9839
"../../../Engine/Content/EngineMaterials/Substrate/Glints2/dict_0004_0231.uasset" 9840
"../../../Engine/Content/EngineMaterials/Substrate/Glints2/dict_0004_0232.uasset" 9841
"../../../Engine/Content/EngineMaterials/Substrate/Glints2/dict_0004_0230.uasset" 9842
"/Engine/EngineMaterials/Substrate/Glints2/dict_0004_0227" 9843
"/Engine/EngineMaterials/Substrate/Glints2/dict_0004_0226" 9844
"../../../Engine/Content/EngineMaterials/Substrate/Glints2/dict_0004_0234.uasset" 9845
"/Engine/EngineMaterials/Substrate/Glints2/dict_0004_0225" 9846
"/Engine/EngineMaterials/Substrate/Glints2/dict_0004_0232" 9847
"/Engine/EngineMaterials/Substrate/Glints2/dict_0004_0231" 9848
"/Engine/EngineMaterials/Substrate/Glints2/dict_0004_0228" 9849
"/Engine/EngineMaterials/Substrate/Glints2/dict_0004_0224" 9850
"../../../Engine/Content/EngineMaterials/Substrate/Glints2/dict_0004_0233.uasset" 9851
"/Engine/EngineMaterials/Substrate/Glints2/dict_0004_0230" 9852
"/Engine/EngineMaterials/Substrate/Glints2/dict_0004_0229" 9853
"/Engine/EngineMaterials/Substrate/Glints2/dict_0004_0234" 9854
"../../../Engine/Content/EngineMaterials/Substrate/Glints2/dict_0004_0236.uasset" 9855
"/Engine/EngineMaterials/Substrate/Glints2/dict_0004_0233" 9856
"/Engine/EngineMaterials/Substrate/Glints2/dict_0004_0236" 9857
"../../../Engine/Content/EngineMaterials/Substrate/Glints2/dict_0004_0235.uasset" 9858
"../../../Engine/Content/EngineMaterials/Substrate/Glints2/dict_0004_0237.uasset" 9859
"../../../Engine/Content/EngineMaterials/Substrate/Glints2/dict_0004_0238.uasset" 9860
"../../../Engine/Content/EngineMaterials/Substrate/Glints2/dict_0004_0240.uasset" 9861
"../../../Engine/Content/EngineMaterials/Substrate/Glints2/dict_0004_0242.uasset" 9862
"../../../Engine/Content/EngineMaterials/Substrate/Glints2/dict_0004_0239.uasset" 9863
"../../../Engine/Content/EngineMaterials/Substrate/Glints2/dict_0004_0241.uasset" 9864
"../../../Engine/Content/EngineMaterials/Substrate/Glints2/dict_0004_0243.uasset" 9865
"../../../Engine/Content/EngineMaterials/Substrate/Glints2/dict_0004_0245.uasset" 9866
"../../../Engine/Content/EngineMaterials/Substrate/Glints2/dict_0004_0247.uasset" 9867
"../../../Engine/Content/EngineMaterials/Substrate/Glints2/dict_0004_0244.uasset" 9868
"/Engine/EngineMaterials/Substrate/Glints2/dict_0004_0235" 9869
"../../../Engine/Content/EngineMaterials/Substrate/Glints2/dict_0004_0246.uasset" 9870
"/Engine/EngineMaterials/Substrate/Glints2/dict_0004_0241" 9871
"/Engine/EngineMaterials/Substrate/Glints2/dict_0004_0240" 9872
"/Engine/EngineMaterials/Substrate/Glints2/dict_0004_0247" 9873
"/Engine/EngineMaterials/Substrate/Glints2/dict_0004_0239" 9874
"/Engine/EngineMaterials/Substrate/Glints2/dict_0004_0238" 9875
"/Engine/EngineMaterials/Substrate/Glints2/dict_0004_0237" 9876
"/Engine/EngineMaterials/Substrate/Glints2/dict_0004_0245" 9877
"/Engine/EngineMaterials/Substrate/Glints2/dict_0004_0244" 9878
"/Engine/EngineMaterials/Substrate/Glints2/dict_0004_0243" 9879
"/Engine/EngineMaterials/Substrate/Glints2/dict_0004_0242" 9880
"/Engine/EngineMaterials/Substrate/Glints2/dict_0004_0246" 9881
"../../../Engine/Content/EngineMaterials/Substrate/Glints2/dict_0004_0248.uasset" 9882
"../../../Engine/Content/EngineMaterials/Substrate/Glints2/dict_0004_0249.uasset" 9883
"../../../Engine/Content/EngineMaterials/Substrate/Glints2/dict_0004_0255.uasset" 9884
"../../../Engine/Content/EngineMaterials/Substrate/Glints2/dict_0004_0254.uasset" 9885
"../../../Engine/Content/EngineMaterials/Substrate/Glints2/dict_0004_0252.uasset" 9886
"../../../Engine/Content/EngineMaterials/Substrate/Glints2/dict_0004_0250.uasset" 9887
"../../../Engine/Content/EngineMaterials/Substrate/Glints2/dict_0004_0251.uasset" 9888
"../../../Engine/Content/EngineMaterials/Substrate/Glints2/dict_0005_0000.uasset" 9889
"../../../Engine/Content/EngineMaterials/Substrate/Glints2/dict_0004_0253.uasset" 9890
"/Engine/EngineMaterials/Substrate/Glints2/dict_0004_0250" 9891
"../../../Engine/Content/EngineMaterials/Substrate/Glints2/dict_0005_0005.uasset" 9892
"/Engine/EngineMaterials/Substrate/Glints2/dict_0004_0249" 9893
"/Engine/EngineMaterials/Substrate/Glints2/dict_0004_0248" 9894
"../../../Engine/Content/EngineMaterials/Substrate/Glints2/dict_0005_0004.uasset" 9895
"../../../Engine/Content/EngineMaterials/Substrate/Glints2/dict_0005_0002.uasset" 9896
"/Engine/EngineMaterials/Substrate/Glints2/dict_0004_0255" 9897
"/Engine/EngineMaterials/Substrate/Glints2/dict_0004_0254" 9898
"/Engine/EngineMaterials/Substrate/Glints2/dict_0004_0253" 9899
"../../../Engine/Content/EngineMaterials/Substrate/Glints2/dict_0005_0001.uasset" 9900
"/Engine/EngineMaterials/Substrate/Glints2/dict_0004_0252" 9901
"/Engine/EngineMaterials/Substrate/Glints2/dict_0004_0251" 9902
"/Engine/EngineMaterials/Substrate/Glints2/dict_0005_0000" 9903
"/Engine/EngineMaterials/Substrate/Glints2/dict_0005_0005" 9904
"/Engine/EngineMaterials/Substrate/Glints2/dict_0005_0004" 9905
"/Engine/EngineMaterials/Substrate/Glints2/dict_0005_0002" 9906
"/Engine/EngineMaterials/Substrate/Glints2/dict_0005_0001" 9907
"../../../Engine/Content/EngineMaterials/Substrate/Glints2/dict_0005_0003.uasset" 9908
"../../../Engine/Content/EngineMaterials/Substrate/Glints2/dict_0005_0009.uasset" 9909
"../../../Engine/Content/EngineMaterials/Substrate/Glints2/dict_0005_0010.uasset" 9910
"../../../Engine/Content/EngineMaterials/Substrate/Glints2/dict_0005_0012.uasset" 9911
"../../../Engine/Content/EngineMaterials/Substrate/Glints2/dict_0005_0006.uasset" 9912
"../../../Engine/Content/EngineMaterials/Substrate/Glints2/dict_0005_0011.uasset" 9913
"../../../Engine/Content/EngineMaterials/Substrate/Glints2/dict_0005_0013.uasset" 9914
"../../../Engine/Content/EngineMaterials/Substrate/Glints2/dict_0005_0008.uasset" 9915
"../../../Engine/Content/EngineMaterials/Substrate/Glints2/dict_0005_0014.uasset" 9916
"../../../Engine/Content/EngineMaterials/Substrate/Glints2/dict_0005_0007.uasset" 9917
"/Engine/EngineMaterials/Substrate/Glints2/dict_0005_0008" 9918
"/Engine/EngineMaterials/Substrate/Glints2/dict_0005_0010" 9919
"../../../Engine/Content/EngineMaterials/Substrate/Glints2/dict_0005_0015.uasset" 9920
"/Engine/EngineMaterials/Substrate/Glints2/dict_0005_0009" 9921
"../../../Engine/Content/EngineMaterials/Substrate/Glints2/dict_0005_0016.uasset" 9922
"/Engine/EngineMaterials/Substrate/Glints2/dict_0005_0007" 9923
"/Engine/EngineMaterials/Substrate/Glints2/dict_0005_0006" 9924
"../../../Engine/Content/EngineMaterials/Substrate/Glints2/dict_0005_0018.uasset" 9925
"/Engine/EngineMaterials/Substrate/Glints2/dict_0005_0003" 9926
"/Engine/EngineMaterials/Substrate/Glints2/dict_0005_0014" 9927
"/Engine/EngineMaterials/Substrate/Glints2/dict_0005_0013" 9928
"../../../Engine/Content/EngineMaterials/Substrate/Glints2/dict_0005_0017.uasset" 9929
"/Engine/EngineMaterials/Substrate/Glints2/dict_0005_0011" 9930
"/Engine/EngineMaterials/Substrate/Glints2/dict_0005_0012" 9931
"/Engine/EngineMaterials/Substrate/Glints2/dict_0005_0018" 9932
"/Engine/EngineMaterials/Substrate/Glints2/dict_0005_0017" 9933
"/Engine/EngineMaterials/Substrate/Glints2/dict_0005_0016" 9934
"/Engine/EngineMaterials/Substrate/Glints2/dict_0005_0015" 9935
"../../../Engine/Content/EngineMaterials/Substrate/Glints2/dict_0005_0019.uasset" 9936
"/Engine/EngineMaterials/Substrate/Glints2/dict_0005_0019" 9937
"../../../Engine/Content/EngineMaterials/Substrate/Glints2/dict_0005_0022.uasset" 9938
"../../../Engine/Content/EngineMaterials/Substrate/Glints2/dict_0005_0021.uasset" 9939
"../../../Engine/Content/EngineMaterials/Substrate/Glints2/dict_0005_0026.uasset" 9940
"../../../Engine/Content/EngineMaterials/Substrate/Glints2/dict_0005_0020.uasset" 9941
"../../../Engine/Content/EngineMaterials/Substrate/Glints2/dict_0005_0024.uasset" 9942
"../../../Engine/Content/EngineMaterials/Substrate/Glints2/dict_0005_0025.uasset" 9943
"../../../Engine/Content/EngineMaterials/Substrate/Glints2/dict_0005_0028.uasset" 9944
"../../../Engine/Content/EngineMaterials/Substrate/Glints2/dict_0005_0027.uasset" 9945
"../../../Engine/Content/EngineMaterials/Substrate/Glints2/dict_0005_0023.uasset" 9946
"/Engine/EngineMaterials/Substrate/Glints2/dict_0005_0022" 9947
"/Engine/EngineMaterials/Substrate/Glints2/dict_0005_0021" 9948
"../../../Engine/Content/EngineMaterials/Substrate/Glints2/dict_0005_0030.uasset" 9949
"/Engine/EngineMaterials/Substrate/Glints2/dict_0005_0020" 9950
"../../../Engine/Content/EngineMaterials/Substrate/Glints2/dict_0005_0029.uasset" 9951
"/Engine/EngineMaterials/Substrate/Glints2/dict_0005_0028" 9952
"/Engine/EngineMaterials/Substrate/Glints2/dict_0005_0023" 9953
"../../../Engine/Content/EngineMaterials/Substrate/Glints2/dict_0005_0031.uasset" 9954
"/Engine/EngineMaterials/Substrate/Glints2/dict_0005_0027" 9955
"/Engine/EngineMaterials/Substrate/Glints2/dict_0005_0026" 9956
"/Engine/EngineMaterials/Substrate/Glints2/dict_0005_0025" 9957
"/Engine/EngineMaterials/Substrate/Glints2/dict_0005_0024" 9958
"../../../Engine/Content/EngineMaterials/Substrate/Glints2/dict_0005_0036.uasset" 9959
"../../../Engine/Content/EngineMaterials/Substrate/Glints2/dict_0005_0034.uasset" 9960
"/Engine/EngineMaterials/Substrate/Glints2/dict_0005_0031" 9961
"../../../Engine/Content/EngineMaterials/Substrate/Glints2/dict_0005_0035.uasset" 9962
"/Engine/EngineMaterials/Substrate/Glints2/dict_0005_0030" 9963
"../../../Engine/Content/EngineMaterials/Substrate/Glints2/dict_0005_0037.uasset" 9964
"/Engine/EngineMaterials/Substrate/Glints2/dict_0005_0029" 9965
"/Engine/EngineMaterials/Substrate/Glints2/dict_0005_0036" 9966
"../../../Engine/Content/EngineMaterials/Substrate/Glints2/dict_0005_0033.uasset" 9967
"/Engine/EngineMaterials/Substrate/Glints2/dict_0005_0034" 9968
"/Engine/EngineMaterials/Substrate/Glints2/dict_0005_0035" 9969
"../../../Engine/Content/EngineMaterials/Substrate/Glints2/dict_0005_0040.uasset" 9970
"../../../Engine/Content/EngineMaterials/Substrate/Glints2/dict_0005_0038.uasset" 9971
"/Engine/EngineMaterials/Substrate/Glints2/dict_0005_0033" 9972
"../../../Engine/Content/EngineMaterials/Substrate/Glints2/dict_0005_0032.uasset" 9973
"/Engine/EngineMaterials/Substrate/Glints2/dict_0005_0037" 9974
"/Engine/EngineMaterials/Substrate/Glints2/dict_0005_0032" 9975
"/Engine/EngineMaterials/Substrate/Glints2/dict_0005_0040" 9976
"../../../Engine/Content/EngineMaterials/Substrate/Glints2/dict_0005_0041.uasset" 9977
"/Engine/EngineMaterials/Substrate/Glints2/dict_0005_0038" 9978
"../../../Engine/Content/EngineMaterials/Substrate/Glints2/dict_0005_0039.uasset" 9979
"/Engine/EngineMaterials/Substrate/Glints2/dict_0005_0041" 9980
"/Engine/EngineMaterials/Substrate/Glints2/dict_0005_0039" 9981
"../../../Engine/Content/EngineMaterials/Substrate/Glints2/dict_0005_0044.uasset" 9982
"../../../Engine/Content/EngineMaterials/Substrate/Glints2/dict_0005_0042.uasset" 9983
"../../../Engine/Content/EngineMaterials/Substrate/Glints2/dict_0005_0043.uasset" 9984
"../../../Engine/Content/EngineMaterials/Substrate/Glints2/dict_0005_0047.uasset" 9985
"../../../Engine/Content/EngineMaterials/Substrate/Glints2/dict_0005_0048.uasset" 9986
"../../../Engine/Content/EngineMaterials/Substrate/Glints2/dict_0005_0046.uasset" 9987
"/Engine/EngineMaterials/Substrate/Glints2/dict_0005_0046" 9988
"/Engine/EngineMaterials/Substrate/Glints2/dict_0005_0044" 9989
"/Engine/EngineMaterials/Substrate/Glints2/dict_0005_0043" 9990
"../../../Engine/Content/EngineMaterials/Substrate/Glints2/dict_0005_0052.uasset" 9991
"/Engine/EngineMaterials/Substrate/Glints2/dict_0005_0042" 9992
"/Engine/EngineMaterials/Substrate/Glints2/dict_0005_0048" 9993
"../../../Engine/Content/EngineMaterials/Substrate/Glints2/dict_0005_0051.uasset" 9994
"/Engine/EngineMaterials/Substrate/Glints2/dict_0005_0047" 9995
"/Engine/EngineMaterials/Substrate/Glints2/dict_0005_0051" 9996
"../../../Engine/Content/EngineMaterials/Substrate/Glints2/dict_0005_0049.uasset" 9997
"../../../Engine/Content/EngineMaterials/Substrate/Glints2/dict_0005_0055.uasset" 9998
"../../../Engine/Content/EngineMaterials/Substrate/Glints2/dict_0005_0053.uasset" 9999
"/Engine/EngineMaterials/Substrate/Glints2/dict_0005_0052" 10000
"../../../Engine/Content/EngineMaterials/Substrate/Glints2/dict_0005_0045.uasset" 10001
"/Engine/EngineMaterials/Substrate/Glints2/dict_0005_0045" 10002
"/Engine/EngineMaterials/Substrate/Glints2/dict_0005_0049" 10003
"/Engine/EngineMaterials/Substrate/Glints2/dict_0005_0055" 10004
"../../../Engine/Content/EngineMaterials/Substrate/Glints2/dict_0005_0050.uasset" 10005
"/Engine/EngineMaterials/Substrate/Glints2/dict_0005_0053" 10006
"/Engine/EngineMaterials/Substrate/Glints2/dict_0005_0050" 10007
"../../../Engine/Content/EngineMaterials/Substrate/Glints2/dict_0005_0054.uasset" 10008
"../../../Engine/Content/EngineMaterials/Substrate/Glints2/dict_0005_0059.uasset" 10009
"../../../Engine/Content/EngineMaterials/Substrate/Glints2/dict_0005_0058.uasset" 10010
"../../../Engine/Content/EngineMaterials/Substrate/Glints2/dict_0005_0056.uasset" 10011
"../../../Engine/Content/EngineMaterials/Substrate/Glints2/dict_0005_0061.uasset" 10012
"/Engine/EngineMaterials/Substrate/Glints2/dict_0005_0059" 10013
"../../../Engine/Content/EngineMaterials/Substrate/Glints2/dict_0005_0060.uasset" 10014
"/Engine/EngineMaterials/Substrate/Glints2/dict_0005_0058" 10015
"../../../Engine/Content/EngineMaterials/Substrate/Glints2/dict_0005_0063.uasset" 10016
"/Engine/EngineMaterials/Substrate/Glints2/dict_0005_0061" 10017
"/Engine/EngineMaterials/Substrate/Glints2/dict_0005_0056" 10018
"../../../Engine/Content/EngineMaterials/Substrate/Glints2/dict_0005_0057.uasset" 10019
"/Engine/EngineMaterials/Substrate/Glints2/dict_0005_0054" 10020
"/Engine/EngineMaterials/Substrate/Glints2/dict_0005_0060" 10021
"../../../Engine/Content/EngineMaterials/Substrate/Glints2/dict_0005_0064.uasset" 10022
"/Engine/EngineMaterials/Substrate/Glints2/dict_0005_0063" 10023
"../../../Engine/Content/EngineMaterials/Substrate/Glints2/dict_0005_0062.uasset" 10024
"/Engine/EngineMaterials/Substrate/Glints2/dict_0005_0057" 10025
"../../../Engine/Content/EngineMaterials/Substrate/Glints2/dict_0005_0067.uasset" 10026
"../../../Engine/Content/EngineMaterials/Substrate/Glints2/dict_0005_0065.uasset" 10027
"/Engine/EngineMaterials/Substrate/Glints2/dict_0005_0065" 10028
"/Engine/EngineMaterials/Substrate/Glints2/dict_0005_0064" 10029
"/Engine/EngineMaterials/Substrate/Glints2/dict_0005_0062" 10030
"/Engine/EngineMaterials/Substrate/Glints2/dict_0005_0067" 10031
"../../../Engine/Content/EngineMaterials/Substrate/Glints2/dict_0005_0066.uasset" 10032
"../../../Engine/Content/EngineMaterials/Substrate/Glints2/dict_0005_0068.uasset" 10033
"../../../Engine/Content/EngineMaterials/Substrate/Glints2/dict_0005_0069.uasset" 10034
"../../../Engine/Content/EngineMaterials/Substrate/Glints2/dict_0005_0071.uasset" 10035
"../../../Engine/Content/EngineMaterials/Substrate/Glints2/dict_0005_0072.uasset" 10036
"/Engine/EngineMaterials/Substrate/Glints2/dict_0005_0071" 10037
"/Engine/EngineMaterials/Substrate/Glints2/dict_0005_0068" 10038
"/Engine/EngineMaterials/Substrate/Glints2/dict_0005_0072" 10039
"/Engine/EngineMaterials/Substrate/Glints2/dict_0005_0069" 10040
"../../../Engine/Content/EngineMaterials/Substrate/Glints2/dict_0005_0073.uasset" 10041
"../../../Engine/Content/EngineMaterials/Substrate/Glints2/dict_0005_0078.uasset" 10042
"/Engine/EngineMaterials/Substrate/Glints2/dict_0005_0066" 10043
"../../../Engine/Content/EngineMaterials/Substrate/Glints2/dict_0005_0075.uasset" 10044
"../../../Engine/Content/EngineMaterials/Substrate/Glints2/dict_0005_0079.uasset" 10045
"../../../Engine/Content/EngineMaterials/Substrate/Glints2/dict_0005_0074.uasset" 10046
"../../../Engine/Content/EngineMaterials/Substrate/Glints2/dict_0005_0077.uasset" 10047
"../../../Engine/Content/EngineMaterials/Substrate/Glints2/dict_0005_0070.uasset" 10048
"/Engine/EngineMaterials/Substrate/Glints2/dict_0005_0078" 10049
"/Engine/EngineMaterials/Substrate/Glints2/dict_0005_0073" 10050
"../../../Engine/Content/EngineMaterials/Substrate/Glints2/dict_0005_0076.uasset" 10051
"/Engine/EngineMaterials/Substrate/Glints2/dict_0005_0075" 10052
"/Engine/EngineMaterials/Substrate/Glints2/dict_0005_0074" 10053
"/Engine/EngineMaterials/Substrate/Glints2/dict_0005_0079" 10054
"/Engine/EngineMaterials/Substrate/Glints2/dict_0005_0077" 10055
"/Engine/EngineMaterials/Substrate/Glints2/dict_0005_0076" 10056
"/Engine/EngineMaterials/Substrate/Glints2/dict_0005_0070" 10057
"../../../Engine/Content/EngineMaterials/Substrate/Glints2/dict_0005_0080.uasset" 10058
"../../../Engine/Content/EngineMaterials/Substrate/Glints2/dict_0005_0082.uasset" 10059
"../../../Engine/Content/EngineMaterials/Substrate/Glints2/dict_0005_0084.uasset" 10060
"../../../Engine/Content/EngineMaterials/Substrate/Glints2/dict_0005_0081.uasset" 10061
"../../../Engine/Content/EngineMaterials/Substrate/Glints2/dict_0005_0085.uasset" 10062
"../../../Engine/Content/EngineMaterials/Substrate/Glints2/dict_0005_0083.uasset" 10063
"/Engine/EngineMaterials/Substrate/Glints2/dict_0005_0085" 10064
"/Engine/EngineMaterials/Substrate/Glints2/dict_0005_0081" 10065
"/Engine/EngineMaterials/Substrate/Glints2/dict_0005_0084" 10066
"/Engine/EngineMaterials/Substrate/Glints2/dict_0005_0083" 10067
"/Engine/EngineMaterials/Substrate/Glints2/dict_0005_0082" 10068
"/Engine/EngineMaterials/Substrate/Glints2/dict_0005_0080" 10069
"../../../Engine/Content/EngineMaterials/Substrate/Glints2/dict_0005_0090.uasset" 10070
"/Engine/EngineMaterials/Substrate/Glints2/dict_0005_0090" 10071
"../../../Engine/Content/EngineMaterials/Substrate/Glints2/dict_0005_0089.uasset" 10072
"../../../Engine/Content/EngineMaterials/Substrate/Glints2/dict_0005_0088.uasset" 10073
"../../../Engine/Content/EngineMaterials/Substrate/Glints2/dict_0005_0091.uasset" 10074
"../../../Engine/Content/EngineMaterials/Substrate/Glints2/dict_0005_0087.uasset" 10075
"../../../Engine/Content/EngineMaterials/Substrate/Glints2/dict_0005_0086.uasset" 10076
"../../../Engine/Content/EngineMaterials/Substrate/Glints2/dict_0005_0092.uasset" 10077
"../../../Engine/Content/EngineMaterials/Substrate/Glints2/dict_0005_0093.uasset" 10078
"../../../Engine/Content/EngineMaterials/Substrate/Glints2/dict_0005_0096.uasset" 10079
"../../../Engine/Content/EngineMaterials/Substrate/Glints2/dict_0005_0099.uasset" 10080
"../../../Engine/Content/EngineMaterials/Substrate/Glints2/dict_0005_0097.uasset" 10081
"../../../Engine/Content/EngineMaterials/Substrate/Glints2/dict_0005_0094.uasset" 10082
"/Engine/EngineMaterials/Substrate/Glints2/dict_0005_0094" 10083
"../../../Engine/Content/EngineMaterials/Substrate/Glints2/dict_0005_0095.uasset" 10084
"../../../Engine/Content/EngineMaterials/Substrate/Glints2/dict_0005_0098.uasset" 10085
"/Engine/EngineMaterials/Substrate/Glints2/dict_0005_0091" 10086
"/Engine/EngineMaterials/Substrate/Glints2/dict_0005_0097" 10087
"/Engine/EngineMaterials/Substrate/Glints2/dict_0005_0093" 10088
"/Engine/EngineMaterials/Substrate/Glints2/dict_0005_0086" 10089
"/Engine/EngineMaterials/Substrate/Glints2/dict_0005_0096" 10090
"/Engine/EngineMaterials/Substrate/Glints2/dict_0005_0089" 10091
"/Engine/EngineMaterials/Substrate/Glints2/dict_0005_0092" 10092
"/Engine/EngineMaterials/Substrate/Glints2/dict_0005_0088" 10093
"/Engine/EngineMaterials/Substrate/Glints2/dict_0005_0087" 10094
"/Engine/EngineMaterials/Substrate/Glints2/dict_0005_0099" 10095
"/Engine/EngineMaterials/Substrate/Glints2/dict_0005_0098" 10096
"/Engine/EngineMaterials/Substrate/Glints2/dict_0005_0095" 10097
"../../../Engine/Content/EngineMaterials/Substrate/Glints2/dict_0005_0100.uasset" 10098
"../../../Engine/Content/EngineMaterials/Substrate/Glints2/dict_0005_0105.uasset" 10099
"../../../Engine/Content/EngineMaterials/Substrate/Glints2/dict_0005_0103.uasset" 10100
"../../../Engine/Content/EngineMaterials/Substrate/Glints2/dict_0005_0104.uasset" 10101
"../../../Engine/Content/EngineMaterials/Substrate/Glints2/dict_0005_0101.uasset" 10102
"../../../Engine/Content/EngineMaterials/Substrate/Glints2/dict_0005_0102.uasset" 10103
"../../../Engine/Content/EngineMaterials/Substrate/Glints2/dict_0005_0107.uasset" 10104
"../../../Engine/Content/EngineMaterials/Substrate/Glints2/dict_0005_0110.uasset" 10105
"../../../Engine/Content/EngineMaterials/Substrate/Glints2/dict_0005_0106.uasset" 10106
"../../../Engine/Content/EngineMaterials/Substrate/Glints2/dict_0005_0111.uasset" 10107
"../../../Engine/Content/EngineMaterials/Substrate/Glints2/dict_0005_0113.uasset" 10108
"../../../Engine/Content/EngineMaterials/Substrate/Glints2/dict_0005_0109.uasset" 10109
"/Engine/EngineMaterials/Substrate/Glints2/dict_0005_0103" 10110
"/Engine/EngineMaterials/Substrate/Glints2/dict_0005_0111" 10111
"../../../Engine/Content/EngineMaterials/Substrate/Glints2/dict_0005_0108.uasset" 10112
"/Engine/EngineMaterials/Substrate/Glints2/dict_0005_0107" 10113
"/Engine/EngineMaterials/Substrate/Glints2/dict_0005_0110" 10114
"../../../Engine/Content/EngineMaterials/Substrate/Glints2/dict_0005_0112.uasset" 10115
"/Engine/EngineMaterials/Substrate/Glints2/dict_0005_0109" 10116
"/Engine/EngineMaterials/Substrate/Glints2/dict_0005_0102" 10117
"/Engine/EngineMaterials/Substrate/Glints2/dict_0005_0106" 10118
"/Engine/EngineMaterials/Substrate/Glints2/dict_0005_0105" 10119
"/Engine/EngineMaterials/Substrate/Glints2/dict_0005_0104" 10120
"/Engine/EngineMaterials/Substrate/Glints2/dict_0005_0101" 10121
"/Engine/EngineMaterials/Substrate/Glints2/dict_0005_0100" 10122
"/Engine/EngineMaterials/Substrate/Glints2/dict_0005_0113" 10123
"../../../Engine/Content/EngineMaterials/Substrate/Glints2/dict_0005_0117.uasset" 10124
"/Engine/EngineMaterials/Substrate/Glints2/dict_0005_0108" 10125
"/Engine/EngineMaterials/Substrate/Glints2/dict_0005_0112" 10126
"/Engine/EngineMaterials/Substrate/Glints2/dict_0005_0117" 10127
"../../../Engine/Content/EngineMaterials/Substrate/Glints2/dict_0005_0116.uasset" 10128
"/Engine/EngineMaterials/Substrate/Glints2/dict_0005_0116" 10129
"../../../Engine/Content/EngineMaterials/Substrate/Glints2/dict_0005_0118.uasset" 10130
"../../../Engine/Content/EngineMaterials/Substrate/Glints2/dict_0005_0114.uasset" 10131
"../../../Engine/Content/EngineMaterials/Substrate/Glints2/dict_0005_0115.uasset" 10132
"../../../Engine/Content/EngineMaterials/Substrate/Glints2/dict_0005_0119.uasset" 10133
"../../../Engine/Content/EngineMaterials/Substrate/Glints2/dict_0005_0121.uasset" 10134
"../../../Engine/Content/EngineMaterials/Substrate/Glints2/dict_0005_0120.uasset" 10135
"../../../Engine/Content/EngineMaterials/Substrate/Glints2/dict_0005_0122.uasset" 10136
"../../../Engine/Content/EngineMaterials/Substrate/Glints2/dict_0005_0125.uasset" 10137
"../../../Engine/Content/EngineMaterials/Substrate/Glints2/dict_0005_0123.uasset" 10138
"../../../Engine/Content/EngineMaterials/Substrate/Glints2/dict_0005_0124.uasset" 10139
"/Engine/EngineMaterials/Substrate/Glints2/dict_0005_0118" 10140
"/Engine/EngineMaterials/Substrate/Glints2/dict_0005_0125" 10141
"/Engine/EngineMaterials/Substrate/Glints2/dict_0005_0124" 10142
"/Engine/EngineMaterials/Substrate/Glints2/dict_0005_0123" 10143
"../../../Engine/Content/EngineMaterials/Substrate/Glints2/dict_0005_0126.uasset" 10144
"/Engine/EngineMaterials/Substrate/Glints2/dict_0005_0115" 10145
"/Engine/EngineMaterials/Substrate/Glints2/dict_0005_0122" 10146
"/Engine/EngineMaterials/Substrate/Glints2/dict_0005_0121" 10147
"/Engine/EngineMaterials/Substrate/Glints2/dict_0005_0114" 10148
"/Engine/EngineMaterials/Substrate/Glints2/dict_0005_0120" 10149
"/Engine/EngineMaterials/Substrate/Glints2/dict_0005_0119" 10150
"../../../Engine/Content/EngineMaterials/Substrate/Glints2/dict_0005_0129.uasset" 10151
"../../../Engine/Content/EngineMaterials/Substrate/Glints2/dict_0005_0130.uasset" 10152
"../../../Engine/Content/EngineMaterials/Substrate/Glints2/dict_0005_0128.uasset" 10153
"/Engine/EngineMaterials/Substrate/Glints2/dict_0005_0129" 10154
"/Engine/EngineMaterials/Substrate/Glints2/dict_0005_0126" 10155
"../../../Engine/Content/EngineMaterials/Substrate/Glints2/dict_0005_0127.uasset" 10156
"/Engine/EngineMaterials/Substrate/Glints2/dict_0005_0128" 10157
"/Engine/EngineMaterials/Substrate/Glints2/dict_0005_0127" 10158
"/Engine/EngineMaterials/Substrate/Glints2/dict_0005_0130" 10159
"../../../Engine/Content/EngineMaterials/Substrate/Glints2/dict_0005_0133.uasset" 10160
"../../../Engine/Content/EngineMaterials/Substrate/Glints2/dict_0005_0132.uasset" 10161
"../../../Engine/Content/EngineMaterials/Substrate/Glints2/dict_0005_0137.uasset" 10162
"../../../Engine/Content/EngineMaterials/Substrate/Glints2/dict_0005_0134.uasset" 10163
"../../../Engine/Content/EngineMaterials/Substrate/Glints2/dict_0005_0131.uasset" 10164
"../../../Engine/Content/EngineMaterials/Substrate/Glints2/dict_0005_0136.uasset" 10165
"../../../Engine/Content/EngineMaterials/Substrate/Glints2/dict_0005_0139.uasset" 10166
"../../../Engine/Content/EngineMaterials/Substrate/Glints2/dict_0005_0138.uasset" 10167
"../../../Engine/Content/EngineMaterials/Substrate/Glints2/dict_0005_0135.uasset" 10168
"/Engine/EngineMaterials/Substrate/Glints2/dict_0005_0131" 10169
"/Engine/EngineMaterials/Substrate/Glints2/dict_0005_0139" 10170
"/Engine/EngineMaterials/Substrate/Glints2/dict_0005_0138" 10171
"/Engine/EngineMaterials/Substrate/Glints2/dict_0005_0137" 10172
"/Engine/EngineMaterials/Substrate/Glints2/dict_0005_0136" 10173
"../../../Engine/Content/EngineMaterials/Substrate/Glints2/dict_0005_0142.uasset" 10174
"../../../Engine/Content/EngineMaterials/Substrate/Glints2/dict_0005_0140.uasset" 10175
"/Engine/EngineMaterials/Substrate/Glints2/dict_0005_0135" 10176
"/Engine/EngineMaterials/Substrate/Glints2/dict_0005_0134" 10177
"/Engine/EngineMaterials/Substrate/Glints2/dict_0005_0133" 10178
"/Engine/EngineMaterials/Substrate/Glints2/dict_0005_0132" 10179
"../../../Engine/Content/EngineMaterials/Substrate/Glints2/dict_0005_0143.uasset" 10180
"/Engine/EngineMaterials/Substrate/Glints2/dict_0005_0143" 10181
"/Engine/EngineMaterials/Substrate/Glints2/dict_0005_0142" 10182
"/Engine/EngineMaterials/Substrate/Glints2/dict_0005_0140" 10183
"../../../Engine/Content/EngineMaterials/Substrate/Glints2/dict_0005_0144.uasset" 10184
"../../../Engine/Content/EngineMaterials/Substrate/Glints2/dict_0005_0148.uasset" 10185
"../../../Engine/Content/EngineMaterials/Substrate/Glints2/dict_0005_0141.uasset" 10186
"../../../Engine/Content/EngineMaterials/Substrate/Glints2/dict_0005_0146.uasset" 10187
"../../../Engine/Content/EngineMaterials/Substrate/Glints2/dict_0005_0147.uasset" 10188
"../../../Engine/Content/EngineMaterials/Substrate/Glints2/dict_0005_0145.uasset" 10189
"../../../Engine/Content/EngineMaterials/Substrate/Glints2/dict_0005_0152.uasset" 10190
"../../../Engine/Content/EngineMaterials/Substrate/Glints2/dict_0005_0151.uasset" 10191
"../../../Engine/Content/EngineMaterials/Substrate/Glints2/dict_0005_0153.uasset" 10192
"/Engine/EngineMaterials/Substrate/Glints2/dict_0005_0146" 10193
"../../../Engine/Content/EngineMaterials/Substrate/Glints2/dict_0005_0149.uasset" 10194
"../../../Engine/Content/EngineMaterials/Substrate/Glints2/dict_0005_0150.uasset" 10195
"/Engine/EngineMaterials/Substrate/Glints2/dict_0005_0141" 10196
"/Engine/EngineMaterials/Substrate/Glints2/dict_0005_0147" 10197
"/Engine/EngineMaterials/Substrate/Glints2/dict_0005_0153" 10198
"/Engine/EngineMaterials/Substrate/Glints2/dict_0005_0152" 10199
"/Engine/EngineMaterials/Substrate/Glints2/dict_0005_0151" 10200
"/Engine/EngineMaterials/Substrate/Glints2/dict_0005_0145" 10201
"/Engine/EngineMaterials/Substrate/Glints2/dict_0005_0148" 10202
"/Engine/EngineMaterials/Substrate/Glints2/dict_0005_0144" 10203
"../../../Engine/Content/EngineMaterials/Substrate/Glints2/dict_0005_0156.uasset" 10204
"../../../Engine/Content/EngineMaterials/Substrate/Glints2/dict_0005_0155.uasset" 10205
"../../../Engine/Content/EngineMaterials/Substrate/Glints2/dict_0005_0154.uasset" 10206
"/Engine/EngineMaterials/Substrate/Glints2/dict_0005_0156" 10207
"/Engine/EngineMaterials/Substrate/Glints2/dict_0005_0155" 10208
"/Engine/EngineMaterials/Substrate/Glints2/dict_0005_0150" 10209
"/Engine/EngineMaterials/Substrate/Glints2/dict_0005_0149" 10210
"/Engine/EngineMaterials/Substrate/Glints2/dict_0005_0154" 10211
"../../../Engine/Content/EngineMaterials/Substrate/Glints2/dict_0005_0159.uasset" 10212
"../../../Engine/Content/EngineMaterials/Substrate/Glints2/dict_0005_0158.uasset" 10213
"../../../Engine/Content/EngineMaterials/Substrate/Glints2/dict_0005_0160.uasset" 10214
"../../../Engine/Content/EngineMaterials/Substrate/Glints2/dict_0005_0157.uasset" 10215
"../../../Engine/Content/EngineMaterials/Substrate/Glints2/dict_0005_0161.uasset" 10216
"../../../Engine/Content/EngineMaterials/Substrate/Glints2/dict_0005_0166.uasset" 10217
"../../../Engine/Content/EngineMaterials/Substrate/Glints2/dict_0005_0162.uasset" 10218
"../../../Engine/Content/EngineMaterials/Substrate/Glints2/dict_0005_0163.uasset" 10219
"../../../Engine/Content/EngineMaterials/Substrate/Glints2/dict_0005_0167.uasset" 10220
"../../../Engine/Content/EngineMaterials/Substrate/Glints2/dict_0005_0165.uasset" 10221
"/Engine/EngineMaterials/Substrate/Glints2/dict_0005_0159" 10222
"../../../Engine/Content/EngineMaterials/Substrate/Glints2/dict_0005_0164.uasset" 10223
"/Engine/EngineMaterials/Substrate/Glints2/dict_0005_0162" 10224
"/Engine/EngineMaterials/Substrate/Glints2/dict_0005_0161" 10225
"/Engine/EngineMaterials/Substrate/Glints2/dict_0005_0157" 10226
"/Engine/EngineMaterials/Substrate/Glints2/dict_0005_0158" 10227
"/Engine/EngineMaterials/Substrate/Glints2/dict_0005_0167" 10228
"../../../Engine/Content/EngineMaterials/Substrate/Glints2/dict_0005_0170.uasset" 10229
"/Engine/EngineMaterials/Substrate/Glints2/dict_0005_0160" 10230
"/Engine/EngineMaterials/Substrate/Glints2/dict_0005_0166" 10231
"/Engine/EngineMaterials/Substrate/Glints2/dict_0005_0163" 10232
"../../../Engine/Content/EngineMaterials/Substrate/Glints2/dict_0005_0168.uasset" 10233
"/Engine/EngineMaterials/Substrate/Glints2/dict_0005_0170" 10234
"/Engine/EngineMaterials/Substrate/Glints2/dict_0005_0168" 10235
"../../../Engine/Content/EngineMaterials/Substrate/Glints2/dict_0005_0169.uasset" 10236
"/Engine/EngineMaterials/Substrate/Glints2/dict_0005_0165" 10237
"/Engine/EngineMaterials/Substrate/Glints2/dict_0005_0164" 10238
"/Engine/EngineMaterials/Substrate/Glints2/dict_0005_0169" 10239
"../../../Engine/Content/EngineMaterials/Substrate/Glints2/dict_0005_0173.uasset" 10240
"../../../Engine/Content/EngineMaterials/Substrate/Glints2/dict_0005_0174.uasset" 10241
"../../../Engine/Content/EngineMaterials/Substrate/Glints2/dict_0005_0175.uasset" 10242
"../../../Engine/Content/EngineMaterials/Substrate/Glints2/dict_0005_0171.uasset" 10243
"../../../Engine/Content/EngineMaterials/Substrate/Glints2/dict_0005_0172.uasset" 10244
"../../../Engine/Content/EngineMaterials/Substrate/Glints2/dict_0005_0178.uasset" 10245
"../../../Engine/Content/EngineMaterials/Substrate/Glints2/dict_0005_0179.uasset" 10246
"../../../Engine/Content/EngineMaterials/Substrate/Glints2/dict_0005_0177.uasset" 10247
"../../../Engine/Content/EngineMaterials/Substrate/Glints2/dict_0005_0180.uasset" 10248
"/Engine/EngineMaterials/Substrate/Glints2/dict_0005_0174" 10249
"/Engine/EngineMaterials/Substrate/Glints2/dict_0005_0173" 10250
"/Engine/EngineMaterials/Substrate/Glints2/dict_0005_0171" 10251
"/Engine/EngineMaterials/Substrate/Glints2/dict_0005_0172" 10252
"/Engine/EngineMaterials/Substrate/Glints2/dict_0005_0180" 10253
"/Engine/EngineMaterials/Substrate/Glints2/dict_0005_0179" 10254
"/Engine/EngineMaterials/Substrate/Glints2/dict_0005_0178" 10255
"/Engine/EngineMaterials/Substrate/Glints2/dict_0005_0177" 10256
"/Engine/EngineMaterials/Substrate/Glints2/dict_0005_0175" 10257
"../../../Engine/Content/EngineMaterials/Substrate/Glints2/dict_0005_0176.uasset" 10258
"../../../Engine/Content/EngineMaterials/Substrate/Glints2/dict_0005_0181.uasset" 10259
"../../../Engine/Content/EngineMaterials/Substrate/Glints2/dict_0005_0182.uasset" 10260
"../../../Engine/Content/EngineMaterials/Substrate/Glints2/dict_0005_0183.uasset" 10261
"../../../Engine/Content/EngineMaterials/Substrate/Glints2/dict_0005_0184.uasset" 10262
"../../../Engine/Content/EngineMaterials/Substrate/Glints2/dict_0005_0191.uasset" 10263
"/Engine/EngineMaterials/Substrate/Glints2/dict_0005_0183" 10264
"/Engine/EngineMaterials/Substrate/Glints2/dict_0005_0182" 10265
"../../../Engine/Content/EngineMaterials/Substrate/Glints2/dict_0005_0188.uasset" 10266
"/Engine/EngineMaterials/Substrate/Glints2/dict_0005_0181" 10267
"../../../Engine/Content/EngineMaterials/Substrate/Glints2/dict_0005_0192.uasset" 10268
"../../../Engine/Content/EngineMaterials/Substrate/Glints2/dict_0005_0187.uasset" 10269
"/Engine/EngineMaterials/Substrate/Glints2/dict_0005_0191" 10270
"../../../Engine/Content/EngineMaterials/Substrate/Glints2/dict_0005_0185.uasset" 10271
"/Engine/EngineMaterials/Substrate/Glints2/dict_0005_0184" 10272
"../../../Engine/Content/EngineMaterials/Substrate/Glints2/dict_0005_0189.uasset" 10273
"/Engine/EngineMaterials/Substrate/Glints2/dict_0005_0176" 10274
"/Engine/EngineMaterials/Substrate/Glints2/dict_0005_0187" 10275
"/Engine/EngineMaterials/Substrate/Glints2/dict_0005_0188" 10276
"../../../Engine/Content/EngineMaterials/Substrate/Glints2/dict_0005_0186.uasset" 10277
"/Engine/EngineMaterials/Substrate/Glints2/dict_0005_0192" 10278
"/Engine/EngineMaterials/Substrate/Glints2/dict_0005_0185" 10279
"../../../Engine/Content/EngineMaterials/Substrate/Glints2/dict_0005_0190.uasset" 10280
"/Engine/EngineMaterials/Substrate/Glints2/dict_0005_0189" 10281
"/Engine/EngineMaterials/Substrate/Glints2/dict_0005_0186" 10282
"/Engine/EngineMaterials/Substrate/Glints2/dict_0005_0190" 10283
"../../../Engine/Content/EngineMaterials/Substrate/Glints2/dict_0005_0193.uasset" 10284
"../../../Engine/Content/EngineMaterials/Substrate/Glints2/dict_0005_0197.uasset" 10285
"../../../Engine/Content/EngineMaterials/Substrate/Glints2/dict_0005_0201.uasset" 10286
"/Engine/EngineMaterials/Substrate/Glints2/dict_0005_0197" 10287
"../../../Engine/Content/EngineMaterials/Substrate/Glints2/dict_0005_0194.uasset" 10288
"../../../Engine/Content/EngineMaterials/Substrate/Glints2/dict_0005_0199.uasset" 10289
"../../../Engine/Content/EngineMaterials/Substrate/Glints2/dict_0005_0196.uasset" 10290
"../../../Engine/Content/EngineMaterials/Substrate/Glints2/dict_0005_0195.uasset" 10291
"/Engine/EngineMaterials/Substrate/Glints2/dict_0005_0193" 10292
"../../../Engine/Content/EngineMaterials/Substrate/Glints2/dict_0005_0202.uasset" 10293
"/Engine/EngineMaterials/Substrate/Glints2/dict_0005_0196" 10294
"/Engine/EngineMaterials/Substrate/Glints2/dict_0005_0201" 10295
"../../../Engine/Content/EngineMaterials/Substrate/Glints2/dict_0005_0198.uasset" 10296
"../../../Engine/Content/EngineMaterials/Substrate/Glints2/dict_0005_0204.uasset" 10297
"/Engine/EngineMaterials/Substrate/Glints2/dict_0005_0195" 10298
"/Engine/EngineMaterials/Substrate/Glints2/dict_0005_0194" 10299
"../../../Engine/Content/EngineMaterials/Substrate/Glints2/dict_0005_0200.uasset" 10300
"/Engine/EngineMaterials/Substrate/Glints2/dict_0005_0199" 10301
"/Engine/EngineMaterials/Substrate/Glints2/dict_0005_0202" 10302
"/Engine/EngineMaterials/Substrate/Glints2/dict_0005_0200" 10303
"/Engine/EngineMaterials/Substrate/Glints2/dict_0005_0204" 10304
"/Engine/EngineMaterials/Substrate/Glints2/dict_0005_0198" 10305
"../../../Engine/Content/EngineMaterials/Substrate/Glints2/dict_0005_0206.uasset" 10306
"../../../Engine/Content/EngineMaterials/Substrate/Glints2/dict_0005_0203.uasset" 10307
"../../../Engine/Content/EngineMaterials/Substrate/Glints2/dict_0005_0205.uasset" 10308
"../../../Engine/Content/EngineMaterials/Substrate/Glints2/dict_0005_0207.uasset" 10309
"/Engine/EngineMaterials/Substrate/Glints2/dict_0005_0207" 10310
"../../../Engine/Content/EngineMaterials/Substrate/Glints2/dict_0005_0208.uasset" 10311
"/Engine/EngineMaterials/Substrate/Glints2/dict_0005_0206" 10312
"/Engine/EngineMaterials/Substrate/Glints2/dict_0005_0205" 10313
"/Engine/EngineMaterials/Substrate/Glints2/dict_0005_0203" 10314
"/Engine/EngineMaterials/Substrate/Glints2/dict_0005_0208" 10315
"../../../Engine/Content/EngineMaterials/Substrate/Glints2/dict_0005_0213.uasset" 10316
"../../../Engine/Content/EngineMaterials/Substrate/Glints2/dict_0005_0212.uasset" 10317
"../../../Engine/Content/EngineMaterials/Substrate/Glints2/dict_0005_0211.uasset" 10318
"../../../Engine/Content/EngineMaterials/Substrate/Glints2/dict_0005_0216.uasset" 10319
"../../../Engine/Content/EngineMaterials/Substrate/Glints2/dict_0005_0214.uasset" 10320
"../../../Engine/Content/EngineMaterials/Substrate/Glints2/dict_0005_0215.uasset" 10321
"../../../Engine/Content/EngineMaterials/Substrate/Glints2/dict_0005_0209.uasset" 10322
"../../../Engine/Content/EngineMaterials/Substrate/Glints2/dict_0005_0217.uasset" 10323
"../../../Engine/Content/EngineMaterials/Substrate/Glints2/dict_0005_0219.uasset" 10324
"../../../Engine/Content/EngineMaterials/Substrate/Glints2/dict_0005_0218.uasset" 10325
"../../../Engine/Content/EngineMaterials/Substrate/Glints2/dict_0005_0210.uasset" 10326
"/Engine/EngineMaterials/Substrate/Glints2/dict_0005_0211" 10327
"/Engine/EngineMaterials/Substrate/Glints2/dict_0005_0210" 10328
"/Engine/EngineMaterials/Substrate/Glints2/dict_0005_0209" 10329
"/Engine/EngineMaterials/Substrate/Glints2/dict_0005_0217" 10330
"/Engine/EngineMaterials/Substrate/Glints2/dict_0005_0216" 10331
"/Engine/EngineMaterials/Substrate/Glints2/dict_0005_0215" 10332
"/Engine/EngineMaterials/Substrate/Glints2/dict_0005_0214" 10333
"../../../Engine/Content/EngineMaterials/Substrate/Glints2/dict_0005_0220.uasset" 10334
"/Engine/EngineMaterials/Substrate/Glints2/dict_0005_0219" 10335
"/Engine/EngineMaterials/Substrate/Glints2/dict_0005_0213" 10336
"/Engine/EngineMaterials/Substrate/Glints2/dict_0005_0218" 10337
"/Engine/EngineMaterials/Substrate/Glints2/dict_0005_0212" 10338
"/Engine/EngineMaterials/Substrate/Glints2/dict_0005_0220" 10339
"../../../Engine/Content/EngineMaterials/Substrate/Glints2/dict_0005_0226.uasset" 10340
"../../../Engine/Content/EngineMaterials/Substrate/Glints2/dict_0005_0231.uasset" 10341
"../../../Engine/Content/EngineMaterials/Substrate/Glints2/dict_0005_0222.uasset" 10342
"../../../Engine/Content/EngineMaterials/Substrate/Glints2/dict_0005_0224.uasset" 10343
"../../../Engine/Content/EngineMaterials/Substrate/Glints2/dict_0005_0229.uasset" 10344
"../../../Engine/Content/EngineMaterials/Substrate/Glints2/dict_0005_0228.uasset" 10345
"../../../Engine/Content/EngineMaterials/Substrate/Glints2/dict_0005_0221.uasset" 10346
"../../../Engine/Content/EngineMaterials/Substrate/Glints2/dict_0005_0223.uasset" 10347
"../../../Engine/Content/EngineMaterials/Substrate/Glints2/dict_0005_0227.uasset" 10348
"../../../Engine/Content/EngineMaterials/Substrate/Glints2/dict_0005_0225.uasset" 10349
"../../../Engine/Content/EngineMaterials/Substrate/Glints2/dict_0005_0230.uasset" 10350
"../../../Engine/Content/EngineMaterials/Substrate/Glints2/dict_0005_0232.uasset" 10351
"../../../Engine/Content/EngineMaterials/Substrate/Glints2/dict_0005_0233.uasset" 10352
"/Engine/EngineMaterials/Substrate/Glints2/dict_0005_0226" 10353
"/Engine/EngineMaterials/Substrate/Glints2/dict_0005_0231" 10354
"/Engine/EngineMaterials/Substrate/Glints2/dict_0005_0230" 10355
"/Engine/EngineMaterials/Substrate/Glints2/dict_0005_0229" 10356
"/Engine/EngineMaterials/Substrate/Glints2/dict_0005_0228" 10357
"/Engine/EngineMaterials/Substrate/Glints2/dict_0005_0225" 10358
"/Engine/EngineMaterials/Substrate/Glints2/dict_0005_0222" 10359
"/Engine/EngineMaterials/Substrate/Glints2/dict_0005_0224" 10360
"/Engine/EngineMaterials/Substrate/Glints2/dict_0005_0221" 10361
"/Engine/EngineMaterials/Substrate/Glints2/dict_0005_0223" 10362
"/Engine/EngineMaterials/Substrate/Glints2/dict_0005_0227" 10363
"/Engine/EngineMaterials/Substrate/Glints2/dict_0005_0232" 10364
"/Engine/EngineMaterials/Substrate/Glints2/dict_0005_0233" 10365
"../../../Engine/Content/EngineMaterials/Substrate/Glints2/dict_0005_0234.uasset" 10366
"../../../Engine/Content/EngineMaterials/Substrate/Glints2/dict_0005_0246.uasset" 10367
"../../../Engine/Content/EngineMaterials/Substrate/Glints2/dict_0005_0236.uasset" 10368
"../../../Engine/Content/EngineMaterials/Substrate/Glints2/dict_0005_0238.uasset" 10369
"../../../Engine/Content/EngineMaterials/Substrate/Glints2/dict_0005_0239.uasset" 10370
"../../../Engine/Content/EngineMaterials/Substrate/Glints2/dict_0005_0237.uasset" 10371
"../../../Engine/Content/EngineMaterials/Substrate/Glints2/dict_0005_0240.uasset" 10372
"../../../Engine/Content/EngineMaterials/Substrate/Glints2/dict_0005_0235.uasset" 10373
"../../../Engine/Content/EngineMaterials/Substrate/Glints2/dict_0005_0241.uasset" 10374
"../../../Engine/Content/EngineMaterials/Substrate/Glints2/dict_0005_0243.uasset" 10375
"../../../Engine/Content/EngineMaterials/Substrate/Glints2/dict_0005_0245.uasset" 10376
"../../../Engine/Content/EngineMaterials/Substrate/Glints2/dict_0005_0244.uasset" 10377
"../../../Engine/Content/EngineMaterials/Substrate/Glints2/dict_0005_0242.uasset" 10378
"/Engine/EngineMaterials/Substrate/Glints2/dict_0005_0240" 10379
"/Engine/EngineMaterials/Substrate/Glints2/dict_0005_0246" 10380
"/Engine/EngineMaterials/Substrate/Glints2/dict_0005_0235" 10381
"/Engine/EngineMaterials/Substrate/Glints2/dict_0005_0234" 10382
"/Engine/EngineMaterials/Substrate/Glints2/dict_0005_0239" 10383
"/Engine/EngineMaterials/Substrate/Glints2/dict_0005_0238" 10384
"/Engine/EngineMaterials/Substrate/Glints2/dict_0005_0245" 10385
"/Engine/EngineMaterials/Substrate/Glints2/dict_0005_0237" 10386
"/Engine/EngineMaterials/Substrate/Glints2/dict_0005_0244" 10387
"/Engine/EngineMaterials/Substrate/Glints2/dict_0005_0243" 10388
"/Engine/EngineMaterials/Substrate/Glints2/dict_0005_0242" 10389
"/Engine/EngineMaterials/Substrate/Glints2/dict_0005_0241" 10390
"/Engine/EngineMaterials/Substrate/Glints2/dict_0005_0236" 10391
"../../../Engine/Content/EngineMaterials/Substrate/Glints2/dict_0005_0247.uasset" 10392
"../../../Engine/Content/EngineMaterials/Substrate/Glints2/dict_0005_0251.uasset" 10393
"../../../Engine/Content/EngineMaterials/Substrate/Glints2/dict_0005_0254.uasset" 10394
"../../../Engine/Content/EngineMaterials/Substrate/Glints2/dict_0005_0255.uasset" 10395
"../../../Engine/Content/EngineMaterials/Substrate/Glints2/dict_0005_0253.uasset" 10396
"../../../Engine/Content/EngineMaterials/Substrate/Glints2/dict_0005_0249.uasset" 10397
"../../../Engine/Content/EngineMaterials/Substrate/Glints2/dict_0005_0250.uasset" 10398
"../../../Engine/Content/EngineMaterials/Substrate/Glints2/dict_0006_0000.uasset" 10399
"../../../Engine/Content/EngineMaterials/Substrate/Glints2/dict_0006_0001.uasset" 10400
"../../../Engine/Content/EngineMaterials/Substrate/Glints2/dict_0006_0002.uasset" 10401
"../../../Engine/Content/EngineMaterials/Substrate/Glints2/dict_0005_0252.uasset" 10402
"../../../Engine/Content/EngineMaterials/Substrate/Glints2/dict_0005_0248.uasset" 10403
"/Engine/EngineMaterials/Substrate/Glints2/dict_0005_0251" 10404
"/Engine/EngineMaterials/Substrate/Glints2/dict_0005_0250" 10405
"/Engine/EngineMaterials/Substrate/Glints2/dict_0005_0249" 10406
"/Engine/EngineMaterials/Substrate/Glints2/dict_0005_0248" 10407
"/Engine/EngineMaterials/Substrate/Glints2/dict_0005_0247" 10408
"/Engine/EngineMaterials/Substrate/Glints2/dict_0006_0002" 10409
"../../../Engine/Content/EngineMaterials/Substrate/Glints2/dict_0006_0004.uasset" 10410
"/Engine/EngineMaterials/Substrate/Glints2/dict_0006_0001" 10411
"/Engine/EngineMaterials/Substrate/Glints2/dict_0006_0000" 10412
"/Engine/EngineMaterials/Substrate/Glints2/dict_0005_0252" 10413
"/Engine/EngineMaterials/Substrate/Glints2/dict_0005_0255" 10414
"/Engine/EngineMaterials/Substrate/Glints2/dict_0005_0254" 10415
"/Engine/EngineMaterials/Substrate/Glints2/dict_0005_0253" 10416
"/Engine/EngineMaterials/Substrate/Glints2/dict_0006_0004" 10417
"../../../Engine/Content/EngineMaterials/Substrate/Glints2/dict_0006_0003.uasset" 10418
"../../../Engine/Content/EngineMaterials/Substrate/Glints2/dict_0006_0006.uasset" 10419
"../../../Engine/Content/EngineMaterials/Substrate/Glints2/dict_0006_0005.uasset" 10420
"../../../Engine/Content/EngineMaterials/Substrate/Glints2/dict_0006_0012.uasset" 10421
"../../../Engine/Content/EngineMaterials/Substrate/Glints2/dict_0006_0007.uasset" 10422
"../../../Engine/Content/EngineMaterials/Substrate/Glints2/dict_0006_0013.uasset" 10423
"../../../Engine/Content/EngineMaterials/Substrate/Glints2/dict_0006_0008.uasset" 10424
"../../../Engine/Content/EngineMaterials/Substrate/Glints2/dict_0006_0009.uasset" 10425
"/Engine/EngineMaterials/Substrate/Glints2/dict_0006_0008" 10426
"../../../Engine/Content/EngineMaterials/Substrate/Glints2/dict_0006_0011.uasset" 10427
"../../../Engine/Content/EngineMaterials/Substrate/Glints2/dict_0006_0010.uasset" 10428
"../../../Engine/Content/EngineMaterials/Substrate/Glints2/dict_0006_0014.uasset" 10429
"/Engine/EngineMaterials/Substrate/Glints2/dict_0006_0007" 10430
"/Engine/EngineMaterials/Substrate/Glints2/dict_0006_0006" 10431
"../../../Engine/Content/EngineMaterials/Substrate/Glints2/dict_0006_0015.uasset" 10432
"/Engine/EngineMaterials/Substrate/Glints2/dict_0006_0005" 10433
"/Engine/EngineMaterials/Substrate/Glints2/dict_0006_0003" 10434
"/Engine/EngineMaterials/Substrate/Glints2/dict_0006_0013" 10435
"/Engine/EngineMaterials/Substrate/Glints2/dict_0006_0009" 10436
"/Engine/EngineMaterials/Substrate/Glints2/dict_0006_0012" 10437
"/Engine/EngineMaterials/Substrate/Glints2/dict_0006_0015" 10438
"/Engine/EngineMaterials/Substrate/Glints2/dict_0006_0014" 10439
"../../../Engine/Content/EngineMaterials/Substrate/Glints2/dict_0006_0016.uasset" 10440
"/Engine/EngineMaterials/Substrate/Glints2/dict_0006_0011" 10441
"/Engine/EngineMaterials/Substrate/Glints2/dict_0006_0010" 10442
"/Engine/EngineMaterials/Substrate/Glints2/dict_0006_0016" 10443
"../../../Engine/Content/EngineMaterials/Substrate/Glints2/dict_0006_0017.uasset" 10444
"../../../Engine/Content/EngineMaterials/Substrate/Glints2/dict_0006_0018.uasset" 10445
"/Engine/EngineMaterials/Substrate/Glints2/dict_0006_0018" 10446
"../../../Engine/Content/EngineMaterials/Substrate/Glints2/dict_0006_0019.uasset" 10447
"../../../Engine/Content/EngineMaterials/Substrate/Glints2/dict_0006_0024.uasset" 10448
"/Engine/EngineMaterials/Substrate/Glints2/dict_0006_0017" 10449
"../../../Engine/Content/EngineMaterials/Substrate/Glints2/dict_0006_0020.uasset" 10450
"/Engine/EngineMaterials/Substrate/Glints2/dict_0006_0020" 10451
"/Engine/EngineMaterials/Substrate/Glints2/dict_0006_0019" 10452
"/Engine/EngineMaterials/Substrate/Glints2/dict_0006_0024" 10453
"../../../Engine/Content/EngineMaterials/Substrate/Glints2/dict_0006_0029.uasset" 10454
"/Engine/EngineMaterials/Substrate/Glints2/dict_0006_0029" 10455
"../../../Engine/Content/EngineMaterials/Substrate/Glints2/dict_0006_0026.uasset" 10456
"../../../Engine/Content/EngineMaterials/Substrate/Glints2/dict_0006_0022.uasset" 10457
"../../../Engine/Content/EngineMaterials/Substrate/Glints2/dict_0006_0025.uasset" 10458
"../../../Engine/Content/EngineMaterials/Substrate/Glints2/dict_0006_0023.uasset" 10459
"../../../Engine/Content/EngineMaterials/Substrate/Glints2/dict_0006_0028.uasset" 10460
"../../../Engine/Content/EngineMaterials/Substrate/Glints2/dict_0006_0030.uasset" 10461
"../../../Engine/Content/EngineMaterials/Substrate/Glints2/dict_0006_0027.uasset" 10462
"../../../Engine/Content/EngineMaterials/Substrate/Glints2/dict_0006_0021.uasset" 10463
"../../../Engine/Content/EngineMaterials/Substrate/Glints2/dict_0006_0031.uasset" 10464
"/Engine/EngineMaterials/Substrate/Glints2/dict_0006_0031" 10465
"/Engine/EngineMaterials/Substrate/Glints2/dict_0006_0030" 10466
"/Engine/EngineMaterials/Substrate/Glints2/dict_0006_0022" 10467
"/Engine/EngineMaterials/Substrate/Glints2/dict_0006_0021" 10468
"/Engine/EngineMaterials/Substrate/Glints2/dict_0006_0028" 10469
"/Engine/EngineMaterials/Substrate/Glints2/dict_0006_0027" 10470
"/Engine/EngineMaterials/Substrate/Glints2/dict_0006_0026" 10471
"/Engine/EngineMaterials/Substrate/Glints2/dict_0006_0025" 10472
"/Engine/EngineMaterials/Substrate/Glints2/dict_0006_0023" 10473
"../../../Engine/Content/EngineMaterials/Substrate/Glints2/dict_0006_0035.uasset" 10474
"../../../Engine/Content/EngineMaterials/Substrate/Glints2/dict_0006_0036.uasset" 10475
"../../../Engine/Content/EngineMaterials/Substrate/Glints2/dict_0006_0039.uasset" 10476
"../../../Engine/Content/EngineMaterials/Substrate/Glints2/dict_0006_0034.uasset" 10477
"../../../Engine/Content/EngineMaterials/Substrate/Glints2/dict_0006_0032.uasset" 10478
"../../../Engine/Content/EngineMaterials/Substrate/Glints2/dict_0006_0043.uasset" 10479
"../../../Engine/Content/EngineMaterials/Substrate/Glints2/dict_0006_0033.uasset" 10480
"../../../Engine/Content/EngineMaterials/Substrate/Glints2/dict_0006_0041.uasset" 10481
"../../../Engine/Content/EngineMaterials/Substrate/Glints2/dict_0006_0040.uasset" 10482
"../../../Engine/Content/EngineMaterials/Substrate/Glints2/dict_0006_0037.uasset" 10483
"../../../Engine/Content/EngineMaterials/Substrate/Glints2/dict_0006_0038.uasset" 10484
"../../../Engine/Content/EngineMaterials/Substrate/Glints2/dict_0006_0045.uasset" 10485
"../../../Engine/Content/EngineMaterials/Substrate/Glints2/dict_0006_0042.uasset" 10486
"../../../Engine/Content/EngineMaterials/Substrate/Glints2/dict_0006_0044.uasset" 10487
"/Engine/EngineMaterials/Substrate/Glints2/dict_0006_0034" 10488
"/Engine/EngineMaterials/Substrate/Glints2/dict_0006_0043" 10489
"/Engine/EngineMaterials/Substrate/Glints2/dict_0006_0033" 10490
"/Engine/EngineMaterials/Substrate/Glints2/dict_0006_0032" 10491
"/Engine/EngineMaterials/Substrate/Glints2/dict_0006_0042" 10492
"/Engine/EngineMaterials/Substrate/Glints2/dict_0006_0041" 10493
"/Engine/EngineMaterials/Substrate/Glints2/dict_0006_0040" 10494
"/Engine/EngineMaterials/Substrate/Glints2/dict_0006_0035" 10495
"/Engine/EngineMaterials/Substrate/Glints2/dict_0006_0039" 10496
"/Engine/EngineMaterials/Substrate/Glints2/dict_0006_0038" 10497
"/Engine/EngineMaterials/Substrate/Glints2/dict_0006_0037" 10498
"/Engine/EngineMaterials/Substrate/Glints2/dict_0006_0036" 10499
"/Engine/EngineMaterials/Substrate/Glints2/dict_0006_0045" 10500
"/Engine/EngineMaterials/Substrate/Glints2/dict_0006_0044" 10501
"../../../Engine/Content/EngineMaterials/Substrate/Glints2/dict_0006_0048.uasset" 10502
"../../../Engine/Content/EngineMaterials/Substrate/Glints2/dict_0006_0047.uasset" 10503
"../../../Engine/Content/EngineMaterials/Substrate/Glints2/dict_0006_0054.uasset" 10504
"../../../Engine/Content/EngineMaterials/Substrate/Glints2/dict_0006_0052.uasset" 10505
"../../../Engine/Content/EngineMaterials/Substrate/Glints2/dict_0006_0046.uasset" 10506
"../../../Engine/Content/EngineMaterials/Substrate/Glints2/dict_0006_0051.uasset" 10507
"../../../Engine/Content/EngineMaterials/Substrate/Glints2/dict_0006_0050.uasset" 10508
"../../../Engine/Content/EngineMaterials/Substrate/Glints2/dict_0006_0055.uasset" 10509
"../../../Engine/Content/EngineMaterials/Substrate/Glints2/dict_0006_0056.uasset" 10510
"../../../Engine/Content/EngineMaterials/Substrate/Glints2/dict_0006_0049.uasset" 10511
"../../../Engine/Content/EngineMaterials/Substrate/Glints2/dict_0006_0053.uasset" 10512
"/Engine/EngineMaterials/Substrate/Glints2/dict_0006_0054" 10513
"/Engine/EngineMaterials/Substrate/Glints2/dict_0006_0053" 10514
"/Engine/EngineMaterials/Substrate/Glints2/dict_0006_0052" 10515
"../../../Engine/Content/EngineMaterials/Substrate/Glints2/dict_0006_0058.uasset" 10516
"/Engine/EngineMaterials/Substrate/Glints2/dict_0006_0050" 10517
"/Engine/EngineMaterials/Substrate/Glints2/dict_0006_0049" 10518
"/Engine/EngineMaterials/Substrate/Glints2/dict_0006_0048" 10519
"/Engine/EngineMaterials/Substrate/Glints2/dict_0006_0047" 10520
"/Engine/EngineMaterials/Substrate/Glints2/dict_0006_0046" 10521
"/Engine/EngineMaterials/Substrate/Glints2/dict_0006_0056" 10522
"/Engine/EngineMaterials/Substrate/Glints2/dict_0006_0051" 10523
"/Engine/EngineMaterials/Substrate/Glints2/dict_0006_0055" 10524
"../../../Engine/Content/EngineMaterials/Substrate/Glints2/dict_0006_0059.uasset" 10525
"/Engine/EngineMaterials/Substrate/Glints2/dict_0006_0059" 10526
"../../../Engine/Content/EngineMaterials/Substrate/Glints2/dict_0006_0057.uasset" 10527
"/Engine/EngineMaterials/Substrate/Glints2/dict_0006_0058" 10528
"/Engine/EngineMaterials/Substrate/Glints2/dict_0006_0057" 10529
"../../../Engine/Content/EngineMaterials/Substrate/Glints2/dict_0006_0062.uasset" 10530
"../../../Engine/Content/EngineMaterials/Substrate/Glints2/dict_0006_0060.uasset" 10531
"../../../Engine/Content/EngineMaterials/Substrate/Glints2/dict_0006_0061.uasset" 10532
"../../../Engine/Content/EngineMaterials/Substrate/Glints2/dict_0006_0067.uasset" 10533
"../../../Engine/Content/EngineMaterials/Substrate/Glints2/dict_0006_0066.uasset" 10534
"../../../Engine/Content/EngineMaterials/Substrate/Glints2/dict_0006_0065.uasset" 10535
"../../../Engine/Content/EngineMaterials/Substrate/Glints2/dict_0006_0064.uasset" 10536
"../../../Engine/Content/EngineMaterials/Substrate/Glints2/dict_0006_0063.uasset" 10537
"/Engine/EngineMaterials/Substrate/Glints2/dict_0006_0063" 10538
"/Engine/EngineMaterials/Substrate/Glints2/dict_0006_0062" 10539
"/Engine/EngineMaterials/Substrate/Glints2/dict_0006_0061" 10540
"/Engine/EngineMaterials/Substrate/Glints2/dict_0006_0060" 10541
"/Engine/EngineMaterials/Substrate/Glints2/dict_0006_0067" 10542
"../../../Engine/Content/EngineMaterials/Substrate/Glints2/dict_0006_0069.uasset" 10543
"/Engine/EngineMaterials/Substrate/Glints2/dict_0006_0066" 10544
"../../../Engine/Content/EngineMaterials/Substrate/Glints2/dict_0006_0071.uasset" 10545
"/Engine/EngineMaterials/Substrate/Glints2/dict_0006_0065" 10546
"/Engine/EngineMaterials/Substrate/Glints2/dict_0006_0064" 10547
"/Engine/EngineMaterials/Substrate/Glints2/dict_0006_0071" 10548
"../../../Engine/Content/EngineMaterials/Substrate/Glints2/dict_0006_0072.uasset" 10549
"/Engine/EngineMaterials/Substrate/Glints2/dict_0006_0069" 10550
"/Engine/EngineMaterials/Substrate/Glints2/dict_0006_0072" 10551
"../../../Engine/Content/EngineMaterials/Substrate/Glints2/dict_0006_0070.uasset" 10552
"../../../Engine/Content/EngineMaterials/Substrate/Glints2/dict_0006_0073.uasset" 10553
"../../../Engine/Content/EngineMaterials/Substrate/Glints2/dict_0006_0075.uasset" 10554
"../../../Engine/Content/EngineMaterials/Substrate/Glints2/dict_0006_0068.uasset" 10555
"../../../Engine/Content/EngineMaterials/Substrate/Glints2/dict_0006_0076.uasset" 10556
"../../../Engine/Content/EngineMaterials/Substrate/Glints2/dict_0006_0079.uasset" 10557
"../../../Engine/Content/EngineMaterials/Substrate/Glints2/dict_0006_0077.uasset" 10558
"../../../Engine/Content/EngineMaterials/Substrate/Glints2/dict_0006_0078.uasset" 10559
"../../../Engine/Content/EngineMaterials/Substrate/Glints2/dict_0006_0074.uasset" 10560
"../../../Engine/Content/EngineMaterials/Substrate/Glints2/dict_0006_0080.uasset" 10561
"../../../Engine/Content/EngineMaterials/Substrate/Glints2/dict_0006_0081.uasset" 10562
"/Engine/EngineMaterials/Substrate/Glints2/dict_0006_0077" 10563
"/Engine/EngineMaterials/Substrate/Glints2/dict_0006_0076" 10564
"/Engine/EngineMaterials/Substrate/Glints2/dict_0006_0075" 10565
"/Engine/EngineMaterials/Substrate/Glints2/dict_0006_0074" 10566
"/Engine/EngineMaterials/Substrate/Glints2/dict_0006_0073" 10567
"/Engine/EngineMaterials/Substrate/Glints2/dict_0006_0070" 10568
"/Engine/EngineMaterials/Substrate/Glints2/dict_0006_0081" 10569
"../../../Engine/Content/EngineMaterials/Substrate/Glints2/dict_0006_0082.uasset" 10570
"/Engine/EngineMaterials/Substrate/Glints2/dict_0006_0068" 10571
"/Engine/EngineMaterials/Substrate/Glints2/dict_0006_0080" 10572
"../../../Engine/Content/EngineMaterials/Substrate/Glints2/dict_0006_0083.uasset" 10573
"../../../Engine/Content/EngineMaterials/Substrate/Glints2/dict_0006_0084.uasset" 10574
"/Engine/EngineMaterials/Substrate/Glints2/dict_0006_0079" 10575
"/Engine/EngineMaterials/Substrate/Glints2/dict_0006_0078" 10576
"/Engine/EngineMaterials/Substrate/Glints2/dict_0006_0084" 10577
"/Engine/EngineMaterials/Substrate/Glints2/dict_0006_0083" 10578
"../../../Engine/Content/EngineMaterials/Substrate/Glints2/dict_0006_0087.uasset" 10579
"/Engine/EngineMaterials/Substrate/Glints2/dict_0006_0082" 10580
"/Engine/EngineMaterials/Substrate/Glints2/dict_0006_0087" 10581
"../../../Engine/Content/EngineMaterials/Substrate/Glints2/dict_0006_0086.uasset" 10582
"../../../Engine/Content/EngineMaterials/Substrate/Glints2/dict_0006_0088.uasset" 10583
"../../../Engine/Content/EngineMaterials/Substrate/Glints2/dict_0006_0089.uasset" 10584
"../../../Engine/Content/EngineMaterials/Substrate/Glints2/dict_0006_0090.uasset" 10585
"../../../Engine/Content/EngineMaterials/Substrate/Glints2/dict_0006_0091.uasset" 10586
"../../../Engine/Content/EngineMaterials/Substrate/Glints2/dict_0006_0093.uasset" 10587
"../../../Engine/Content/EngineMaterials/Substrate/Glints2/dict_0006_0092.uasset" 10588
"../../../Engine/Content/EngineMaterials/Substrate/Glints2/dict_0006_0085.uasset" 10589
"../../../Engine/Content/EngineMaterials/Substrate/Glints2/dict_0006_0095.uasset" 10590
"/Engine/EngineMaterials/Substrate/Glints2/dict_0006_0088" 10591
"/Engine/EngineMaterials/Substrate/Glints2/dict_0006_0090" 10592
"/Engine/EngineMaterials/Substrate/Glints2/dict_0006_0086" 10593
"/Engine/EngineMaterials/Substrate/Glints2/dict_0006_0089" 10594
"../../../Engine/Content/EngineMaterials/Substrate/Glints2/dict_0006_0097.uasset" 10595
"/Engine/EngineMaterials/Substrate/Glints2/dict_0006_0085" 10596
"../../../Engine/Content/EngineMaterials/Substrate/Glints2/dict_0006_0099.uasset" 10597
"/Engine/EngineMaterials/Substrate/Glints2/dict_0006_0091" 10598
"/Engine/EngineMaterials/Substrate/Glints2/dict_0006_0095" 10599
"/Engine/EngineMaterials/Substrate/Glints2/dict_0006_0093" 10600
"../../../Engine/Content/EngineMaterials/Substrate/Glints2/dict_0006_0094.uasset" 10601
"/Engine/EngineMaterials/Substrate/Glints2/dict_0006_0092" 10602
"/Engine/EngineMaterials/Substrate/Glints2/dict_0006_0099" 10603
"/Engine/EngineMaterials/Substrate/Glints2/dict_0006_0097" 10604
"../../../Engine/Content/EngineMaterials/Substrate/Glints2/dict_0006_0102.uasset" 10605
"/Engine/EngineMaterials/Substrate/Glints2/dict_0006_0094" 10606
"../../../Engine/Content/EngineMaterials/Substrate/Glints2/dict_0006_0104.uasset" 10607
"/Engine/EngineMaterials/Substrate/Glints2/dict_0006_0102" 10608
"../../../Engine/Content/EngineMaterials/Substrate/Glints2/dict_0006_0096.uasset" 10609
"/Engine/EngineMaterials/Substrate/Glints2/dict_0006_0104" 10610
"../../../Engine/Content/EngineMaterials/Substrate/Glints2/dict_0006_0101.uasset" 10611
"../../../Engine/Content/EngineMaterials/Substrate/Glints2/dict_0006_0103.uasset" 10612
"../../../Engine/Content/EngineMaterials/Substrate/Glints2/dict_0006_0105.uasset" 10613
"../../../Engine/Content/EngineMaterials/Substrate/Glints2/dict_0006_0100.uasset" 10614
"/Engine/EngineMaterials/Substrate/Glints2/dict_0006_0101" 10615
"/Engine/EngineMaterials/Substrate/Glints2/dict_0006_0100" 10616
"/Engine/EngineMaterials/Substrate/Glints2/dict_0006_0096" 10617
"/Engine/EngineMaterials/Substrate/Glints2/dict_0006_0105" 10618
"/Engine/EngineMaterials/Substrate/Glints2/dict_0006_0103" 10619
"../../../Engine/Content/EngineMaterials/Substrate/Glints2/dict_0006_0098.uasset" 10620
"../../../Engine/Content/EngineMaterials/Substrate/Glints2/dict_0006_0107.uasset" 10621
"../../../Engine/Content/EngineMaterials/Substrate/Glints2/dict_0006_0106.uasset" 10622
"../../../Engine/Content/EngineMaterials/Substrate/Glints2/dict_0006_0109.uasset" 10623
"../../../Engine/Content/EngineMaterials/Substrate/Glints2/dict_0006_0110.uasset" 10624
"/Engine/EngineMaterials/Substrate/Glints2/dict_0006_0110" 10625
"/Engine/EngineMaterials/Substrate/Glints2/dict_0006_0109" 10626
"../../../Engine/Content/EngineMaterials/Substrate/Glints2/dict_0006_0111.uasset" 10627
"../../../Engine/Content/EngineMaterials/Substrate/Glints2/dict_0006_0108.uasset" 10628
"/Engine/EngineMaterials/Substrate/Glints2/dict_0006_0098" 10629
"../../../Engine/Content/EngineMaterials/Substrate/Glints2/dict_0006_0112.uasset" 10630
"../../../Engine/Content/EngineMaterials/Substrate/Glints2/dict_0006_0113.uasset" 10631
"/Engine/EngineMaterials/Substrate/Glints2/dict_0006_0107" 10632
"/Engine/EngineMaterials/Substrate/Glints2/dict_0006_0106" 10633
"../../../Engine/Content/EngineMaterials/Substrate/Glints2/dict_0006_0115.uasset" 10634
"/Engine/EngineMaterials/Substrate/Glints2/dict_0006_0113" 10635
"/Engine/EngineMaterials/Substrate/Glints2/dict_0006_0112" 10636
"/Engine/EngineMaterials/Substrate/Glints2/dict_0006_0111" 10637
"/Engine/EngineMaterials/Substrate/Glints2/dict_0006_0108" 10638
"/Engine/EngineMaterials/Substrate/Glints2/dict_0006_0115" 10639
"../../../Engine/Content/EngineMaterials/Substrate/Glints2/dict_0006_0119.uasset" 10640
"../../../Engine/Content/EngineMaterials/Substrate/Glints2/dict_0006_0118.uasset" 10641
"../../../Engine/Content/EngineMaterials/Substrate/Glints2/dict_0006_0116.uasset" 10642
"../../../Engine/Content/EngineMaterials/Substrate/Glints2/dict_0006_0117.uasset" 10643
"../../../Engine/Content/EngineMaterials/Substrate/Glints2/dict_0006_0114.uasset" 10644
"../../../Engine/Content/EngineMaterials/Substrate/Glints2/dict_0006_0120.uasset" 10645
"../../../Engine/Content/EngineMaterials/Substrate/Glints2/dict_0006_0121.uasset" 10646
"/Engine/EngineMaterials/Substrate/Glints2/dict_0006_0117" 10647
"/Engine/EngineMaterials/Substrate/Glints2/dict_0006_0116" 10648
"../../../Engine/Content/EngineMaterials/Substrate/Glints2/dict_0006_0124.uasset" 10649
"/Engine/EngineMaterials/Substrate/Glints2/dict_0006_0121" 10650
"../../../Engine/Content/EngineMaterials/Substrate/Glints2/dict_0006_0123.uasset" 10651
"/Engine/EngineMaterials/Substrate/Glints2/dict_0006_0114" 10652
"/Engine/EngineMaterials/Substrate/Glints2/dict_0006_0120" 10653
"../../../Engine/Content/EngineMaterials/Substrate/Glints2/dict_0006_0122.uasset" 10654
"../../../Engine/Content/EngineMaterials/Substrate/Glints2/dict_0006_0126.uasset" 10655
"/Engine/EngineMaterials/Substrate/Glints2/dict_0006_0119" 10656
"../../../Engine/Content/EngineMaterials/Substrate/Glints2/dict_0006_0127.uasset" 10657
"/Engine/EngineMaterials/Substrate/Glints2/dict_0006_0118" 10658
"/Engine/EngineMaterials/Substrate/Glints2/dict_0006_0126" 10659
"/Engine/EngineMaterials/Substrate/Glints2/dict_0006_0124" 10660
"/Engine/EngineMaterials/Substrate/Glints2/dict_0006_0123" 10661
"/Engine/EngineMaterials/Substrate/Glints2/dict_0006_0122" 10662
"/Engine/EngineMaterials/Substrate/Glints2/dict_0006_0127" 10663
"../../../Engine/Content/EngineMaterials/Substrate/Glints2/dict_0006_0125.uasset" 10664
"../../../Engine/Content/EngineMaterials/Substrate/Glints2/dict_0006_0132.uasset" 10665
"../../../Engine/Content/EngineMaterials/Substrate/Glints2/dict_0006_0131.uasset" 10666
"../../../Engine/Content/EngineMaterials/Substrate/Glints2/dict_0006_0130.uasset" 10667
"../../../Engine/Content/EngineMaterials/Substrate/Glints2/dict_0006_0128.uasset" 10668
"../../../Engine/Content/EngineMaterials/Substrate/Glints2/dict_0006_0129.uasset" 10669
"../../../Engine/Content/EngineMaterials/Substrate/Glints2/dict_0006_0133.uasset" 10670
"../../../Engine/Content/EngineMaterials/Substrate/Glints2/dict_0006_0134.uasset" 10671
"/Engine/EngineMaterials/Substrate/Glints2/dict_0006_0129" 10672
"/Engine/EngineMaterials/Substrate/Glints2/dict_0006_0128" 10673
"/Engine/EngineMaterials/Substrate/Glints2/dict_0006_0131" 10674
"/Engine/EngineMaterials/Substrate/Glints2/dict_0006_0134" 10675
"/Engine/EngineMaterials/Substrate/Glints2/dict_0006_0125" 10676
"/Engine/EngineMaterials/Substrate/Glints2/dict_0006_0133" 10677
"/Engine/EngineMaterials/Substrate/Glints2/dict_0006_0130" 10678
"../../../Engine/Content/EngineMaterials/Substrate/Glints2/dict_0006_0135.uasset" 10679
"/Engine/EngineMaterials/Substrate/Glints2/dict_0006_0132" 10680
"/Engine/EngineMaterials/Substrate/Glints2/dict_0006_0135" 10681
"../../../Engine/Content/EngineMaterials/Substrate/Glints2/dict_0006_0137.uasset" 10682
"/Engine/EngineMaterials/Substrate/Glints2/dict_0006_0137" 10683
"../../../Engine/Content/EngineMaterials/Substrate/Glints2/dict_0006_0140.uasset" 10684
"../../../Engine/Content/EngineMaterials/Substrate/Glints2/dict_0006_0138.uasset" 10685
"../../../Engine/Content/EngineMaterials/Substrate/Glints2/dict_0006_0139.uasset" 10686
"../../../Engine/Content/EngineMaterials/Substrate/Glints2/dict_0006_0141.uasset" 10687
"../../../Engine/Content/EngineMaterials/Substrate/Glints2/dict_0006_0136.uasset" 10688
"../../../Engine/Content/EngineMaterials/Substrate/Glints2/dict_0006_0142.uasset" 10689
"../../../Engine/Content/EngineMaterials/Substrate/Glints2/dict_0006_0143.uasset" 10690
"../../../Engine/Content/EngineMaterials/Substrate/Glints2/dict_0006_0144.uasset" 10691
"../../../Engine/Content/EngineMaterials/Substrate/Glints2/dict_0006_0145.uasset" 10692
"../../../Engine/Content/EngineMaterials/Substrate/Glints2/dict_0006_0146.uasset" 10693
"/Engine/EngineMaterials/Substrate/Glints2/dict_0006_0145" 10694
"/Engine/EngineMaterials/Substrate/Glints2/dict_0006_0144" 10695
"/Engine/EngineMaterials/Substrate/Glints2/dict_0006_0143" 10696
"../../../Engine/Content/EngineMaterials/Substrate/Glints2/dict_0006_0147.uasset" 10697
"/Engine/EngineMaterials/Substrate/Glints2/dict_0006_0141" 10698
"/Engine/EngineMaterials/Substrate/Glints2/dict_0006_0140" 10699
"/Engine/EngineMaterials/Substrate/Glints2/dict_0006_0139" 10700
"/Engine/EngineMaterials/Substrate/Glints2/dict_0006_0136" 10701
"/Engine/EngineMaterials/Substrate/Glints2/dict_0006_0142" 10702
"/Engine/EngineMaterials/Substrate/Glints2/dict_0006_0146" 10703
"/Engine/EngineMaterials/Substrate/Glints2/dict_0006_0138" 10704
"/Engine/EngineMaterials/Substrate/Glints2/dict_0006_0147" 10705
"../../../Engine/Content/EngineMaterials/Substrate/Glints2/dict_0006_0148.uasset" 10706
"../../../Engine/Content/EngineMaterials/Substrate/Glints2/dict_0006_0151.uasset" 10707
"../../../Engine/Content/EngineMaterials/Substrate/Glints2/dict_0006_0149.uasset" 10708
"../../../Engine/Content/EngineMaterials/Substrate/Glints2/dict_0006_0155.uasset" 10709
"../../../Engine/Content/EngineMaterials/Substrate/Glints2/dict_0006_0153.uasset" 10710
"../../../Engine/Content/EngineMaterials/Substrate/Glints2/dict_0006_0150.uasset" 10711
"../../../Engine/Content/EngineMaterials/Substrate/Glints2/dict_0006_0154.uasset" 10712
"../../../Engine/Content/EngineMaterials/Substrate/Glints2/dict_0006_0152.uasset" 10713
"../../../Engine/Content/EngineMaterials/Substrate/Glints2/dict_0006_0157.uasset" 10714
"../../../Engine/Content/EngineMaterials/Substrate/Glints2/dict_0006_0158.uasset" 10715
"../../../Engine/Content/EngineMaterials/Substrate/Glints2/dict_0006_0156.uasset" 10716
"../../../Engine/Content/EngineMaterials/Substrate/Glints2/dict_0006_0159.uasset" 10717
"../../../Engine/Content/EngineMaterials/Substrate/Glints2/dict_0006_0160.uasset" 10718
"/Engine/EngineMaterials/Substrate/Glints2/dict_0006_0158" 10719
"/Engine/EngineMaterials/Substrate/Glints2/dict_0006_0153" 10720
"/Engine/EngineMaterials/Substrate/Glints2/dict_0006_0157" 10721
"/Engine/EngineMaterials/Substrate/Glints2/dict_0006_0156" 10722
"/Engine/EngineMaterials/Substrate/Glints2/dict_0006_0155" 10723
"/Engine/EngineMaterials/Substrate/Glints2/dict_0006_0152" 10724
"/Engine/EngineMaterials/Substrate/Glints2/dict_0006_0151" 10725
"/Engine/EngineMaterials/Substrate/Glints2/dict_0006_0150" 10726
"/Engine/EngineMaterials/Substrate/Glints2/dict_0006_0149" 10727
"/Engine/EngineMaterials/Substrate/Glints2/dict_0006_0160" 10728
"/Engine/EngineMaterials/Substrate/Glints2/dict_0006_0159" 10729
"/Engine/EngineMaterials/Substrate/Glints2/dict_0006_0154" 10730
"/Engine/EngineMaterials/Substrate/Glints2/dict_0006_0148" 10731
"../../../Engine/Content/EngineMaterials/Substrate/Glints2/dict_0006_0164.uasset" 10732
"../../../Engine/Content/EngineMaterials/Substrate/Glints2/dict_0006_0163.uasset" 10733
"../../../Engine/Content/EngineMaterials/Substrate/Glints2/dict_0006_0161.uasset" 10734
"../../../Engine/Content/EngineMaterials/Substrate/Glints2/dict_0006_0165.uasset" 10735
"../../../Engine/Content/EngineMaterials/Substrate/Glints2/dict_0006_0168.uasset" 10736
"../../../Engine/Content/EngineMaterials/Substrate/Glints2/dict_0006_0167.uasset" 10737
"../../../Engine/Content/EngineMaterials/Substrate/Glints2/dict_0006_0170.uasset" 10738
"../../../Engine/Content/EngineMaterials/Substrate/Glints2/dict_0006_0169.uasset" 10739
"../../../Engine/Content/EngineMaterials/Substrate/Glints2/dict_0006_0173.uasset" 10740
"../../../Engine/Content/EngineMaterials/Substrate/Glints2/dict_0006_0171.uasset" 10741
"../../../Engine/Content/EngineMaterials/Substrate/Glints2/dict_0006_0172.uasset" 10742
"../../../Engine/Content/EngineMaterials/Substrate/Glints2/dict_0006_0166.uasset" 10743
"../../../Engine/Content/EngineMaterials/Substrate/Glints2/dict_0006_0162.uasset" 10744
"../../../Engine/Content/EngineMaterials/Substrate/Glints2/dict_0006_0174.uasset" 10745
"../../../Engine/Content/EngineMaterials/Substrate/Glints2/dict_0006_0175.uasset" 10746
"../../../Engine/Content/EngineMaterials/Substrate/Glints2/dict_0006_0185.uasset" 10747
"../../../Engine/Content/EngineMaterials/Substrate/Glints2/dict_0006_0176.uasset" 10748
"../../../Engine/Content/EngineMaterials/Substrate/Glints2/dict_0006_0179.uasset" 10749
"../../../Engine/Content/EngineMaterials/Substrate/Glints2/dict_0006_0177.uasset" 10750
"../../../Engine/Content/EngineMaterials/Substrate/Glints2/dict_0006_0186.uasset" 10751
"../../../Engine/Content/EngineMaterials/Substrate/Glints2/dict_0006_0184.uasset" 10752
"../../../Engine/Content/EngineMaterials/Substrate/Glints2/dict_0006_0178.uasset" 10753
"../../../Engine/Content/EngineMaterials/Substrate/Glints2/dict_0006_0181.uasset" 10754
"../../../Engine/Content/EngineMaterials/Substrate/Glints2/dict_0006_0183.uasset" 10755
"../../../Engine/Content/EngineMaterials/Substrate/Glints2/dict_0006_0187.uasset" 10756
"../../../Engine/Content/EngineMaterials/Substrate/Glints2/dict_0006_0182.uasset" 10757
"../../../Engine/Content/EngineMaterials/Substrate/Glints2/dict_0006_0180.uasset" 10758
"../../../Engine/Content/EngineMaterials/Substrate/Glints2/dict_0006_0188.uasset" 10759
"../../../Engine/Content/EngineMaterials/Substrate/Glints2/dict_0006_0191.uasset" 10760
"../../../Engine/Content/EngineMaterials/Substrate/Glints2/dict_0006_0190.uasset" 10761
"../../../Engine/Content/EngineMaterials/Substrate/Glints2/dict_0006_0189.uasset" 10762
"../../../Engine/Content/EngineMaterials/Substrate/Glints2/dict_0006_0192.uasset" 10763
"/Engine/EngineMaterials/Substrate/Glints2/dict_0006_0178" 10764
"/Engine/EngineMaterials/Substrate/Glints2/dict_0006_0177" 10765
"/Engine/EngineMaterials/Substrate/Glints2/dict_0006_0176" 10766
"/Engine/EngineMaterials/Substrate/Glints2/dict_0006_0175" 10767
"/Engine/EngineMaterials/Substrate/Glints2/dict_0006_0174" 10768
"/Engine/EngineMaterials/Substrate/Glints2/dict_0006_0166" 10769
"/Engine/EngineMaterials/Substrate/Glints2/dict_0006_0173" 10770
"/Engine/EngineMaterials/Substrate/Glints2/dict_0006_0165" 10771
"/Engine/EngineMaterials/Substrate/Glints2/dict_0006_0164" 10772
"/Engine/EngineMaterials/Substrate/Glints2/dict_0006_0172" 10773
"/Engine/EngineMaterials/Substrate/Glints2/dict_0006_0171" 10774
"/Engine/EngineMaterials/Substrate/Glints2/dict_0006_0167" 10775
"/Engine/EngineMaterials/Substrate/Glints2/dict_0006_0163" 10776
"/Engine/EngineMaterials/Substrate/Glints2/dict_0006_0192" 10777
"/Engine/EngineMaterials/Substrate/Glints2/dict_0006_0162" 10778
"/Engine/EngineMaterials/Substrate/Glints2/dict_0006_0191" 10779
"/Engine/EngineMaterials/Substrate/Glints2/dict_0006_0190" 10780
"/Engine/EngineMaterials/Substrate/Glints2/dict_0006_0189" 10781
"/Engine/EngineMaterials/Substrate/Glints2/dict_0006_0188" 10782
"/Engine/EngineMaterials/Substrate/Glints2/dict_0006_0187" 10783
"/Engine/EngineMaterials/Substrate/Glints2/dict_0006_0186" 10784
"/Engine/EngineMaterials/Substrate/Glints2/dict_0006_0170" 10785
"/Engine/EngineMaterials/Substrate/Glints2/dict_0006_0185" 10786
"/Engine/EngineMaterials/Substrate/Glints2/dict_0006_0169" 10787
"/Engine/EngineMaterials/Substrate/Glints2/dict_0006_0168" 10788
"/Engine/EngineMaterials/Substrate/Glints2/dict_0006_0161" 10789
"/Engine/EngineMaterials/Substrate/Glints2/dict_0006_0184" 10790
"/Engine/EngineMaterials/Substrate/Glints2/dict_0006_0183" 10791
"/Engine/EngineMaterials/Substrate/Glints2/dict_0006_0182" 10792
"/Engine/EngineMaterials/Substrate/Glints2/dict_0006_0181" 10793
"/Engine/EngineMaterials/Substrate/Glints2/dict_0006_0180" 10794
"/Engine/EngineMaterials/Substrate/Glints2/dict_0006_0179" 10795
"../../../Engine/Content/EngineMaterials/Substrate/Glints2/dict_0006_0194.uasset" 10796
"/Engine/EngineMaterials/Substrate/Glints2/dict_0006_0194" 10797
"../../../Engine/Content/EngineMaterials/Substrate/Glints2/dict_0006_0198.uasset" 10798
"../../../Engine/Content/EngineMaterials/Substrate/Glints2/dict_0006_0196.uasset" 10799
"../../../Engine/Content/EngineMaterials/Substrate/Glints2/dict_0006_0197.uasset" 10800
"/Engine/EngineMaterials/Substrate/Glints2/dict_0006_0198" 10801
"/Engine/EngineMaterials/Substrate/Glints2/dict_0006_0196" 10802
"../../../Engine/Content/EngineMaterials/Substrate/Glints2/dict_0006_0195.uasset" 10803
"/Engine/EngineMaterials/Substrate/Glints2/dict_0006_0197" 10804
"/Engine/EngineMaterials/Substrate/Glints2/dict_0006_0195" 10805
"../../../Engine/Content/EngineMaterials/Substrate/Glints2/dict_0006_0193.uasset" 10806
"/Engine/EngineMaterials/Substrate/Glints2/dict_0006_0193" 10807
"../../../Engine/Content/EngineMaterials/Substrate/Glints2/dict_0006_0203.uasset" 10808
"../../../Engine/Content/EngineMaterials/Substrate/Glints2/dict_0006_0201.uasset" 10809
"../../../Engine/Content/EngineMaterials/Substrate/Glints2/dict_0006_0202.uasset" 10810
"../../../Engine/Content/EngineMaterials/Substrate/Glints2/dict_0006_0199.uasset" 10811
"../../../Engine/Content/EngineMaterials/Substrate/Glints2/dict_0006_0204.uasset" 10812
"../../../Engine/Content/EngineMaterials/Substrate/Glints2/dict_0006_0205.uasset" 10813
"../../../Engine/Content/EngineMaterials/Substrate/Glints2/dict_0006_0207.uasset" 10814
"../../../Engine/Content/EngineMaterials/Substrate/Glints2/dict_0006_0209.uasset" 10815
"../../../Engine/Content/EngineMaterials/Substrate/Glints2/dict_0006_0212.uasset" 10816
"../../../Engine/Content/EngineMaterials/Substrate/Glints2/dict_0006_0200.uasset" 10817
"../../../Engine/Content/EngineMaterials/Substrate/Glints2/dict_0006_0210.uasset" 10818
"../../../Engine/Content/EngineMaterials/Substrate/Glints2/dict_0006_0206.uasset" 10819
"../../../Engine/Content/EngineMaterials/Substrate/Glints2/dict_0006_0211.uasset" 10820
"../../../Engine/Content/EngineMaterials/Substrate/Glints2/dict_0006_0213.uasset" 10821
"../../../Engine/Content/EngineMaterials/Substrate/Glints2/dict_0006_0208.uasset" 10822
"../../../Engine/Content/EngineMaterials/Substrate/Glints2/dict_0006_0214.uasset" 10823
"../../../Engine/Content/EngineMaterials/Substrate/Glints2/dict_0006_0218.uasset" 10824
"../../../Engine/Content/EngineMaterials/Substrate/Glints2/dict_0006_0216.uasset" 10825
"../../../Engine/Content/EngineMaterials/Substrate/Glints2/dict_0006_0217.uasset" 10826
"../../../Engine/Content/EngineMaterials/Substrate/Glints2/dict_0006_0223.uasset" 10827
"../../../Engine/Content/EngineMaterials/Substrate/Glints2/dict_0006_0221.uasset" 10828
"../../../Engine/Content/EngineMaterials/Substrate/Glints2/dict_0006_0215.uasset" 10829
"../../../Engine/Content/EngineMaterials/Substrate/Glints2/dict_0006_0220.uasset" 10830
"../../../Engine/Content/EngineMaterials/Substrate/Glints2/dict_0006_0224.uasset" 10831
"../../../Engine/Content/EngineMaterials/Substrate/Glints2/dict_0006_0219.uasset" 10832
"../../../Engine/Content/EngineMaterials/Substrate/Glints2/dict_0006_0222.uasset" 10833
"../../../Engine/Content/EngineMaterials/Substrate/Glints2/dict_0006_0226.uasset" 10834
"../../../Engine/Content/EngineMaterials/Substrate/Glints2/dict_0006_0225.uasset" 10835
"../../../Engine/Content/EngineMaterials/Substrate/Glints2/dict_0006_0227.uasset" 10836
"../../../Engine/Content/EngineMaterials/Substrate/Glints2/dict_0006_0230.uasset" 10837
"../../../Engine/Content/EngineMaterials/Substrate/Glints2/dict_0006_0229.uasset" 10838
"../../../Engine/Content/EngineMaterials/Substrate/Glints2/dict_0006_0228.uasset" 10839
"/Engine/EngineMaterials/Substrate/Glints2/dict_0006_0224" 10840
"/Engine/EngineMaterials/Substrate/Glints2/dict_0006_0223" 10841
"/Engine/EngineMaterials/Substrate/Glints2/dict_0006_0222" 10842
"/Engine/EngineMaterials/Substrate/Glints2/dict_0006_0221" 10843
"/Engine/EngineMaterials/Substrate/Glints2/dict_0006_0220" 10844
"/Engine/EngineMaterials/Substrate/Glints2/dict_0006_0219" 10845
"/Engine/EngineMaterials/Substrate/Glints2/dict_0006_0218" 10846
"/Engine/EngineMaterials/Substrate/Glints2/dict_0006_0217" 10847
"/Engine/EngineMaterials/Substrate/Glints2/dict_0006_0216" 10848
"/Engine/EngineMaterials/Substrate/Glints2/dict_0006_0215" 10849
"/Engine/EngineMaterials/Substrate/Glints2/dict_0006_0214" 10850
"/Engine/EngineMaterials/Substrate/Glints2/dict_0006_0213" 10851
"/Engine/EngineMaterials/Substrate/Glints2/dict_0006_0212" 10852
"/Engine/EngineMaterials/Substrate/Glints2/dict_0006_0211" 10853
"/Engine/EngineMaterials/Substrate/Glints2/dict_0006_0210" 10854
"/Engine/EngineMaterials/Substrate/Glints2/dict_0006_0209" 10855
"/Engine/EngineMaterials/Substrate/Glints2/dict_0006_0208" 10856
"/Engine/EngineMaterials/Substrate/Glints2/dict_0006_0207" 10857
"/Engine/EngineMaterials/Substrate/Glints2/dict_0006_0206" 10858
"/Engine/EngineMaterials/Substrate/Glints2/dict_0006_0205" 10859
"/Engine/EngineMaterials/Substrate/Glints2/dict_0006_0204" 10860
"/Engine/EngineMaterials/Substrate/Glints2/dict_0006_0203" 10861
"/Engine/EngineMaterials/Substrate/Glints2/dict_0006_0202" 10862
"/Engine/EngineMaterials/Substrate/Glints2/dict_0006_0201" 10863
"/Engine/EngineMaterials/Substrate/Glints2/dict_0006_0200" 10864
"/Engine/EngineMaterials/Substrate/Glints2/dict_0006_0199" 10865
"/Engine/EngineMaterials/Substrate/Glints2/dict_0006_0227" 10866
"/Engine/EngineMaterials/Substrate/Glints2/dict_0006_0229" 10867
"/Engine/EngineMaterials/Substrate/Glints2/dict_0006_0226" 10868
"/Engine/EngineMaterials/Substrate/Glints2/dict_0006_0228" 10869
"/Engine/EngineMaterials/Substrate/Glints2/dict_0006_0225" 10870
"/Engine/EngineMaterials/Substrate/Glints2/dict_0006_0230" 10871
"../../../Engine/Content/EngineMaterials/Substrate/Glints2/dict_0006_0232.uasset" 10872
"../../../Engine/Content/EngineMaterials/Substrate/Glints2/dict_0006_0233.uasset" 10873
"/Engine/EngineMaterials/Substrate/Glints2/dict_0006_0233" 10874
"../../../Engine/Content/EngineMaterials/Substrate/Glints2/dict_0006_0235.uasset" 10875
"/Engine/EngineMaterials/Substrate/Glints2/dict_0006_0232" 10876
"/Engine/EngineMaterials/Substrate/Glints2/dict_0006_0235" 10877
"../../../Engine/Content/EngineMaterials/Substrate/Glints2/dict_0006_0231.uasset" 10878
"/Engine/EngineMaterials/Substrate/Glints2/dict_0006_0231" 10879
"../../../Engine/Content/EngineMaterials/Substrate/Glints2/dict_0006_0234.uasset" 10880
"/Engine/EngineMaterials/Substrate/Glints2/dict_0006_0234" 10881
"../../../Engine/Content/EngineMaterials/Substrate/Glints2/dict_0006_0237.uasset" 10882
"../../../Engine/Content/EngineMaterials/Substrate/Glints2/dict_0006_0236.uasset" 10883
"/Engine/EngineMaterials/Substrate/Glints2/dict_0006_0237" 10884
"/Engine/EngineMaterials/Substrate/Glints2/dict_0006_0236" 10885
"../../../Engine/Content/EngineMaterials/Substrate/Glints2/dict_0006_0238.uasset" 10886
"/Engine/EngineMaterials/Substrate/Glints2/dict_0006_0238" 10887
"../../../Engine/Content/EngineMaterials/Substrate/Glints2/dict_0006_0240.uasset" 10888
"../../../Engine/Content/EngineMaterials/Substrate/Glints2/dict_0006_0239.uasset" 10889
"../../../Engine/Content/EngineMaterials/Substrate/Glints2/dict_0006_0241.uasset" 10890
"../../../Engine/Content/EngineMaterials/Substrate/Glints2/dict_0006_0242.uasset" 10891
"../../../Engine/Content/EngineMaterials/Substrate/Glints2/dict_0006_0243.uasset" 10892
"../../../Engine/Content/EngineMaterials/Substrate/Glints2/dict_0006_0245.uasset" 10893
"/Engine/EngineMaterials/Substrate/Glints2/dict_0006_0245" 10894
"../../../Engine/Content/EngineMaterials/Substrate/Glints2/dict_0006_0244.uasset" 10895
"/Engine/EngineMaterials/Substrate/Glints2/dict_0006_0243" 10896
"/Engine/EngineMaterials/Substrate/Glints2/dict_0006_0242" 10897
"/Engine/EngineMaterials/Substrate/Glints2/dict_0006_0241" 10898
"/Engine/EngineMaterials/Substrate/Glints2/dict_0006_0240" 10899
"/Engine/EngineMaterials/Substrate/Glints2/dict_0006_0239" 10900
"/Engine/EngineMaterials/Substrate/Glints2/dict_0006_0244" 10901
"../../../Engine/Content/EngineMaterials/Substrate/Glints2/dict_0006_0247.uasset" 10902
"../../../Engine/Content/EngineMaterials/Substrate/Glints2/dict_0006_0246.uasset" 10903
"/Engine/EngineMaterials/Substrate/Glints2/dict_0006_0247" 10904
"../../../Engine/Content/EngineMaterials/Substrate/Glints2/dict_0006_0249.uasset" 10905
"/Engine/EngineMaterials/Substrate/Glints2/dict_0006_0246" 10906
"../../../Engine/Content/EngineMaterials/Substrate/Glints2/dict_0006_0248.uasset" 10907
"/Engine/EngineMaterials/Substrate/Glints2/dict_0006_0249" 10908
"/Engine/EngineMaterials/Substrate/Glints2/dict_0006_0248" 10909
"../../../Engine/Content/EngineMaterials/Substrate/Glints2/dict_0006_0251.uasset" 10910
"../../../Engine/Content/EngineMaterials/Substrate/Glints2/dict_0006_0253.uasset" 10911
"/Engine/EngineMaterials/Substrate/Glints2/dict_0006_0253" 10912
"/Engine/EngineMaterials/Substrate/Glints2/dict_0006_0251" 10913
"../../../Engine/Content/EngineMaterials/Substrate/Glints2/dict_0006_0255.uasset" 10914
"../../../Engine/Content/EngineMaterials/Substrate/Glints2/dict_0007_0000.uasset" 10915
"../../../Engine/Content/EngineMaterials/Substrate/Glints2/dict_0006_0252.uasset" 10916
"../../../Engine/Content/EngineMaterials/Substrate/Glints2/dict_0007_0003.uasset" 10917
"../../../Engine/Content/EngineMaterials/Substrate/Glints2/dict_0006_0250.uasset" 10918
"/Engine/EngineMaterials/Substrate/Glints2/dict_0007_0003" 10919
"../../../Engine/Content/EngineMaterials/Substrate/Glints2/dict_0007_0005.uasset" 10920
"/Engine/EngineMaterials/Substrate/Glints2/dict_0007_0000" 10921
"/Engine/EngineMaterials/Substrate/Glints2/dict_0006_0255" 10922
"/Engine/EngineMaterials/Substrate/Glints2/dict_0006_0252" 10923
"/Engine/EngineMaterials/Substrate/Glints2/dict_0006_0250" 10924
"/Engine/EngineMaterials/Substrate/Glints2/dict_0007_0005" 10925
"../../../Engine/Content/EngineMaterials/Substrate/Glints2/dict_0007_0004.uasset" 10926
"../../../Engine/Content/EngineMaterials/Substrate/Glints2/dict_0007_0002.uasset" 10927
"../../../Engine/Content/EngineMaterials/Substrate/Glints2/dict_0007_0001.uasset" 10928
"../../../Engine/Content/EngineMaterials/Substrate/Glints2/dict_0007_0006.uasset" 10929
"/Engine/EngineMaterials/Substrate/Glints2/dict_0007_0006" 10930
"../../../Engine/Content/EngineMaterials/Substrate/Glints2/dict_0007_0007.uasset" 10931
"/Engine/EngineMaterials/Substrate/Glints2/dict_0007_0004" 10932
"/Engine/EngineMaterials/Substrate/Glints2/dict_0007_0002" 10933
"/Engine/EngineMaterials/Substrate/Glints2/dict_0007_0001" 10934
"/Engine/EngineMaterials/Substrate/Glints2/dict_0007_0007" 10935
"../../../Engine/Content/EngineMaterials/Substrate/Glints2/dict_0006_0254.uasset" 10936
"../../../Engine/Content/EngineMaterials/Substrate/Glints2/dict_0007_0011.uasset" 10937
"../../../Engine/Content/EngineMaterials/Substrate/Glints2/dict_0007_0008.uasset" 10938
"../../../Engine/Content/EngineMaterials/Substrate/Glints2/dict_0007_0010.uasset" 10939
"/Engine/EngineMaterials/Substrate/Glints2/dict_0006_0254" 10940
"../../../Engine/Content/EngineMaterials/Substrate/Glints2/dict_0007_0014.uasset" 10941
"/Engine/EngineMaterials/Substrate/Glints2/dict_0007_0011" 10942
"/Engine/EngineMaterials/Substrate/Glints2/dict_0007_0008" 10943
"/Engine/EngineMaterials/Substrate/Glints2/dict_0007_0010" 10944
"/Engine/EngineMaterials/Substrate/Glints2/dict_0007_0014" 10945
"../../../Engine/Content/EngineMaterials/Substrate/Glints2/dict_0007_0009.uasset" 10946
"../../../Engine/Content/EngineMaterials/Substrate/Glints2/dict_0007_0013.uasset" 10947
"../../../Engine/Content/EngineMaterials/Substrate/Glints2/dict_0007_0018.uasset" 10948
"/Engine/EngineMaterials/Substrate/Glints2/dict_0007_0018" 10949
"../../../Engine/Content/EngineMaterials/Substrate/Glints2/dict_0007_0016.uasset" 10950
"/Engine/EngineMaterials/Substrate/Glints2/dict_0007_0013" 10951
"/Engine/EngineMaterials/Substrate/Glints2/dict_0007_0009" 10952
"/Engine/EngineMaterials/Substrate/Glints2/dict_0007_0016" 10953
"../../../Engine/Content/EngineMaterials/Substrate/Glints2/dict_0007_0012.uasset" 10954
"/Engine/EngineMaterials/Substrate/Glints2/dict_0007_0012" 10955
"../../../Engine/Content/EngineMaterials/Substrate/Glints2/dict_0007_0015.uasset" 10956
"/Engine/EngineMaterials/Substrate/Glints2/dict_0007_0015" 10957
"../../../Engine/Content/EngineMaterials/Substrate/Glints2/dict_0007_0017.uasset" 10958
"../../../Engine/Content/EngineMaterials/Substrate/Glints2/dict_0007_0020.uasset" 10959
"../../../Engine/Content/EngineMaterials/Substrate/Glints2/dict_0007_0019.uasset" 10960
"/Engine/EngineMaterials/Substrate/Glints2/dict_0007_0020" 10961
"/Engine/EngineMaterials/Substrate/Glints2/dict_0007_0019" 10962
"/Engine/EngineMaterials/Substrate/Glints2/dict_0007_0017" 10963
"../../../Engine/Content/EngineMaterials/Substrate/Glints2/dict_0007_0021.uasset" 10964
"../../../Engine/Content/EngineMaterials/Substrate/Glints2/dict_0007_0023.uasset" 10965
"../../../Engine/Content/EngineMaterials/Substrate/Glints2/dict_0007_0025.uasset" 10966
"../../../Engine/Content/EngineMaterials/Substrate/Glints2/dict_0007_0024.uasset" 10967
"/Engine/EngineMaterials/Substrate/Glints2/dict_0007_0025" 10968
"/Engine/EngineMaterials/Substrate/Glints2/dict_0007_0024" 10969
"/Engine/EngineMaterials/Substrate/Glints2/dict_0007_0023" 10970
"/Engine/EngineMaterials/Substrate/Glints2/dict_0007_0021" 10971
"../../../Engine/Content/EngineMaterials/Substrate/Glints2/dict_0007_0022.uasset" 10972
"../../../Engine/Content/EngineMaterials/Substrate/Glints2/dict_0007_0026.uasset" 10973
"/Engine/EngineMaterials/Substrate/Glints2/dict_0007_0026" 10974
"../../../Engine/Content/EngineMaterials/Substrate/Glints2/dict_0007_0027.uasset" 10975
"/Engine/EngineMaterials/Substrate/Glints2/dict_0007_0022" 10976
"/Engine/EngineMaterials/Substrate/Glints2/dict_0007_0027" 10977
"../../../Engine/Content/EngineMaterials/Substrate/Glints2/dict_0007_0031.uasset" 10978
"../../../Engine/Content/EngineMaterials/Substrate/Glints2/dict_0007_0030.uasset" 10979
"../../../Engine/Content/EngineMaterials/Substrate/Glints2/dict_0007_0032.uasset" 10980
"../../../Engine/Content/EngineMaterials/Substrate/Glints2/dict_0007_0029.uasset" 10981
"../../../Engine/Content/EngineMaterials/Substrate/Glints2/dict_0007_0033.uasset" 10982
"../../../Engine/Content/EngineMaterials/Substrate/Glints2/dict_0007_0034.uasset" 10983
"/Engine/EngineMaterials/Substrate/Glints2/dict_0007_0033" 10984
"../../../Engine/Content/EngineMaterials/Substrate/Glints2/dict_0007_0035.uasset" 10985
"/Engine/EngineMaterials/Substrate/Glints2/dict_0007_0032" 10986
"../../../Engine/Content/EngineMaterials/Substrate/Glints2/dict_0007_0028.uasset" 10987
"/Engine/EngineMaterials/Substrate/Glints2/dict_0007_0034" 10988
"/Engine/EngineMaterials/Substrate/Glints2/dict_0007_0031" 10989
"/Engine/EngineMaterials/Substrate/Glints2/dict_0007_0030" 10990
"/Engine/EngineMaterials/Substrate/Glints2/dict_0007_0029" 10991
"/Engine/EngineMaterials/Substrate/Glints2/dict_0007_0035" 10992
"/Engine/EngineMaterials/Substrate/Glints2/dict_0007_0028" 10993
"../../../Engine/Content/EngineMaterials/Substrate/Glints2/dict_0007_0038.uasset" 10994
"../../../Engine/Content/EngineMaterials/Substrate/Glints2/dict_0007_0036.uasset" 10995
"../../../Engine/Content/EngineMaterials/Substrate/Glints2/dict_0007_0037.uasset" 10996
"../../../Engine/Content/EngineMaterials/Substrate/Glints2/dict_0007_0039.uasset" 10997
"../../../Engine/Content/EngineMaterials/Substrate/Glints2/dict_0007_0042.uasset" 10998
"../../../Engine/Content/EngineMaterials/Substrate/Glints2/dict_0007_0041.uasset" 10999
"/Engine/EngineMaterials/Substrate/Glints2/dict_0007_0037" 11000
"/Engine/EngineMaterials/Substrate/Glints2/dict_0007_0036" 11001
"/Engine/EngineMaterials/Substrate/Glints2/dict_0007_0042" 11002
"../../../Engine/Content/EngineMaterials/Substrate/Glints2/dict_0007_0040.uasset" 11003
"/Engine/EngineMaterials/Substrate/Glints2/dict_0007_0041" 11004
"/Engine/EngineMaterials/Substrate/Glints2/dict_0007_0038" 11005
"../../../Engine/Content/EngineMaterials/Substrate/Glints2/dict_0007_0044.uasset" 11006
"../../../Engine/Content/EngineMaterials/Substrate/Glints2/dict_0007_0045.uasset" 11007
"../../../Engine/Content/EngineMaterials/Substrate/Glints2/dict_0007_0046.uasset" 11008
"/Engine/EngineMaterials/Substrate/Glints2/dict_0007_0039" 11009
"/Engine/EngineMaterials/Substrate/Glints2/dict_0007_0046" 11010
"../../../Engine/Content/EngineMaterials/Substrate/Glints2/dict_0007_0047.uasset" 11011
"/Engine/EngineMaterials/Substrate/Glints2/dict_0007_0045" 11012
"/Engine/EngineMaterials/Substrate/Glints2/dict_0007_0044" 11013
"/Engine/EngineMaterials/Substrate/Glints2/dict_0007_0040" 11014
"../../../Engine/Content/EngineMaterials/Substrate/Glints2/dict_0007_0048.uasset" 11015
"/Engine/EngineMaterials/Substrate/Glints2/dict_0007_0047" 11016
"/Engine/EngineMaterials/Substrate/Glints2/dict_0007_0048" 11017
"../../../Engine/Content/EngineMaterials/Substrate/Glints2/dict_0007_0052.uasset" 11018
"../../../Engine/Content/EngineMaterials/Substrate/Glints2/dict_0007_0043.uasset" 11019
"../../../Engine/Content/EngineMaterials/Substrate/Glints2/dict_0007_0049.uasset" 11020
"../../../Engine/Content/EngineMaterials/Substrate/Glints2/dict_0007_0051.uasset" 11021
"../../../Engine/Content/EngineMaterials/Substrate/Glints2/dict_0007_0053.uasset" 11022
"../../../Engine/Content/EngineMaterials/Substrate/Glints2/dict_0007_0050.uasset" 11023
"/Engine/EngineMaterials/Substrate/Glints2/dict_0007_0052" 11024
"/Engine/EngineMaterials/Substrate/Glints2/dict_0007_0053" 11025
"/Engine/EngineMaterials/Substrate/Glints2/dict_0007_0051" 11026
"/Engine/EngineMaterials/Substrate/Glints2/dict_0007_0050" 11027
"/Engine/EngineMaterials/Substrate/Glints2/dict_0007_0049" 11028
"/Engine/EngineMaterials/Substrate/Glints2/dict_0007_0043" 11029
"../../../Engine/Content/EngineMaterials/Substrate/Glints2/dict_0007_0061.uasset" 11030
"../../../Engine/Content/EngineMaterials/Substrate/Glints2/dict_0007_0062.uasset" 11031
"/Engine/EngineMaterials/Substrate/Glints2/dict_0007_0062" 11032
"/Engine/EngineMaterials/Substrate/Glints2/dict_0007_0061" 11033
"../../../Engine/Content/EngineMaterials/Substrate/Glints2/dict_0007_0057.uasset" 11034
"../../../Engine/Content/EngineMaterials/Substrate/Glints2/dict_0007_0060.uasset" 11035
"../../../Engine/Content/EngineMaterials/Substrate/Glints2/dict_0007_0054.uasset" 11036
"../../../Engine/Content/EngineMaterials/Substrate/Glints2/dict_0007_0056.uasset" 11037
"../../../Engine/Content/EngineMaterials/Substrate/Glints2/dict_0007_0058.uasset" 11038
"../../../Engine/Content/EngineMaterials/Substrate/Glints2/dict_0007_0055.uasset" 11039
"../../../Engine/Content/EngineMaterials/Substrate/Glints2/dict_0007_0063.uasset" 11040
"../../../Engine/Content/EngineMaterials/Substrate/Glints2/dict_0007_0059.uasset" 11041
"../../../Engine/Content/EngineMaterials/Substrate/Glints2/dict_0007_0065.uasset" 11042
"/Engine/EngineMaterials/Substrate/Glints2/dict_0007_0065" 11043
"../../../Engine/Content/EngineMaterials/Substrate/Glints2/dict_0007_0066.uasset" 11044
"/Engine/EngineMaterials/Substrate/Glints2/dict_0007_0063" 11045
"/Engine/EngineMaterials/Substrate/Glints2/dict_0007_0059" 11046
"../../../Engine/Content/EngineMaterials/Substrate/Glints2/dict_0007_0067.uasset" 11047
"/Engine/EngineMaterials/Substrate/Glints2/dict_0007_0060" 11048
"/Engine/EngineMaterials/Substrate/Glints2/dict_0007_0058" 11049
"/Engine/EngineMaterials/Substrate/Glints2/dict_0007_0056" 11050
"/Engine/EngineMaterials/Substrate/Glints2/dict_0007_0055" 11051
"/Engine/EngineMaterials/Substrate/Glints2/dict_0007_0054" 11052
"/Engine/EngineMaterials/Substrate/Glints2/dict_0007_0057" 11053
"/Engine/EngineMaterials/Substrate/Glints2/dict_0007_0067" 11054
"/Engine/EngineMaterials/Substrate/Glints2/dict_0007_0066" 11055
"../../../Engine/Content/EngineMaterials/Substrate/Glints2/dict_0007_0074.uasset" 11056
"../../../Engine/Content/EngineMaterials/Substrate/Glints2/dict_0007_0071.uasset" 11057
"../../../Engine/Content/EngineMaterials/Substrate/Glints2/dict_0007_0073.uasset" 11058
"../../../Engine/Content/EngineMaterials/Substrate/Glints2/dict_0007_0075.uasset" 11059
"../../../Engine/Content/EngineMaterials/Substrate/Glints2/dict_0007_0064.uasset" 11060
"../../../Engine/Content/EngineMaterials/Substrate/Glints2/dict_0007_0070.uasset" 11061
"../../../Engine/Content/EngineMaterials/Substrate/Glints2/dict_0007_0068.uasset" 11062
"../../../Engine/Content/EngineMaterials/Substrate/Glints2/dict_0007_0072.uasset" 11063
"../../../Engine/Content/EngineMaterials/Substrate/Glints2/dict_0007_0069.uasset" 11064
"../../../Engine/Content/EngineMaterials/Substrate/Glints2/dict_0007_0078.uasset" 11065
"/Engine/EngineMaterials/Substrate/Glints2/dict_0007_0073" 11066
"/Engine/EngineMaterials/Substrate/Glints2/dict_0007_0072" 11067
"/Engine/EngineMaterials/Substrate/Glints2/dict_0007_0064" 11068
"/Engine/EngineMaterials/Substrate/Glints2/dict_0007_0071" 11069
"../../../Engine/Content/EngineMaterials/Substrate/Glints2/dict_0007_0077.uasset" 11070
"/Engine/EngineMaterials/Substrate/Glints2/dict_0007_0078" 11071
"../../../Engine/Content/EngineMaterials/Substrate/Glints2/dict_0007_0079.uasset" 11072
"../../../Engine/Content/EngineMaterials/Substrate/Glints2/dict_0007_0076.uasset" 11073
"../../../Engine/Content/EngineMaterials/Substrate/Glints2/dict_0007_0080.uasset" 11074
"/Engine/EngineMaterials/Substrate/Glints2/dict_0007_0075" 11075
"/Engine/EngineMaterials/Substrate/Glints2/dict_0007_0070" 11076
"/Engine/EngineMaterials/Substrate/Glints2/dict_0007_0074" 11077
"/Engine/EngineMaterials/Substrate/Glints2/dict_0007_0069" 11078
"../../../Engine/Content/EngineMaterials/Substrate/Glints2/dict_0007_0082.uasset" 11079
"/Engine/EngineMaterials/Substrate/Glints2/dict_0007_0068" 11080
"/Engine/EngineMaterials/Substrate/Glints2/dict_0007_0077" 11081
"/Engine/EngineMaterials/Substrate/Glints2/dict_0007_0082" 11082
"../../../Engine/Content/EngineMaterials/Substrate/Glints2/dict_0007_0083.uasset" 11083
"/Engine/EngineMaterials/Substrate/Glints2/dict_0007_0080" 11084
"../../../Engine/Content/EngineMaterials/Substrate/Glints2/dict_0007_0081.uasset" 11085
"/Engine/EngineMaterials/Substrate/Glints2/dict_0007_0079" 11086
"/Engine/EngineMaterials/Substrate/Glints2/dict_0007_0076" 11087
"/Engine/EngineMaterials/Substrate/Glints2/dict_0007_0083" 11088
"/Engine/EngineMaterials/Substrate/Glints2/dict_0007_0081" 11089
"../../../Engine/Content/EngineMaterials/Substrate/Glints2/dict_0007_0084.uasset" 11090
"../../../Engine/Content/EngineMaterials/Substrate/Glints2/dict_0007_0089.uasset" 11091
"../../../Engine/Content/EngineMaterials/Substrate/Glints2/dict_0007_0087.uasset" 11092
"../../../Engine/Content/EngineMaterials/Substrate/Glints2/dict_0007_0085.uasset" 11093
"../../../Engine/Content/EngineMaterials/Substrate/Glints2/dict_0007_0086.uasset" 11094
"../../../Engine/Content/EngineMaterials/Substrate/Glints2/dict_0007_0088.uasset" 11095
"/Engine/EngineMaterials/Substrate/Glints2/dict_0007_0087" 11096
"../../../Engine/Content/EngineMaterials/Substrate/Glints2/dict_0007_0090.uasset" 11097
"/Engine/EngineMaterials/Substrate/Glints2/dict_0007_0086" 11098
"../../../Engine/Content/EngineMaterials/Substrate/Glints2/dict_0007_0094.uasset" 11099
"../../../Engine/Content/EngineMaterials/Substrate/Glints2/dict_0007_0091.uasset" 11100
"/Engine/EngineMaterials/Substrate/Glints2/dict_0007_0089" 11101
"../../../Engine/Content/EngineMaterials/Substrate/Glints2/dict_0007_0092.uasset" 11102
"/Engine/EngineMaterials/Substrate/Glints2/dict_0007_0088" 11103
"/Engine/EngineMaterials/Substrate/Glints2/dict_0007_0085" 11104
"../../../Engine/Content/EngineMaterials/Substrate/Glints2/dict_0007_0096.uasset" 11105
"../../../Engine/Content/EngineMaterials/Substrate/Glints2/dict_0007_0093.uasset" 11106
"/Engine/EngineMaterials/Substrate/Glints2/dict_0007_0084" 11107
"../../../Engine/Content/EngineMaterials/Substrate/Glints2/dict_0007_0095.uasset" 11108
"/Engine/EngineMaterials/Substrate/Glints2/dict_0007_0096" 11109
"/Engine/EngineMaterials/Substrate/Glints2/dict_0007_0095" 11110
"/Engine/EngineMaterials/Substrate/Glints2/dict_0007_0094" 11111
"../../../Engine/Content/EngineMaterials/Substrate/Glints2/dict_0007_0098.uasset" 11112
"/Engine/EngineMaterials/Substrate/Glints2/dict_0007_0093" 11113
"/Engine/EngineMaterials/Substrate/Glints2/dict_0007_0092" 11114
"../../../Engine/Content/EngineMaterials/Substrate/Glints2/dict_0007_0097.uasset" 11115
"/Engine/EngineMaterials/Substrate/Glints2/dict_0007_0091" 11116
"../../../Engine/Content/EngineMaterials/Substrate/Glints2/dict_0007_0099.uasset" 11117
"/Engine/EngineMaterials/Substrate/Glints2/dict_0007_0090" 11118
"../../../Engine/Content/EngineMaterials/Substrate/Glints2/dict_0007_0102.uasset" 11119
"/Engine/EngineMaterials/Substrate/Glints2/dict_0007_0098" 11120
"/Engine/EngineMaterials/Substrate/Glints2/dict_0007_0097" 11121
"../../../Engine/Content/EngineMaterials/Substrate/Glints2/dict_0007_0100.uasset" 11122
"/Engine/EngineMaterials/Substrate/Glints2/dict_0007_0102" 11123
"/Engine/EngineMaterials/Substrate/Glints2/dict_0007_0099" 11124
"/Engine/EngineMaterials/Substrate/Glints2/dict_0007_0100" 11125
"../../../Engine/Content/EngineMaterials/Substrate/Glints2/dict_0007_0101.uasset" 11126
"../../../Engine/Content/EngineMaterials/Substrate/Glints2/dict_0007_0103.uasset" 11127
"/Engine/EngineMaterials/Substrate/Glints2/dict_0007_0103" 11128
"../../../Engine/Content/EngineMaterials/Substrate/Glints2/dict_0007_0108.uasset" 11129
"/Engine/EngineMaterials/Substrate/Glints2/dict_0007_0101" 11130
"../../../Engine/Content/EngineMaterials/Substrate/Glints2/dict_0007_0112.uasset" 11131
"../../../Engine/Content/EngineMaterials/Substrate/Glints2/dict_0007_0104.uasset" 11132
"/Engine/EngineMaterials/Substrate/Glints2/dict_0007_0108" 11133
"../../../Engine/Content/EngineMaterials/Substrate/Glints2/dict_0007_0109.uasset" 11134
"/Engine/EngineMaterials/Substrate/Glints2/dict_0007_0112" 11135
"/Engine/EngineMaterials/Substrate/Glints2/dict_0007_0104" 11136
"../../../Engine/Content/EngineMaterials/Substrate/Glints2/dict_0007_0110.uasset" 11137
"/Engine/EngineMaterials/Substrate/Glints2/dict_0007_0110" 11138
"../../../Engine/Content/EngineMaterials/Substrate/Glints2/dict_0007_0106.uasset" 11139
"/Engine/EngineMaterials/Substrate/Glints2/dict_0007_0109" 11140
"../../../Engine/Content/EngineMaterials/Substrate/Glints2/dict_0007_0105.uasset" 11141
"/Engine/EngineMaterials/Substrate/Glints2/dict_0007_0106" 11142
"../../../Engine/Content/EngineMaterials/Substrate/Glints2/dict_0007_0113.uasset" 11143
"../../../Engine/Content/EngineMaterials/Substrate/Glints2/dict_0007_0115.uasset" 11144
"/Engine/EngineMaterials/Substrate/Glints2/dict_0007_0105" 11145
"../../../Engine/Content/EngineMaterials/Substrate/Glints2/dict_0007_0107.uasset" 11146
"../../../Engine/Content/EngineMaterials/Substrate/Glints2/dict_0007_0111.uasset" 11147
"../../../Engine/Content/EngineMaterials/Substrate/Glints2/dict_0007_0116.uasset" 11148
"/Engine/EngineMaterials/Substrate/Glints2/dict_0007_0107" 11149
"/Engine/EngineMaterials/Substrate/Glints2/dict_0007_0115" 11150
"../../../Engine/Content/EngineMaterials/Substrate/Glints2/dict_0007_0114.uasset" 11151
"/Engine/EngineMaterials/Substrate/Glints2/dict_0007_0113" 11152
"/Engine/EngineMaterials/Substrate/Glints2/dict_0007_0111" 11153
"/Engine/EngineMaterials/Substrate/Glints2/dict_0007_0116" 11154
"/Engine/EngineMaterials/Substrate/Glints2/dict_0007_0114" 11155
"../../../Engine/Content/EngineMaterials/Substrate/Glints2/dict_0007_0117.uasset" 11156
"../../../Engine/Content/EngineMaterials/Substrate/Glints2/dict_0007_0122.uasset" 11157
"../../../Engine/Content/EngineMaterials/Substrate/Glints2/dict_0007_0120.uasset" 11158
"../../../Engine/Content/EngineMaterials/Substrate/Glints2/dict_0007_0119.uasset" 11159
"../../../Engine/Content/EngineMaterials/Substrate/Glints2/dict_0007_0125.uasset" 11160
"../../../Engine/Content/EngineMaterials/Substrate/Glints2/dict_0007_0118.uasset" 11161
"../../../Engine/Content/EngineMaterials/Substrate/Glints2/dict_0007_0126.uasset" 11162
"../../../Engine/Content/EngineMaterials/Substrate/Glints2/dict_0007_0128.uasset" 11163
"../../../Engine/Content/EngineMaterials/Substrate/Glints2/dict_0007_0123.uasset" 11164
"../../../Engine/Content/EngineMaterials/Substrate/Glints2/dict_0007_0124.uasset" 11165
"../../../Engine/Content/EngineMaterials/Substrate/Glints2/dict_0007_0129.uasset" 11166
"../../../Engine/Content/EngineMaterials/Substrate/Glints2/dict_0007_0130.uasset" 11167
"../../../Engine/Content/EngineMaterials/Substrate/Glints2/dict_0007_0121.uasset" 11168
"../../../Engine/Content/EngineMaterials/Substrate/Glints2/dict_0007_0127.uasset" 11169
"/Engine/EngineMaterials/Substrate/Glints2/dict_0007_0128" 11170
"/Engine/EngineMaterials/Substrate/Glints2/dict_0007_0127" 11171
"/Engine/EngineMaterials/Substrate/Glints2/dict_0007_0121" 11172
"/Engine/EngineMaterials/Substrate/Glints2/dict_0007_0120" 11173
"/Engine/EngineMaterials/Substrate/Glints2/dict_0007_0126" 11174
"/Engine/EngineMaterials/Substrate/Glints2/dict_0007_0125" 11175
"/Engine/EngineMaterials/Substrate/Glints2/dict_0007_0124" 11176
"/Engine/EngineMaterials/Substrate/Glints2/dict_0007_0123" 11177
"/Engine/EngineMaterials/Substrate/Glints2/dict_0007_0122" 11178
"/Engine/EngineMaterials/Substrate/Glints2/dict_0007_0119" 11179
"/Engine/EngineMaterials/Substrate/Glints2/dict_0007_0118" 11180
"/Engine/EngineMaterials/Substrate/Glints2/dict_0007_0117" 11181
"/Engine/EngineMaterials/Substrate/Glints2/dict_0007_0130" 11182
"/Engine/EngineMaterials/Substrate/Glints2/dict_0007_0129" 11183
"../../../Engine/Content/EngineMaterials/Substrate/Glints2/dict_0007_0133.uasset" 11184
"../../../Engine/Content/EngineMaterials/Substrate/Glints2/dict_0007_0135.uasset" 11185
"../../../Engine/Content/EngineMaterials/Substrate/Glints2/dict_0007_0138.uasset" 11186
"../../../Engine/Content/EngineMaterials/Substrate/Glints2/dict_0007_0132.uasset" 11187
"../../../Engine/Content/EngineMaterials/Substrate/Glints2/dict_0007_0141.uasset" 11188
"../../../Engine/Content/EngineMaterials/Substrate/Glints2/dict_0007_0142.uasset" 11189
"../../../Engine/Content/EngineMaterials/Substrate/Glints2/dict_0007_0131.uasset" 11190
"../../../Engine/Content/EngineMaterials/Substrate/Glints2/dict_0007_0137.uasset" 11191
"../../../Engine/Content/EngineMaterials/Substrate/Glints2/dict_0007_0143.uasset" 11192
"../../../Engine/Content/EngineMaterials/Substrate/Glints2/dict_0007_0136.uasset" 11193
"../../../Engine/Content/EngineMaterials/Substrate/Glints2/dict_0007_0134.uasset" 11194
"../../../Engine/Content/EngineMaterials/Substrate/Glints2/dict_0007_0144.uasset" 11195
"../../../Engine/Content/EngineMaterials/Substrate/Glints2/dict_0007_0140.uasset" 11196
"../../../Engine/Content/EngineMaterials/Substrate/Glints2/dict_0007_0139.uasset" 11197
"/Engine/EngineMaterials/Substrate/Glints2/dict_0007_0138" 11198
"/Engine/EngineMaterials/Substrate/Glints2/dict_0007_0142" 11199
"/Engine/EngineMaterials/Substrate/Glints2/dict_0007_0132" 11200
"/Engine/EngineMaterials/Substrate/Glints2/dict_0007_0141" 11201
"/Engine/EngineMaterials/Substrate/Glints2/dict_0007_0131" 11202
"/Engine/EngineMaterials/Substrate/Glints2/dict_0007_0144" 11203
"/Engine/EngineMaterials/Substrate/Glints2/dict_0007_0137" 11204
"/Engine/EngineMaterials/Substrate/Glints2/dict_0007_0136" 11205
"/Engine/EngineMaterials/Substrate/Glints2/dict_0007_0143" 11206
"/Engine/EngineMaterials/Substrate/Glints2/dict_0007_0140" 11207
"/Engine/EngineMaterials/Substrate/Glints2/dict_0007_0139" 11208
"/Engine/EngineMaterials/Substrate/Glints2/dict_0007_0135" 11209
"/Engine/EngineMaterials/Substrate/Glints2/dict_0007_0134" 11210
"/Engine/EngineMaterials/Substrate/Glints2/dict_0007_0133" 11211
"../../../Engine/Content/EngineMaterials/Substrate/Glints2/dict_0007_0146.uasset" 11212
"../../../Engine/Content/EngineMaterials/Substrate/Glints2/dict_0007_0152.uasset" 11213
"../../../Engine/Content/EngineMaterials/Substrate/Glints2/dict_0007_0145.uasset" 11214
"../../../Engine/Content/EngineMaterials/Substrate/Glints2/dict_0007_0153.uasset" 11215
"../../../Engine/Content/EngineMaterials/Substrate/Glints2/dict_0007_0149.uasset" 11216
"../../../Engine/Content/EngineMaterials/Substrate/Glints2/dict_0007_0154.uasset" 11217
"../../../Engine/Content/EngineMaterials/Substrate/Glints2/dict_0007_0147.uasset" 11218
"../../../Engine/Content/EngineMaterials/Substrate/Glints2/dict_0007_0148.uasset" 11219
"../../../Engine/Content/EngineMaterials/Substrate/Glints2/dict_0007_0155.uasset" 11220
"../../../Engine/Content/EngineMaterials/Substrate/Glints2/dict_0007_0158.uasset" 11221
"/Engine/EngineMaterials/Substrate/Glints2/dict_0007_0146" 11222
"../../../Engine/Content/EngineMaterials/Substrate/Glints2/dict_0007_0151.uasset" 11223
"../../../Engine/Content/EngineMaterials/Substrate/Glints2/dict_0007_0157.uasset" 11224
"../../../Engine/Content/EngineMaterials/Substrate/Glints2/dict_0007_0150.uasset" 11225
"/Engine/EngineMaterials/Substrate/Glints2/dict_0007_0158" 11226
"/Engine/EngineMaterials/Substrate/Glints2/dict_0007_0155" 11227
"/Engine/EngineMaterials/Substrate/Glints2/dict_0007_0154" 11228
"/Engine/EngineMaterials/Substrate/Glints2/dict_0007_0153" 11229
"/Engine/EngineMaterials/Substrate/Glints2/dict_0007_0152" 11230
"/Engine/EngineMaterials/Substrate/Glints2/dict_0007_0148" 11231
"../../../Engine/Content/EngineMaterials/Substrate/Glints2/dict_0007_0156.uasset" 11232
"/Engine/EngineMaterials/Substrate/Glints2/dict_0007_0145" 11233
"/Engine/EngineMaterials/Substrate/Glints2/dict_0007_0147" 11234
"/Engine/EngineMaterials/Substrate/Glints2/dict_0007_0149" 11235
"/Engine/EngineMaterials/Substrate/Glints2/dict_0007_0157" 11236
"/Engine/EngineMaterials/Substrate/Glints2/dict_0007_0156" 11237
"/Engine/EngineMaterials/Substrate/Glints2/dict_0007_0151" 11238
"/Engine/EngineMaterials/Substrate/Glints2/dict_0007_0150" 11239
"../../../Engine/Content/EngineMaterials/Substrate/Glints2/dict_0007_0167.uasset" 11240
"../../../Engine/Content/EngineMaterials/Substrate/Glints2/dict_0007_0163.uasset" 11241
"../../../Engine/Content/EngineMaterials/Substrate/Glints2/dict_0007_0165.uasset" 11242
"../../../Engine/Content/EngineMaterials/Substrate/Glints2/dict_0007_0160.uasset" 11243
"../../../Engine/Content/EngineMaterials/Substrate/Glints2/dict_0007_0161.uasset" 11244
"/Engine/EngineMaterials/Substrate/Glints2/dict_0007_0161" 11245
"../../../Engine/Content/EngineMaterials/Substrate/Glints2/dict_0007_0171.uasset" 11246
"../../../Engine/Content/EngineMaterials/Substrate/Glints2/dict_0007_0162.uasset" 11247
"../../../Engine/Content/EngineMaterials/Substrate/Glints2/dict_0007_0169.uasset" 11248
"../../../Engine/Content/EngineMaterials/Substrate/Glints2/dict_0007_0166.uasset" 11249
"/Engine/EngineMaterials/Substrate/Glints2/dict_0007_0160" 11250
"../../../Engine/Content/EngineMaterials/Substrate/Glints2/dict_0007_0159.uasset" 11251
"../../../Engine/Content/EngineMaterials/Substrate/Glints2/dict_0007_0168.uasset" 11252
"/Engine/EngineMaterials/Substrate/Glints2/dict_0007_0167" 11253
"../../../Engine/Content/EngineMaterials/Substrate/Glints2/dict_0007_0170.uasset" 11254
"../../../Engine/Content/EngineMaterials/Substrate/Glints2/dict_0007_0164.uasset" 11255
"/Engine/EngineMaterials/Substrate/Glints2/dict_0007_0165" 11256
"/Engine/EngineMaterials/Substrate/Glints2/dict_0007_0163" 11257
"/Engine/EngineMaterials/Substrate/Glints2/dict_0007_0162" 11258
"/Engine/EngineMaterials/Substrate/Glints2/dict_0007_0159" 11259
"/Engine/EngineMaterials/Substrate/Glints2/dict_0007_0171" 11260
"/Engine/EngineMaterials/Substrate/Glints2/dict_0007_0170" 11261
"/Engine/EngineMaterials/Substrate/Glints2/dict_0007_0169" 11262
"/Engine/EngineMaterials/Substrate/Glints2/dict_0007_0168" 11263
"/Engine/EngineMaterials/Substrate/Glints2/dict_0007_0166" 11264
"/Engine/EngineMaterials/Substrate/Glints2/dict_0007_0164" 11265
"../../../Engine/Content/EngineMaterials/Substrate/Glints2/dict_0007_0172.uasset" 11266
"../../../Engine/Content/EngineMaterials/Substrate/Glints2/dict_0007_0175.uasset" 11267
"../../../Engine/Content/EngineMaterials/Substrate/Glints2/dict_0007_0184.uasset" 11268
"../../../Engine/Content/EngineMaterials/Substrate/Glints2/dict_0007_0179.uasset" 11269
"/Engine/EngineMaterials/Substrate/Glints2/dict_0007_0175" 11270
"../../../Engine/Content/EngineMaterials/Substrate/Glints2/dict_0007_0173.uasset" 11271
"../../../Engine/Content/EngineMaterials/Substrate/Glints2/dict_0007_0174.uasset" 11272
"../../../Engine/Content/EngineMaterials/Substrate/Glints2/dict_0007_0180.uasset" 11273
"../../../Engine/Content/EngineMaterials/Substrate/Glints2/dict_0007_0176.uasset" 11274
"../../../Engine/Content/EngineMaterials/Substrate/Glints2/dict_0007_0177.uasset" 11275
"/Engine/EngineMaterials/Substrate/Glints2/dict_0007_0172" 11276
"../../../Engine/Content/EngineMaterials/Substrate/Glints2/dict_0007_0181.uasset" 11277
"/Engine/EngineMaterials/Substrate/Glints2/dict_0007_0184" 11278
"../../../Engine/Content/EngineMaterials/Substrate/Glints2/dict_0007_0182.uasset" 11279
"../../../Engine/Content/EngineMaterials/Substrate/Glints2/dict_0007_0178.uasset" 11280
"/Engine/EngineMaterials/Substrate/Glints2/dict_0007_0176" 11281
"../../../Engine/Content/EngineMaterials/Substrate/Glints2/dict_0007_0185.uasset" 11282
"../../../Engine/Content/EngineMaterials/Substrate/Glints2/dict_0007_0183.uasset" 11283
"/Engine/EngineMaterials/Substrate/Glints2/dict_0007_0174" 11284
"/Engine/EngineMaterials/Substrate/Glints2/dict_0007_0173" 11285
"/Engine/EngineMaterials/Substrate/Glints2/dict_0007_0182" 11286
"/Engine/EngineMaterials/Substrate/Glints2/dict_0007_0181" 11287
"/Engine/EngineMaterials/Substrate/Glints2/dict_0007_0180" 11288
"/Engine/EngineMaterials/Substrate/Glints2/dict_0007_0179" 11289
"/Engine/EngineMaterials/Substrate/Glints2/dict_0007_0178" 11290
"/Engine/EngineMaterials/Substrate/Glints2/dict_0007_0177" 11291
"/Engine/EngineMaterials/Substrate/Glints2/dict_0007_0185" 11292
"/Engine/EngineMaterials/Substrate/Glints2/dict_0007_0183" 11293
"../../../Engine/Content/EngineMaterials/Substrate/Glints2/dict_0007_0186.uasset" 11294
"/Engine/EngineMaterials/Substrate/Glints2/dict_0007_0186" 11295
"../../../Engine/Content/EngineMaterials/Substrate/Glints2/dict_0007_0188.uasset" 11296
"/Engine/EngineMaterials/Substrate/Glints2/dict_0007_0188" 11297
"../../../Engine/Content/EngineMaterials/Substrate/Glints2/dict_0007_0197.uasset" 11298
"../../../Engine/Content/EngineMaterials/Substrate/Glints2/dict_0007_0193.uasset" 11299
"../../../Engine/Content/EngineMaterials/Substrate/Glints2/dict_0007_0192.uasset" 11300
"../../../Engine/Content/EngineMaterials/Substrate/Glints2/dict_0007_0195.uasset" 11301
"../../../Engine/Content/EngineMaterials/Substrate/Glints2/dict_0007_0190.uasset" 11302
"../../../Engine/Content/EngineMaterials/Substrate/Glints2/dict_0007_0191.uasset" 11303
"../../../Engine/Content/EngineMaterials/Substrate/Glints2/dict_0007_0199.uasset" 11304
"../../../Engine/Content/EngineMaterials/Substrate/Glints2/dict_0007_0194.uasset" 11305
"../../../Engine/Content/EngineMaterials/Substrate/Glints2/dict_0007_0196.uasset" 11306
"../../../Engine/Content/EngineMaterials/Substrate/Glints2/dict_0007_0189.uasset" 11307
"../../../Engine/Content/EngineMaterials/Substrate/Glints2/dict_0007_0198.uasset" 11308
"../../../Engine/Content/EngineMaterials/Substrate/Glints2/dict_0007_0187.uasset" 11309
"/Engine/EngineMaterials/Substrate/Glints2/dict_0007_0195" 11310
"/Engine/EngineMaterials/Substrate/Glints2/dict_0007_0194" 11311
"/Engine/EngineMaterials/Substrate/Glints2/dict_0007_0190" 11312
"/Engine/EngineMaterials/Substrate/Glints2/dict_0007_0189" 11313
"/Engine/EngineMaterials/Substrate/Glints2/dict_0007_0199" 11314
"/Engine/EngineMaterials/Substrate/Glints2/dict_0007_0198" 11315
"/Engine/EngineMaterials/Substrate/Glints2/dict_0007_0193" 11316
"/Engine/EngineMaterials/Substrate/Glints2/dict_0007_0197" 11317
"/Engine/EngineMaterials/Substrate/Glints2/dict_0007_0192" 11318
"/Engine/EngineMaterials/Substrate/Glints2/dict_0007_0187" 11319
"/Engine/EngineMaterials/Substrate/Glints2/dict_0007_0196" 11320
"/Engine/EngineMaterials/Substrate/Glints2/dict_0007_0191" 11321
"../../../Engine/Content/EngineMaterials/Substrate/Glints2/dict_0007_0202.uasset" 11322
"../../../Engine/Content/EngineMaterials/Substrate/Glints2/dict_0007_0203.uasset" 11323
"../../../Engine/Content/EngineMaterials/Substrate/Glints2/dict_0007_0208.uasset" 11324
"../../../Engine/Content/EngineMaterials/Substrate/Glints2/dict_0007_0207.uasset" 11325
"../../../Engine/Content/EngineMaterials/Substrate/Glints2/dict_0007_0201.uasset" 11326
"../../../Engine/Content/EngineMaterials/Substrate/Glints2/dict_0007_0200.uasset" 11327
"../../../Engine/Content/EngineMaterials/Substrate/Glints2/dict_0007_0209.uasset" 11328
"../../../Engine/Content/EngineMaterials/Substrate/Glints2/dict_0007_0210.uasset" 11329
"../../../Engine/Content/EngineMaterials/Substrate/Glints2/dict_0007_0205.uasset" 11330
"../../../Engine/Content/EngineMaterials/Substrate/Glints2/dict_0007_0204.uasset" 11331
"../../../Engine/Content/EngineMaterials/Substrate/Glints2/dict_0007_0206.uasset" 11332
"../../../Engine/Content/EngineMaterials/Substrate/Glints2/dict_0007_0212.uasset" 11333
"../../../Engine/Content/EngineMaterials/Substrate/Glints2/dict_0007_0211.uasset" 11334
"/Engine/EngineMaterials/Substrate/Glints2/dict_0007_0203" 11335
"/Engine/EngineMaterials/Substrate/Glints2/dict_0007_0206" 11336
"/Engine/EngineMaterials/Substrate/Glints2/dict_0007_0202" 11337
"/Engine/EngineMaterials/Substrate/Glints2/dict_0007_0205" 11338
"/Engine/EngineMaterials/Substrate/Glints2/dict_0007_0204" 11339
"/Engine/EngineMaterials/Substrate/Glints2/dict_0007_0212" 11340
"/Engine/EngineMaterials/Substrate/Glints2/dict_0007_0211" 11341
"/Engine/EngineMaterials/Substrate/Glints2/dict_0007_0210" 11342
"/Engine/EngineMaterials/Substrate/Glints2/dict_0007_0209" 11343
"/Engine/EngineMaterials/Substrate/Glints2/dict_0007_0201" 11344
"/Engine/EngineMaterials/Substrate/Glints2/dict_0007_0200" 11345
"/Engine/EngineMaterials/Substrate/Glints2/dict_0007_0208" 11346
"/Engine/EngineMaterials/Substrate/Glints2/dict_0007_0207" 11347
"../../../Engine/Content/EngineMaterials/Substrate/Glints2/dict_0007_0217.uasset" 11348
"../../../Engine/Content/EngineMaterials/Substrate/Glints2/dict_0007_0218.uasset" 11349
"../../../Engine/Content/EngineMaterials/Substrate/Glints2/dict_0007_0224.uasset" 11350
"../../../Engine/Content/EngineMaterials/Substrate/Glints2/dict_0007_0219.uasset" 11351
"../../../Engine/Content/EngineMaterials/Substrate/Glints2/dict_0007_0213.uasset" 11352
"../../../Engine/Content/EngineMaterials/Substrate/Glints2/dict_0007_0220.uasset" 11353
"../../../Engine/Content/EngineMaterials/Substrate/Glints2/dict_0007_0215.uasset" 11354
"../../../Engine/Content/EngineMaterials/Substrate/Glints2/dict_0007_0216.uasset" 11355
"../../../Engine/Content/EngineMaterials/Substrate/Glints2/dict_0007_0221.uasset" 11356
"../../../Engine/Content/EngineMaterials/Substrate/Glints2/dict_0007_0222.uasset" 11357
"../../../Engine/Content/EngineMaterials/Substrate/Glints2/dict_0007_0214.uasset" 11358
"/Engine/EngineMaterials/Substrate/Glints2/dict_0007_0215" 11359
"/Engine/EngineMaterials/Substrate/Glints2/dict_0007_0218" 11360
"/Engine/EngineMaterials/Substrate/Glints2/dict_0007_0214" 11361
"/Engine/EngineMaterials/Substrate/Glints2/dict_0007_0213" 11362
"/Engine/EngineMaterials/Substrate/Glints2/dict_0007_0217" 11363
"/Engine/EngineMaterials/Substrate/Glints2/dict_0007_0216" 11364
"/Engine/EngineMaterials/Substrate/Glints2/dict_0007_0219" 11365
"/Engine/EngineMaterials/Substrate/Glints2/dict_0007_0224" 11366
"/Engine/EngineMaterials/Substrate/Glints2/dict_0007_0222" 11367
"/Engine/EngineMaterials/Substrate/Glints2/dict_0007_0221" 11368
"/Engine/EngineMaterials/Substrate/Glints2/dict_0007_0220" 11369
"../../../Engine/Content/EngineMaterials/Substrate/Glints2/dict_0007_0226.uasset" 11370
"../../../Engine/Content/EngineMaterials/Substrate/Glints2/dict_0007_0225.uasset" 11371
"../../../Engine/Content/EngineMaterials/Substrate/Glints2/dict_0007_0223.uasset" 11372
"/Engine/EngineMaterials/Substrate/Glints2/dict_0007_0226" 11373
"/Engine/EngineMaterials/Substrate/Glints2/dict_0007_0225" 11374
"/Engine/EngineMaterials/Substrate/Glints2/dict_0007_0223" 11375
"../../../Engine/Content/EngineMaterials/Substrate/Glints2/dict_0007_0227.uasset" 11376
"../../../Engine/Content/EngineMaterials/Substrate/Glints2/dict_0007_0237.uasset" 11377
"../../../Engine/Content/EngineMaterials/Substrate/Glints2/dict_0007_0228.uasset" 11378
"../../../Engine/Content/EngineMaterials/Substrate/Glints2/dict_0007_0229.uasset" 11379
"../../../Engine/Content/EngineMaterials/Substrate/Glints2/dict_0007_0235.uasset" 11380
"../../../Engine/Content/EngineMaterials/Substrate/Glints2/dict_0007_0230.uasset" 11381
"../../../Engine/Content/EngineMaterials/Substrate/Glints2/dict_0007_0239.uasset" 11382
"../../../Engine/Content/EngineMaterials/Substrate/Glints2/dict_0007_0233.uasset" 11383
"../../../Engine/Content/EngineMaterials/Substrate/Glints2/dict_0007_0234.uasset" 11384
"../../../Engine/Content/EngineMaterials/Substrate/Glints2/dict_0007_0236.uasset" 11385
"../../../Engine/Content/EngineMaterials/Substrate/Glints2/dict_0007_0232.uasset" 11386
"../../../Engine/Content/EngineMaterials/Substrate/Glints2/dict_0007_0238.uasset" 11387
"../../../Engine/Content/EngineMaterials/Substrate/Glints2/dict_0007_0231.uasset" 11388
"/Engine/EngineMaterials/Substrate/Glints2/dict_0007_0231" 11389
"/Engine/EngineMaterials/Substrate/Glints2/dict_0007_0230" 11390
"/Engine/EngineMaterials/Substrate/Glints2/dict_0007_0229" 11391
"../../../Engine/Content/EngineMaterials/Substrate/Glints2/dict_0007_0240.uasset" 11392
"/Engine/EngineMaterials/Substrate/Glints2/dict_0007_0228" 11393
"/Engine/EngineMaterials/Substrate/Glints2/dict_0007_0239" 11394
"/Engine/EngineMaterials/Substrate/Glints2/dict_0007_0238" 11395
"/Engine/EngineMaterials/Substrate/Glints2/dict_0007_0237" 11396
"/Engine/EngineMaterials/Substrate/Glints2/dict_0007_0236" 11397
"/Engine/EngineMaterials/Substrate/Glints2/dict_0007_0235" 11398
"/Engine/EngineMaterials/Substrate/Glints2/dict_0007_0234" 11399
"/Engine/EngineMaterials/Substrate/Glints2/dict_0007_0227" 11400
"/Engine/EngineMaterials/Substrate/Glints2/dict_0007_0233" 11401
"/Engine/EngineMaterials/Substrate/Glints2/dict_0007_0232" 11402
"/Engine/EngineMaterials/Substrate/Glints2/dict_0007_0240" 11403
"../../../Engine/Content/EngineMaterials/Substrate/Glints2/dict_0007_0242.uasset" 11404
"../../../Engine/Content/EngineMaterials/Substrate/Glints2/dict_0007_0245.uasset" 11405
"../../../Engine/Content/EngineMaterials/Substrate/Glints2/dict_0007_0241.uasset" 11406
"../../../Engine/Content/EngineMaterials/Substrate/Glints2/dict_0007_0244.uasset" 11407
"../../../Engine/Content/EngineMaterials/Substrate/Glints2/dict_0007_0248.uasset" 11408
"../../../Engine/Content/EngineMaterials/Substrate/Glints2/dict_0007_0250.uasset" 11409
"../../../Engine/Content/EngineMaterials/Substrate/Glints2/dict_0007_0246.uasset" 11410
"../../../Engine/Content/EngineMaterials/Substrate/Glints2/dict_0007_0247.uasset" 11411
"../../../Engine/Content/EngineMaterials/Substrate/Glints2/dict_0007_0253.uasset" 11412
"../../../Engine/Content/EngineMaterials/Substrate/Glints2/dict_0007_0243.uasset" 11413
"../../../Engine/Content/EngineMaterials/Substrate/Glints2/dict_0007_0249.uasset" 11414
"/Engine/EngineMaterials/Substrate/Glints2/dict_0007_0244" 11415
"/Engine/EngineMaterials/Substrate/Glints2/dict_0007_0243" 11416
"/Engine/EngineMaterials/Substrate/Glints2/dict_0007_0253" 11417
"/Engine/EngineMaterials/Substrate/Glints2/dict_0007_0242" 11418
"/Engine/EngineMaterials/Substrate/Glints2/dict_0007_0241" 11419
"/Engine/EngineMaterials/Substrate/Glints2/dict_0007_0250" 11420
"../../../Engine/Content/EngineMaterials/Substrate/Glints2/dict_0007_0251.uasset" 11421
"/Engine/EngineMaterials/Substrate/Glints2/dict_0007_0249" 11422
"/Engine/EngineMaterials/Substrate/Glints2/dict_0007_0248" 11423
"/Engine/EngineMaterials/Substrate/Glints2/dict_0007_0247" 11424
"/Engine/EngineMaterials/Substrate/Glints2/dict_0007_0246" 11425
"/Engine/EngineMaterials/Substrate/Glints2/dict_0007_0245" 11426
"/Engine/EngineMaterials/Substrate/Glints2/dict_0007_0251" 11427
"../../../Engine/Content/EngineMaterials/Substrate/Glints2/dict_0007_0252.uasset" 11428
"../../../Engine/Content/EngineMaterials/Substrate/Glints2/dict_0007_0254.uasset" 11429
"../../../Engine/Content/EngineMaterials/Substrate/Glints2/dict_0007_0255.uasset" 11430
"../../../Engine/Content/EngineMaterials/Substrate/Volume/SubstrateSimpleVolumeLUT2D.uasset" 11431
"../../../Engine/Content/MobileResources/HUD/VirtualJoystick_Thumb.uasset" 11432
"../../../Engine/Content/EngineMaterials/Substrate/Glints2/AGlintTex2dArray2.uasset" 11433
"../../../Engine/Content/EngineMaterials/Substrate/Volume/SubstrateSimpleVolumeEnvLUT2D.uasset" 11434
"../../../Engine/Content/EngineMaterials/Substrate/Volume/SubstrateSimpleVolumeLUT3D.uasset" 11435
"../../../Engine/Content/EngineMaterials/DefaultCalibrationColor.uasset" 11436
"../../../Engine/Content/MobileResources/HUD/VirtualJoystick_Background.uasset" 11437
"../../../Engine/Content/MobileResources/HUD/DefaultVirtualJoysticks.uasset" 11438
"/Engine/EngineMaterials/Substrate/Glints2/dict_0007_0255" 11439
"../../../Engine/Content/EngineMaterials/Substrate/Volume/SubstrateSimpleVolumeEnvLUT3D.uasset" 11440
"/Engine/EngineMaterials/Substrate/Glints2/dict_0007_0254" 11441
"/Engine/EngineMaterials/Substrate/Glints2/dict_0007_0252" 11442
"/Engine/EngineMaterials/DefaultCalibrationColor" 11443
"/Engine/MobileResources/HUD/DefaultVirtualJoysticks" 11444
"../../../Engine/Content/EngineMaterials/PPM_DefaultCalibrationColor.uasset" 11445
"/Engine/EngineMaterials/Substrate/Volume/SubstrateSimpleVolumeLUT3D" 11446
"/Engine/EngineMaterials/Substrate/Glints2/AGlintTex2dArray2" 11447
"../../../Engine/Content/Functions/MaterialLayerFunctions/MatLayerBlend_OverrideOpacity.uasset" 11448
"../../../Engine/Content/EngineMaterials/PPM_DefaultCalibrationGrayscale.uasset" 11449
"../../../Engine/Content/EngineMaterials/DefaultCalibrationGrayscale.uasset" 11450
"../../../Engine/Plugins/Interchange/Assets/Content/Functions/MX_Displacement.uasset" 11451
"../../../Engine/Plugins/NNE/NNEDenoiser/Content/NNEDIM_HighQuality_Default.uasset" 11452
"../../../Engine/Plugins/NNE/NNEDenoiser/Content/NNEDIM_HighQuality_Alpha.uasset" 11453
"../../../Engine/Plugins/NNE/NNEDenoiser/Content/NNEDIM_ColorAlbedoNormal_Alpha.uasset" 11454
"../../../Engine/Plugins/NNE/NNEDenoiser/Content/NNEDIM_ColorAlbedoNormal_Default.uasset" 11455
"../../../Engine/Plugins/NNE/NNEDenoiser/Content/NNEDOM_Output_Alpha.uasset" 11456
"../../../Engine/Plugins/Interchange/Assets/Content/Functions/MX_Surface.uasset" 11457
"../../../Engine/Plugins/NNE/NNEDenoiser/Content/NNEDTIM_ColorAlbedoNormal_Alpha.uasset" 11458
"../../../Engine/Content/Functions/Engine_MaterialFunctions03/Procedurals/HeightToNormalSmooth.uasset" 11459
"../../../Engine/Plugins/NNE/NNEDenoiser/Content/NNEDOM_Output_Default.uasset" 11460
"../../../Engine/Plugins/NNE/NNEDenoiser/Content/NNEDTIM_ColorAlbedoNormal_Default.uasset" 11461
"../../../Engine/Plugins/NNE/NNEDenoiser/Content/NNEDTOM_Output_Default.uasset" 11462
"../../../Engine/Plugins/NNE/NNEDenoiser/Content/NNEDTOM_Output_Alpha.uasset" 11463
"/Engine/EngineMaterials/Substrate/Volume/SubstrateSimpleVolumeEnvLUT2D" 11464
"/NNEDenoiser/NNEDTOM_Output_Default" 11465
"/InterchangeAssets/Functions/MX_Displacement" 11466
"/NNEDenoiser/NNEDTOM_Output_Alpha" 11467
"/InterchangeAssets/Functions/MX_Surface" 11468
"../../../Engine/Plugins/NNE/NNEDenoiser/Content/NNED_Oidn2-3_Balanced.uasset" 11469
"../../../Engine/Plugins/NNE/NNEDenoiser/Content/NNEDT_Oidn2-3_Balanced.uasset" 11470
"/NNEDenoiser/NNEDTIM_ColorAlbedoNormal_Default" 11471
"/NNEDenoiser/NNEDIM_ColorAlbedoNormal_Alpha" 11472
"/NNEDenoiser/NNEDTIM_ColorAlbedoNormal_Alpha" 11473
"/Engine/EngineMaterials/PPM_DefaultCalibrationGrayscale" 11474
"/NNEDenoiser/NNEDOM_Output_Default" 11475
"../../../Engine/Plugins/NNE/NNEDenoiser/Content/NNEDT_Oidn2-3_Balanced_Alpha.uasset" 11476
"/Engine/EngineMaterials/PPM_DefaultCalibrationColor" 11477
"/Engine/EngineMaterials/Substrate/Volume/SubstrateSimpleVolumeEnvLUT3D" 11478
"/NNEDenoiser/NNEDOM_Output_Alpha" 11479
"/NNEDenoiser/NNEDIM_HighQuality_Default" 11480
"/NNEDenoiser/NNEDIM_HighQuality_Alpha" 11481
"/NNEDenoiser/NNEDIM_ColorAlbedoNormal_Default" 11482
"../../../Engine/Content/EditorResources/BSPVertex.uasset" 11483
"../../../Engine/Content/EngineMaterials/DefaultBloomKernel.uasset" 11484
"/NNEDenoiser/NNEDT_Oidn2-3_Balanced_Alpha" 11485
"/NNEDenoiser/NNEDT_Oidn2-3_Balanced" 11486
"/NNEDenoiser/NNED_Oidn2-3_Balanced" 11487
"/Engine/EngineMaterials/DefaultBloomKernel" 11488
"/Engine/EditorResources/BSPVertex" 11489
"../../../Engine/Plugins/NNE/NNEDenoiser/Content/NNE_oidn2-3-0_rt_hdr_calb_cnrm_large__dyn__fp16_opset11_DenoiseAlpha.uasset" 11490
"../../../Engine/Plugins/NNE/NNEDenoiser/Content/NNED_Oidn2-3_HighQuality_Alpha.uasset" 11491
"../../../Engine/Content/EngineDebugMaterials/DebugEditorMaterial.uasset" 11492
"../../../Engine/Content/EngineMaterials/FastBlueNoise_scalar_128x128x64.uasset" 11493
"../../../Engine/Content/EngineMaterials/FastBlueNoise_vec2_128x128x64.uasset" 11494
"/NNEDenoiser/NNE_oidn2-3-0_rt_hdr_calb_cnrm_large__dyn__fp16_opset11_DenoiseAlpha" 11495
"../../../Engine/Plugins/NNE/NNEDenoiser/Content/NNE_oidn2-3-0_rt_hdr_alb_nrm__dyn__fp16_opset11_ForwardAlpha.uasset" 11496
"../../../Engine/Plugins/NNE/NNEDenoiser/Content/NNED_Oidn2-3_Fast_Alpha.uasset" 11497
"../../../Engine/Content/EngineSounds/Master.uasset" 11498
"../../../Engine/Plugins/NNE/NNEDenoiser/Content/NNED_Oidn2-3_Balanced_Alpha.uasset" 11499
"../../../Engine/Plugins/NNE/NNEDenoiser/Content/NNE_oidn2-3-0_rt_hdr_alb_nrm__dyn__fp16_opset11_DenoiseAlpha.uasset" 11500
"../../../Engine/Plugins/NNE/NNEDenoiser/Content/NNE_oidn2-3-0_rt_hdr_alb_nrm_small__dyn__fp16_opset11_ForwardAlpha.uasset" 11501
"../../../Engine/Plugins/NNE/NNEDenoiser/Content/NNE_oidn2-3-0_rt_hdr_alb_nrm_small__dyn__fp16_opset11_DenoiseAlpha.uasset" 11502
"../../../Engine/Plugins/NNE/NNEDenoiser/Content/NNED_Oidn2-3_HighQuality.uasset" 11503
"../../../Engine/Plugins/NNE/NNEDenoiser/Content/NNED_Oidn2-3_Fast.uasset" 11504
"../../../Engine/Plugins/NNE/NNEDenoiser/Content/NNE_oidn2-3-0_rt_hdr_calb_cnrm_large__dyn__fp16_opset11_ForwardAlpha.uasset" 11505
"../../../Engine/Content/EngineResources/Development/ZenLogo_64.uasset" 11506
"../../../Engine/Content/EngineResources/FilmGrains/Marcie_Grain_v3_128_M2_000.uasset" 11507
"/Engine/EngineMaterials/FastBlueNoise_scalar_128x128x64" 11508
"/NNEDenoiser/NNED_Oidn2-3_HighQuality_Alpha" 11509
"/Engine/EngineDebugMaterials/DebugEditorMaterial" 11510
"/NNEDenoiser/NNE_oidn2-3-0_rt_hdr_calb_cnrm_large__dyn__fp16_opset11_ForwardAlpha" 11511
"../../../Engine/Content/EngineMaterials/EnergyConservation/Sheen_Energy.uasset" 11512
"../../../Engine/Plugins/Interchange/Runtime/Content/Pipelines/DefaultMaterialXPipeline.uasset" 11513
"../../../Engine/Content/EngineMaterials/FastBlueNoise_scalar_128x128x8.uasset" 11514
"../../../Engine/Plugins/Interchange/Runtime/Content/Pipelines/DefaultSceneLevelPipeline.uasset" 11515
"../../../Engine/Content/EngineMaterials/LTC/Sheen_LTC.uasset" 11516
"../../../Engine/Plugins/Interchange/Runtime/Content/Pipelines/DefaultMaterialPipeline.uasset" 11517
"../../../Engine/Plugins/Interchange/Runtime/Content/Pipelines/DefaultTexturePipeline.uasset" 11518
"../../../Engine/Content/EngineMaterials/EnergyConservation/Diffuse_Energy.uasset" 11519
"../../../Engine/Plugins/Interchange/Runtime/Content/Pipelines/DefaultGLTFAssetsPipeline.uasset" 11520
"../../../Engine/Plugins/Interchange/Runtime/Content/Pipelines/DefaultAssetsPipeline.uasset" 11521
"../../../Engine/Plugins/Interchange/Runtime/Content/Pipelines/DefaultGLTFPipeline.uasset" 11522
"/NNEDenoiser/NNE_oidn2-3-0_rt_hdr_alb_nrm__dyn__fp16_opset11_ForwardAlpha" 11523
"../../../Engine/Plugins/Interchange/Assets/Content/Functions/MX_SurfaceUnlit.uasset" 11524
"/Engine/EngineSounds/Master" 11525
"/Engine/EngineMaterials/FastBlueNoise_vec2_128x128x64" 11526
"/NNEDenoiser/NNE_oidn2-3-0_rt_hdr_alb_nrm__dyn__fp16_opset11_DenoiseAlpha" 11527
"/NNEDenoiser/NNE_oidn2-3-0_rt_hdr_alb_nrm_small__dyn__fp16_opset11_ForwardAlpha" 11528
"/NNEDenoiser/NNE_oidn2-3-0_rt_hdr_alb_nrm_small__dyn__fp16_opset11_DenoiseAlpha" 11529
"/NNEDenoiser/NNED_Oidn2-3_HighQuality" 11530
"/NNEDenoiser/NNED_Oidn2-3_Fast_Alpha" 11531
"/Engine/EngineResources/Development/ZenLogo_64" 11532
"/NNEDenoiser/NNED_Oidn2-3_Fast" 11533
"/Engine/EngineResources/FilmGrains/Marcie_Grain_v3_128_M2_000" 11534
"../../../Engine/Plugins/Interchange/Runtime/Content/Pipelines/DefaultSceneAssetsPipeline.uasset" 11535
"../../../Engine/Plugins/Interchange/Assets/Content/Functions/MX_BurleyDiffuseBSDF.uasset" 11536
"../../../Engine/Plugins/Interchange/Assets/Content/Functions/MX_OrenNayarBSDF.uasset" 11537
"../../../Engine/Plugins/Interchange/Assets/Content/Functions/MX_TranslucentBSDF.uasset" 11538
"../../../Engine/Plugins/Interchange/Runtime/Content/Pipelines/DefaultGLTFSceneAssetsPipeline.uasset" 11539
"../../../Engine/Plugins/Interchange/Assets/Content/Functions/MX_DielectricBSDF.uasset" 11540
"../../../Engine/Plugins/Interchange/Assets/Content/Functions/MX_UsdPreviewSurface.uasset" 11541
"D:/Pliki program?w (x86)/hooy/ProjectMegaSample/ProjectMegaSample/DerivedDataCache/VT/TEXTURE_7C16439390E24F1F9468894FB4D4BC55_VTCHUNK44B429B40BB45A070EB17C1259C28734996A2F49" 11542
"D:/Pliki program?w (x86)/hooy/ProjectMegaSample/ProjectMegaSample/DerivedDataCache/VT/TEXTURE_7C16439390E24F1F9468894FB4D4BC55_VTCHUNK967C747FFC357A828288FA05D93CD5DCECDA891B" 11543
"D:/Pliki program?w (x86)/hooy/ProjectMegaSample/ProjectMegaSample/DerivedDataCache/VT/TEXTURE_7C16439390E24F1F9468894FB4D4BC55_VTCHUNK2A5F9F60441DA258D18B46D59C64D5BAD50E8EE3" 11544
"D:/Pliki program?w (x86)/hooy/ProjectMegaSample/ProjectMegaSample/DerivedDataCache/VT/TEXTURE_7C16439390E24F1F9468894FB4D4BC55_VTCHUNKC0393DE8C5B4673D99D1BECB92AA8C1F72FEB491" 11545
"D:/Pliki program?w (x86)/hooy/ProjectMegaSample/ProjectMegaSample/DerivedDataCache/VT/TEXTURE_7C16439390E24F1F9468894FB4D4BC55_VTCHUNK02D4C3BCAD7DFA48AB32B8281FB06B8B83DB6275" 11546
"D:/Pliki program?w (x86)/hooy/ProjectMegaSample/ProjectMegaSample/Intermediate/ORTOptimizerPass_Optimized8BA54D2D4079D0A6C526309DCBAAC20A.onnx" 11547
"D:/Pliki program?w (x86)/hooy/ProjectMegaSample/ProjectMegaSample/Intermediate/ORTOptimizerPass_OptimizedD241ED9B477E59113AE792994A205829.onnx" 11548
"D:/Pliki program?w (x86)/hooy/ProjectMegaSample/ProjectMegaSample/Intermediate/ORTOptimizerPass_Optimized36A16B704886A5D36CB0F991258F00A3.onnx" 11549
"D:/Pliki program?w (x86)/hooy/ProjectMegaSample/ProjectMegaSample/Intermediate/ORTOptimizerPass_Optimized2FD9FFAF447457CAA614298049B10C3A.onnx" 11550
"D:/Pliki program?w (x86)/hooy/ProjectMegaSample/ProjectMegaSample/Intermediate/ORTOptimizerPass_Optimized12EA19AA4E12874E4AB37C9B2EAA303B.onnx" 11551
"D:/Pliki program?w (x86)/hooy/ProjectMegaSample/ProjectMegaSample/Intermediate/ORTOptimizerPass_Optimized38608EC546D26C70B84797812A6B9BC4.onnx" 11552
"D:/Pliki program?w (x86)/hooy/ProjectMegaSample/ProjectMegaSample/Intermediate/ORTOptimizerPass_Optimized5F43C49B4B993F273DE5C29A10B98542.onnx" 11553
"D:/Pliki program?w (x86)/hooy/ProjectMegaSample/ProjectMegaSample/Intermediate/ORTOptimizerPass_Optimized517779A346FB35A29E9CD1AC4FF785A3.onnx" 11554
"D:/Pliki program?w (x86)/hooy/ProjectMegaSample/ProjectMegaSample/Intermediate/ORTOptimizerPass_Optimized9CC071CE4CA18CF3B9DF23ABA6FE7DF3.onnx" 11555
"D:/Pliki program?w (x86)/hooy/ProjectMegaSample/ProjectMegaSample/Intermediate/ORTOptimizerPass_Optimized8A8E88D748EA8A6746B9898DF21F4B61.onnx" 11556
"D:/Pliki program?w (x86)/hooy/ProjectMegaSample/ProjectMegaSample/Intermediate/ORTOptimizerPass_Optimized45ECF32F449443A29A7C448892D466D2.onnx" 11557
"D:/Pliki program?w (x86)/hooy/ProjectMegaSample/ProjectMegaSample/Intermediate/ORTOptimizerPass_OptimizedA3C7D7314C928397BE4BC08E540F540B.onnx" 11558
"/NNEDenoiser/NNED_Oidn2-3_Balanced_Alpha" 11559
"/InterchangeAssets/Functions/MX_UsdPreviewSurface" 11560
"/InterchangeAssets/Functions/MX_DielectricBSDF" 11561
"/InterchangeAssets/Functions/MX_SurfaceUnlit" 11562
"/Interchange/Pipelines/DefaultTexturePipeline" 11563
"/Interchange/Pipelines/DefaultMaterialPipeline" 11564
"/Interchange/Pipelines/DefaultGLTFPipeline" 11565
"/Interchange/Pipelines/DefaultGLTFAssetsPipeline" 11566
"/Interchange/Pipelines/DefaultGLTFSceneAssetsPipeline" 11567
"/Interchange/Pipelines/DefaultMaterialXPipeline" 11568
"/Interchange/Pipelines/DefaultAssetsPipeline" 11569
"/Engine/EngineMaterials/EnergyConservation/Diffuse_Energy" 11570
"/Engine/EngineMaterials/EnergyConservation/Sheen_Energy" 11571
"/Engine/EngineMaterials/LTC/Sheen_LTC" 11572
"/Engine/EngineMaterials/FastBlueNoise_scalar_128x128x8" 11573
"/InterchangeAssets/Functions/MX_TranslucentBSDF" 11574
"../../../Engine/Plugins/Interchange/Assets/Content/Functions/MX_SheenBSDF.uasset" 11575
"../../../Engine/Plugins/Interchange/Assets/Content/Functions/MX_ConicalEDF.uasset" 11576
"../../../Engine/Plugins/Interchange/Assets/Content/Functions/MX_ThinFilmBSDF.uasset" 11577
"/InterchangeAssets/Functions/MX_BurleyDiffuseBSDF" 11578
"/InterchangeAssets/Functions/MX_OrenNayarBSDF" 11579
"/Interchange/Pipelines/DefaultSceneLevelPipeline" 11580
"/Interchange/Pipelines/DefaultSceneAssetsPipeline" 11581
"/InterchangeAssets/Functions/MX_ConicalEDF" 11582
"/InterchangeAssets/Functions/MX_ThinFilmBSDF" 11583
"../../../Engine/Plugins/Interchange/Assets/Content/Functions/MX_GeneralizedSchlickBSDF.uasset" 11584
"/InterchangeAssets/Functions/MX_SheenBSDF" 11585
"../../../Engine/Plugins/Interchange/Assets/Content/Functions/MX_AbsorptionVDF.uasset" 11586
"../../../Engine/Plugins/Interchange/Assets/Content/Functions/MX_UniformEDF.uasset" 11587
"../../../Engine/Plugins/Interchange/Assets/Content/Functions/MX_ConductorBSDF.uasset" 11588
"../../../Engine/Plugins/Animation/ControlRig/Content/Controls/ControlRigGizmoMaterial.uasset" 11589
"../../../Engine/Plugins/Interchange/Assets/Content/Functions/MX_SubsurfaceBSDF.uasset" 11590
"../../../Engine/Plugins/Interchange/Assets/Content/Functions/MX_MeasuredEDF.uasset" 11591
"/ControlRig/Controls/ControlRigGizmoMaterial" 11592
"../../../Engine/Plugins/Interchange/Assets/Content/Functions/MX_AnisotropicVDF.uasset" 11593
"/InterchangeAssets/Functions/MX_AbsorptionVDF" 11594
"/InterchangeAssets/Functions/MX_MeasuredEDF" 11595
"/InterchangeAssets/Functions/MX_UniformEDF" 11596
"/InterchangeAssets/Functions/MX_SubsurfaceBSDF" 11597
"/InterchangeAssets/Functions/MX_GeneralizedSchlickBSDF" 11598
"/InterchangeAssets/Functions/MX_ConductorBSDF" 11599
"/InterchangeAssets/Functions/MX_AnisotropicVDF" 11600
"C:/Users/Mateusz/AppData/Local/Temp/UnrealShaderWorkingDir/7D7709CA4E18F6A64777ABB7B60AD273/1/WorkerOutputOnly.out" 11601
"D:/Pliki program?w (x86)/hooy/ProjectMegaSample/ProjectMegaSample/Saved/Cooked/Windows/ProjectMegaSample/Metadata/CookedSettings.txt" 11602
